2025-05-03 21:08:55 [33mWARNING[0m -> [app/tickers/tickers_handler.py.tickers_handler.download_data.59]:                                    TICKER HANDLER Data is older than threshold: 1 days 01:08:55.849575
2025-05-03 21:08:55 [33mWARNING[0m -> [app/dataset/dataset_creator.py.dataset_creator.create_dataset.185]:                                  Ticker APPF has no data or not enough data for window size 1000.
2025-05-03 21:08:55 [31mERROR[0m -> [app/analysis/analysis.py.analysis.analyze.88]:                                                         ANALYZE => (scan) Dataset is None for ticker: APPF
2025-05-03 21:08:56 [33mWARNING[0m -> [app/tickers/tickers_handler.py.tickers_handler.download_data.59]:                                    TICKER HANDLER Data is older than threshold: 1 days 01:08:56.573946
2025-05-03 21:08:56 [33mWARNING[0m -> [app/dataset/dataset_creator.py.dataset_creator.create_dataset.185]:                                  Ticker MELI has no data or not enough data for window size 1000.
2025-05-03 21:08:56 [31mERROR[0m -> [app/analysis/analysis.py.analysis.analyze.88]:                                                         ANALYZE => (scan) Dataset is None for ticker: MELI
2025-05-03 21:09:01 [33mWARNING[0m -> [app/tickers/tickers_handler.py.tickers_handler.download_data.59]:                                    TICKER HANDLER Data is older than threshold: 0 days 22:09:01.244241
2025-05-03 21:09:01 [33mWARNING[0m -> [app/dataset/dataset_creator.py.dataset_creator.create_dataset.185]:                                  Ticker RIO has no data or not enough data for window size 1000.
2025-05-03 21:09:01 [31mERROR[0m -> [app/analysis/analysis.py.analysis.analyze.88]:                                                         ANALYZE => (scan) Dataset is None for ticker: RIO
2025-05-03 21:09:04 [33mWARNING[0m -> [app/tickers/tickers_handler.py.tickers_handler.download_data.59]:                                    TICKER HANDLER Data is older than threshold: 1 days 01:09:04.660778
2025-05-03 21:09:04 [33mWARNING[0m -> [app/dataset/dataset_creator.py.dataset_creator.create_dataset.185]:                                  Ticker GPI has no data or not enough data for window size 1000.
2025-05-03 21:09:04 [31mERROR[0m -> [app/analysis/analysis.py.analysis.analyze.88]:                                                         ANALYZE => (scan) Dataset is None for ticker: GPI
2025-05-03 21:09:05 [33mWARNING[0m -> [app/tickers/tickers_handler.py.tickers_handler.download_data.59]:                                    TICKER HANDLER Data is older than threshold: 1 days 01:09:05.261196
2025-05-03 21:09:05 [33mWARNING[0m -> [app/dataset/dataset_creator.py.dataset_creator.create_dataset.185]:                                  Ticker TEO has no data or not enough data for window size 1000.
2025-05-03 21:09:05 [31mERROR[0m -> [app/analysis/analysis.py.analysis.analyze.88]:                                                         ANALYZE => (scan) Dataset is None for ticker: TEO
2025-05-03 21:09:09 [33mWARNING[0m -> [app/tickers/tickers_handler.py.tickers_handler.download_data.59]:                                    TICKER HANDLER Data is older than threshold: 0 days 22:09:09.582339
2025-05-03 21:09:09 [33mWARNING[0m -> [app/dataset/dataset_creator.py.dataset_creator.create_dataset.185]:                                  Ticker SAND has no data or not enough data for window size 1000.
2025-05-03 21:09:09 [31mERROR[0m -> [app/analysis/analysis.py.analysis.analyze.88]:                                                         ANALYZE => (scan) Dataset is None for ticker: SAND
2025-05-03 21:09:13 [33mWARNING[0m -> [app/tickers/tickers_handler.py.tickers_handler.download_data.59]:                                    TICKER HANDLER Data is older than threshold: 1 days 01:09:13.801238
2025-05-03 21:09:13 [33mWARNING[0m -> [app/dataset/dataset_creator.py.dataset_creator.create_dataset.185]:                                  Ticker LZ has no data or not enough data for window size 1000.
2025-05-03 21:09:13 [31mERROR[0m -> [app/analysis/analysis.py.analysis.analyze.88]:                                                         ANALYZE => (scan) Dataset is None for ticker: LZ
2025-05-03 21:09:13 [33mWARNING[0m -> [app/tickers/tickers_handler.py.tickers_handler.download_data.59]:                                    TICKER HANDLER Data is older than threshold: 1 days 02:09:13.861258
2025-05-03 21:09:13 [33mWARNING[0m -> [app/dataset/dataset_creator.py.dataset_creator.create_dataset.185]:                                  Ticker ALF has no data or not enough data for window size 1000.
2025-05-03 21:09:13 [31mERROR[0m -> [app/analysis/analysis.py.analysis.analyze.88]:                                                         ANALYZE => (scan) Dataset is None for ticker: ALF
2025-05-03 21:09:17 [33mWARNING[0m -> [app/tickers/tickers_handler.py.tickers_handler.download_data.59]:                                    TICKER HANDLER Data is older than threshold: 1 days 01:09:17.855868
2025-05-03 21:09:17 [33mWARNING[0m -> [app/dataset/dataset_creator.py.dataset_creator.create_dataset.185]:                                  Ticker LHX has no data or not enough data for window size 1000.
2025-05-03 21:09:17 [31mERROR[0m -> [app/analysis/analysis.py.analysis.analyze.88]:                                                         ANALYZE => (scan) Dataset is None for ticker: LHX
2025-05-03 21:09:20 [92mINFO[0m -> [app/alpaca/alpaca_handler.py.alpaca_handler.get_positions.263]:                                         ALPACA =>Fetching positions.
2025-05-03 21:09:20 [92mINFO[0m -> [app/trader/trader.py.trader.monitor_positions.153]:                                                     TRADER => BLDP drawdown = -1.57% (vs high 1.27)
2025-05-03 21:09:24 [33mWARNING[0m -> [app/tickers/tickers_handler.py.tickers_handler.download_data.59]:                                    TICKER HANDLER Data is older than threshold: 0 days 22:09:24.909573
2025-05-03 21:09:24 [33mWARNING[0m -> [app/dataset/dataset_creator.py.dataset_creator.create_dataset.185]:                                  Ticker BLDP has no data or not enough data for window size 1000.
2025-05-03 21:09:24 [31mERROR[0m -> [app/analysis/analysis.py.analysis.analyze.88]:                                                         ANALYZE => (monitor) Dataset is None for ticker: BLDP
2025-05-03 21:09:24 [92mINFO[0m -> [app/trader/trader.py.trader.monitor_positions.153]:                                                     TRADER => CTOS drawdown = 0.00% (vs high 4.10)
2025-05-03 21:09:25 [33mWARNING[0m -> [app/tickers/tickers_handler.py.tickers_handler.download_data.59]:                                    TICKER HANDLER Data is older than threshold: 0 days 22:09:25.339531
2025-05-03 21:09:25 [33mWARNING[0m -> [app/dataset/dataset_creator.py.dataset_creator.create_dataset.185]:                                  Ticker PCT has no data or not enough data for window size 1000.
2025-05-03 21:09:25 [31mERROR[0m -> [app/analysis/analysis.py.analysis.analyze.88]:                                                         ANALYZE => (scan) Dataset is None for ticker: PCT
2025-05-03 21:09:28 [33mWARNING[0m -> [app/tickers/tickers_handler.py.tickers_handler.download_data.59]:                                    TICKER HANDLER Data is older than threshold: 1 days 01:09:28.977560
2025-05-03 21:09:28 [33mWARNING[0m -> [app/dataset/dataset_creator.py.dataset_creator.create_dataset.185]:                                  Ticker CTOS has no data or not enough data for window size 1000.
2025-05-03 21:09:28 [31mERROR[0m -> [app/analysis/analysis.py.analysis.analyze.88]:                                                         ANALYZE => (monitor) Dataset is None for ticker: CTOS
2025-05-03 21:09:28 [92mINFO[0m -> [app/trader/trader.py.trader.monitor_positions.153]:                                                     TRADER => EGY drawdown = -0.29% (vs high 3.39)
2025-05-03 21:09:32 [33mWARNING[0m -> [app/tickers/tickers_handler.py.tickers_handler.download_data.59]:                                    TICKER HANDLER Data is older than threshold: 0 days 22:09:32.563486
2025-05-03 21:09:32 [33mWARNING[0m -> [app/dataset/dataset_creator.py.dataset_creator.create_dataset.185]:                                  Ticker SPOT has no data or not enough data for window size 1000.
2025-05-03 21:09:32 [31mERROR[0m -> [app/analysis/analysis.py.analysis.analyze.88]:                                                         ANALYZE => (scan) Dataset is None for ticker: SPOT
2025-05-03 21:09:36 [33mWARNING[0m -> [app/tickers/tickers_handler.py.tickers_handler.download_data.59]:                                    TICKER HANDLER Data is older than threshold: 1 days 01:09:36.161496
2025-05-03 21:09:36 [33mWARNING[0m -> [app/dataset/dataset_creator.py.dataset_creator.create_dataset.185]:                                  Ticker FOR has no data or not enough data for window size 1000.
2025-05-03 21:09:36 [31mERROR[0m -> [app/analysis/analysis.py.analysis.analyze.88]:                                                         ANALYZE => (scan) Dataset is None for ticker: FOR
2025-05-03 21:09:39 [33mWARNING[0m -> [app/tickers/tickers_handler.py.tickers_handler.download_data.59]:                                    TICKER HANDLER Data is older than threshold: 1 days 01:09:39.333329
2025-05-03 21:09:39 [33mWARNING[0m -> [app/dataset/dataset_creator.py.dataset_creator.create_dataset.185]:                                  Ticker EGY has no data or not enough data for window size 1000.
2025-05-03 21:09:39 [31mERROR[0m -> [app/analysis/analysis.py.analysis.analyze.88]:                                                         ANALYZE => (monitor) Dataset is None for ticker: EGY
2025-05-03 21:09:39 [92mINFO[0m -> [app/trader/trader.py.trader.monitor_positions.153]:                                                     TRADER => HROW drawdown = -0.40% (vs high 25.94)
2025-05-03 21:09:42 [33mWARNING[0m -> [app/tickers/tickers_handler.py.tickers_handler.download_data.59]:                                    TICKER HANDLER Data is older than threshold: 1 days 01:09:42.862228
2025-05-03 21:09:42 [33mWARNING[0m -> [app/dataset/dataset_creator.py.dataset_creator.create_dataset.185]:                                  Ticker IT has no data or not enough data for window size 1000.
2025-05-03 21:09:42 [31mERROR[0m -> [app/analysis/analysis.py.analysis.analyze.88]:                                                         ANALYZE => (scan) Dataset is None for ticker: IT
2025-05-03 21:09:43 [33mWARNING[0m -> [app/tickers/tickers_handler.py.tickers_handler.download_data.59]:                                    TICKER HANDLER Data is older than threshold: 1 days 00:09:43.112378
2025-05-03 21:09:43 [33mWARNING[0m -> [app/dataset/dataset_creator.py.dataset_creator.create_dataset.185]:                                  Ticker HROW has no data or not enough data for window size 1000.
2025-05-03 21:09:43 [31mERROR[0m -> [app/analysis/analysis.py.analysis.analyze.88]:                                                         ANALYZE => (monitor) Dataset is None for ticker: HROW
2025-05-03 21:09:46 [33mWARNING[0m -> [app/tickers/tickers_handler.py.tickers_handler.download_data.59]:                                    TICKER HANDLER Data is older than threshold: 0 days 23:09:46.832235
2025-05-03 21:09:46 [33mWARNING[0m -> [app/dataset/dataset_creator.py.dataset_creator.create_dataset.185]:                                  Ticker NWBI has no data or not enough data for window size 1000.
2025-05-03 21:09:46 [31mERROR[0m -> [app/analysis/analysis.py.analysis.analyze.88]:                                                         ANALYZE => (scan) Dataset is None for ticker: NWBI
2025-05-03 21:09:51 [33mWARNING[0m -> [app/tickers/tickers_handler.py.tickers_handler.download_data.59]:                                    TICKER HANDLER Data is older than threshold: 0 days 22:09:51.019438
2025-05-03 21:09:51 [33mWARNING[0m -> [app/dataset/dataset_creator.py.dataset_creator.create_dataset.185]:                                  Ticker NOW has no data or not enough data for window size 1000.
2025-05-03 21:09:51 [31mERROR[0m -> [app/analysis/analysis.py.analysis.analyze.88]:                                                         ANALYZE => (scan) Dataset is None for ticker: NOW
2025-05-03 21:09:51 [33mWARNING[0m -> [app/tickers/tickers_handler.py.tickers_handler.download_data.59]:                                    TICKER HANDLER Data is older than threshold: 1 days 01:09:51.799968
2025-05-03 21:09:51 [33mWARNING[0m -> [app/dataset/dataset_creator.py.dataset_creator.create_dataset.185]:                                  Ticker KTB has no data or not enough data for window size 1000.
2025-05-03 21:09:51 [31mERROR[0m -> [app/analysis/analysis.py.analysis.analyze.88]:                                                         ANALYZE => (scan) Dataset is None for ticker: KTB
2025-05-03 21:09:52 [33mWARNING[0m -> [app/tickers/tickers_handler.py.tickers_handler.download_data.59]:                                    TICKER HANDLER Data is older than threshold: 1 days 01:09:52.048520
2025-05-03 21:09:52 [33mWARNING[0m -> [app/dataset/dataset_creator.py.dataset_creator.create_dataset.185]:                                  Ticker BELFA has no data or not enough data for window size 1000.
2025-05-03 21:09:52 [31mERROR[0m -> [app/analysis/analysis.py.analysis.analyze.88]:                                                         ANALYZE => (scan) Dataset is None for ticker: BELFA
2025-05-03 21:09:56 [33mWARNING[0m -> [app/tickers/tickers_handler.py.tickers_handler.download_data.59]:                                    TICKER HANDLER Data is older than threshold: 0 days 22:09:56.335032
2025-05-03 21:09:56 [33mWARNING[0m -> [app/dataset/dataset_creator.py.dataset_creator.create_dataset.185]:                                  Ticker EBAY has no data or not enough data for window size 1000.
2025-05-03 21:09:56 [31mERROR[0m -> [app/analysis/analysis.py.analysis.analyze.88]:                                                         ANALYZE => (scan) Dataset is None for ticker: EBAY
2025-05-03 21:10:00 [33mWARNING[0m -> [app/tickers/tickers_handler.py.tickers_handler.download_data.59]:                                    TICKER HANDLER Data is older than threshold: 0 days 22:10:00.666196
2025-05-03 21:10:00 [33mWARNING[0m -> [app/dataset/dataset_creator.py.dataset_creator.create_dataset.185]:                                  Ticker HUMA has no data or not enough data for window size 1000.
2025-05-03 21:10:00 [31mERROR[0m -> [app/analysis/analysis.py.analysis.analyze.88]:                                                         ANALYZE => (scan) Dataset is None for ticker: HUMA
2025-05-03 21:10:04 [33mWARNING[0m -> [app/tickers/tickers_handler.py.tickers_handler.download_data.59]:                                    TICKER HANDLER Data is older than threshold: 0 days 23:10:04.820610
2025-05-03 21:10:04 [33mWARNING[0m -> [app/dataset/dataset_creator.py.dataset_creator.create_dataset.185]:                                  Ticker STT has no data or not enough data for window size 1000.
2025-05-03 21:10:04 [31mERROR[0m -> [app/analysis/analysis.py.analysis.analyze.88]:                                                         ANALYZE => (scan) Dataset is None for ticker: STT
2025-05-03 21:10:09 [33mWARNING[0m -> [app/tickers/tickers_handler.py.tickers_handler.download_data.59]:                                    TICKER HANDLER Data is older than threshold: 1 days 00:10:09.345787
2025-05-03 21:10:09 [33mWARNING[0m -> [app/dataset/dataset_creator.py.dataset_creator.create_dataset.185]:                                  Ticker STM has no data or not enough data for window size 1000.
2025-05-03 21:10:09 [31mERROR[0m -> [app/analysis/analysis.py.analysis.analyze.88]:                                                         ANALYZE => (scan) Dataset is None for ticker: STM
2025-05-03 21:10:13 [33mWARNING[0m -> [app/tickers/tickers_handler.py.tickers_handler.download_data.59]:                                    TICKER HANDLER Data is older than threshold: 1 days 01:10:13.562409
2025-05-03 21:10:13 [33mWARNING[0m -> [app/dataset/dataset_creator.py.dataset_creator.create_dataset.185]:                                  Ticker OKE has no data or not enough data for window size 1000.
2025-05-03 21:10:13 [31mERROR[0m -> [app/analysis/analysis.py.analysis.analyze.88]:                                                         ANALYZE => (scan) Dataset is None for ticker: OKE
2025-05-03 21:10:17 [33mWARNING[0m -> [app/tickers/tickers_handler.py.tickers_handler.download_data.59]:                                    TICKER HANDLER Data is older than threshold: 1 days 01:10:17.700407
2025-05-03 21:10:17 [33mWARNING[0m -> [app/dataset/dataset_creator.py.dataset_creator.create_dataset.185]:                                  Ticker EGHT has no data or not enough data for window size 1000.
2025-05-03 21:10:17 [31mERROR[0m -> [app/analysis/analysis.py.analysis.analyze.88]:                                                         ANALYZE => (scan) Dataset is None for ticker: EGHT
2025-05-03 21:10:17 [33mWARNING[0m -> [app/dataset/dataset_creator.py.dataset_creator.create_dataset.185]:                                  Ticker STOR has no data or not enough data for window size 1000.
2025-05-03 21:10:17 [31mERROR[0m -> [app/analysis/analysis.py.analysis.analyze.88]:                                                         ANALYZE => (scan) Dataset is None for ticker: STOR
2025-05-03 21:10:17 [33mWARNING[0m -> [app/tickers/tickers_handler.py.tickers_handler.download_data.59]:                                    TICKER HANDLER Data is older than threshold: 1 days 01:10:17.945561
2025-05-03 21:10:17 [33mWARNING[0m -> [app/dataset/dataset_creator.py.dataset_creator.create_dataset.185]:                                  Ticker NIC has no data or not enough data for window size 1000.
2025-05-03 21:10:17 [31mERROR[0m -> [app/analysis/analysis.py.analysis.analyze.88]:                                                         ANALYZE => (scan) Dataset is None for ticker: NIC
2025-05-03 21:10:21 [33mWARNING[0m -> [app/tickers/tickers_handler.py.tickers_handler.download_data.59]:                                    TICKER HANDLER Data is older than threshold: 1 days 01:10:21.470970
2025-05-03 21:10:21 [33mWARNING[0m -> [app/dataset/dataset_creator.py.dataset_creator.create_dataset.185]:                                  Ticker TDG has no data or not enough data for window size 1000.
2025-05-03 21:10:21 [31mERROR[0m -> [app/analysis/analysis.py.analysis.analyze.88]:                                                         ANALYZE => (scan) Dataset is None for ticker: TDG
2025-05-03 21:10:26 [33mWARNING[0m -> [app/tickers/tickers_handler.py.tickers_handler.download_data.59]:                                    TICKER HANDLER Data is older than threshold: 0 days 22:10:26.115603
2025-05-03 21:10:26 [33mWARNING[0m -> [app/dataset/dataset_creator.py.dataset_creator.create_dataset.185]:                                  Ticker ZETA has no data or not enough data for window size 1000.
2025-05-03 21:10:26 [31mERROR[0m -> [app/analysis/analysis.py.analysis.analyze.88]:                                                         ANALYZE => (scan) Dataset is None for ticker: ZETA
2025-05-03 21:10:30 [33mWARNING[0m -> [app/tickers/tickers_handler.py.tickers_handler.download_data.59]:                                    TICKER HANDLER Data is older than threshold: 1 days 01:10:30.194826
2025-05-03 21:10:30 [33mWARNING[0m -> [app/dataset/dataset_creator.py.dataset_creator.create_dataset.185]:                                  Ticker MOD has no data or not enough data for window size 1000.
2025-05-03 21:10:30 [31mERROR[0m -> [app/analysis/analysis.py.analysis.analyze.88]:                                                         ANALYZE => (scan) Dataset is None for ticker: MOD
2025-05-03 21:10:30 [33mWARNING[0m -> [app/tickers/tickers_handler.py.tickers_handler.download_data.59]:                                    TICKER HANDLER Data is older than threshold: 1 days 01:10:30.436835
2025-05-03 21:10:30 [33mWARNING[0m -> [app/dataset/dataset_creator.py.dataset_creator.create_dataset.185]:                                  Ticker SEG has no data or not enough data for window size 1000.
2025-05-03 21:10:30 [31mERROR[0m -> [app/analysis/analysis.py.analysis.analyze.88]:                                                         ANALYZE => (scan) Dataset is None for ticker: SEG
2025-05-03 21:10:34 [33mWARNING[0m -> [app/tickers/tickers_handler.py.tickers_handler.download_data.59]:                                    TICKER HANDLER Data is older than threshold: 0 days 22:10:34.823236
2025-05-03 21:10:34 [33mWARNING[0m -> [app/dataset/dataset_creator.py.dataset_creator.create_dataset.185]:                                  Ticker GERN has no data or not enough data for window size 1000.
2025-05-03 21:10:34 [31mERROR[0m -> [app/analysis/analysis.py.analysis.analyze.88]:                                                         ANALYZE => (scan) Dataset is None for ticker: GERN
2025-05-03 21:10:38 [33mWARNING[0m -> [app/tickers/tickers_handler.py.tickers_handler.download_data.59]:                                    TICKER HANDLER Data is older than threshold: 1 days 01:10:38.654247
2025-05-03 21:10:38 [33mWARNING[0m -> [app/dataset/dataset_creator.py.dataset_creator.create_dataset.185]:                                  Ticker STOK has no data or not enough data for window size 1000.
2025-05-03 21:10:38 [31mERROR[0m -> [app/analysis/analysis.py.analysis.analyze.88]:                                                         ANALYZE => (scan) Dataset is None for ticker: STOK
2025-05-03 21:10:42 [33mWARNING[0m -> [app/tickers/tickers_handler.py.tickers_handler.download_data.59]:                                    TICKER HANDLER Data is older than threshold: 0 days 22:10:42.917805
2025-05-03 21:10:42 [33mWARNING[0m -> [app/dataset/dataset_creator.py.dataset_creator.create_dataset.185]:                                  Ticker ALK has no data or not enough data for window size 1000.
2025-05-03 21:10:42 [31mERROR[0m -> [app/analysis/analysis.py.analysis.analyze.88]:                                                         ANALYZE => (scan) Dataset is None for ticker: ALK
2025-05-03 21:10:43 [92mINFO[0m -> [app/alpaca/alpaca_handler.py.alpaca_handler.get_positions.263]:                                         ALPACA =>Fetching positions.
2025-05-03 21:10:43 [92mINFO[0m -> [app/trader/trader.py.trader.monitor_positions.153]:                                                     TRADER => BLDP drawdown = -1.57% (vs high 1.27)
2025-05-03 21:10:50 [33mWARNING[0m -> [app/tickers/tickers_handler.py.tickers_handler.download_data.59]:                                    TICKER HANDLER Data is older than threshold: 0 days 22:10:50.299903
2025-05-03 21:10:50 [33mWARNING[0m -> [app/dataset/dataset_creator.py.dataset_creator.create_dataset.185]:                                  Ticker BLDP has no data or not enough data for window size 1000.
2025-05-03 21:10:50 [31mERROR[0m -> [app/analysis/analysis.py.analysis.analyze.88]:                                                         ANALYZE => (monitor) Dataset is None for ticker: BLDP
2025-05-03 21:10:50 [92mINFO[0m -> [app/trader/trader.py.trader.monitor_positions.153]:                                                     TRADER => CTOS drawdown = 0.00% (vs high 4.10)
2025-05-03 21:10:50 [33mWARNING[0m -> [app/tickers/tickers_handler.py.tickers_handler.download_data.59]:                                    TICKER HANDLER Data is older than threshold: 0 days 22:10:50.462418
2025-05-03 21:10:50 [33mWARNING[0m -> [app/dataset/dataset_creator.py.dataset_creator.create_dataset.185]:                                  Ticker NNOX has no data or not enough data for window size 1000.
2025-05-03 21:10:50 [31mERROR[0m -> [app/analysis/analysis.py.analysis.analyze.88]:                                                         ANALYZE => (scan) Dataset is None for ticker: NNOX
2025-05-03 21:10:54 [33mWARNING[0m -> [app/tickers/tickers_handler.py.tickers_handler.download_data.59]:                                    TICKER HANDLER Data is older than threshold: 1 days 01:10:54.235049
2025-05-03 21:10:54 [33mWARNING[0m -> [app/dataset/dataset_creator.py.dataset_creator.create_dataset.185]:                                  Ticker CTOS has no data or not enough data for window size 1000.
2025-05-03 21:10:54 [31mERROR[0m -> [app/analysis/analysis.py.analysis.analyze.88]:                                                         ANALYZE => (monitor) Dataset is None for ticker: CTOS
2025-05-03 21:10:54 [92mINFO[0m -> [app/trader/trader.py.trader.monitor_positions.153]:                                                     TRADER => EGY drawdown = -0.29% (vs high 3.39)
2025-05-03 21:10:57 [33mWARNING[0m -> [app/tickers/tickers_handler.py.tickers_handler.download_data.59]:                                    TICKER HANDLER Data is older than threshold: 1 days 01:10:57.778864
2025-05-03 21:10:57 [33mWARNING[0m -> [app/dataset/dataset_creator.py.dataset_creator.create_dataset.185]:                                  Ticker INFA has no data or not enough data for window size 1000.
2025-05-03 21:10:57 [31mERROR[0m -> [app/analysis/analysis.py.analysis.analyze.88]:                                                         ANALYZE => (scan) Dataset is None for ticker: INFA
2025-05-03 21:11:01 [33mWARNING[0m -> [app/tickers/tickers_handler.py.tickers_handler.download_data.59]:                                    TICKER HANDLER Data is older than threshold: 1 days 01:11:01.542954
2025-05-03 21:11:01 [33mWARNING[0m -> [app/dataset/dataset_creator.py.dataset_creator.create_dataset.185]:                                  Ticker EGY has no data or not enough data for window size 1000.
2025-05-03 21:11:01 [31mERROR[0m -> [app/analysis/analysis.py.analysis.analyze.88]:                                                         ANALYZE => (monitor) Dataset is None for ticker: EGY
2025-05-03 21:11:01 [92mINFO[0m -> [app/trader/trader.py.trader.monitor_positions.153]:                                                     TRADER => HROW drawdown = -0.40% (vs high 25.94)
2025-05-03 21:11:05 [33mWARNING[0m -> [app/tickers/tickers_handler.py.tickers_handler.download_data.59]:                                    TICKER HANDLER Data is older than threshold: 1 days 01:11:05.135461
2025-05-03 21:11:05 [33mWARNING[0m -> [app/dataset/dataset_creator.py.dataset_creator.create_dataset.185]:                                  Ticker WSM has no data or not enough data for window size 1000.
2025-05-03 21:11:05 [31mERROR[0m -> [app/analysis/analysis.py.analysis.analyze.88]:                                                         ANALYZE => (scan) Dataset is None for ticker: WSM
2025-05-03 21:11:08 [33mWARNING[0m -> [app/tickers/tickers_handler.py.tickers_handler.download_data.59]:                                    TICKER HANDLER Data is older than threshold: 1 days 00:11:08.366546
2025-05-03 21:11:08 [33mWARNING[0m -> [app/dataset/dataset_creator.py.dataset_creator.create_dataset.185]:                                  Ticker HROW has no data or not enough data for window size 1000.
2025-05-03 21:11:08 [31mERROR[0m -> [app/analysis/analysis.py.analysis.analyze.88]:                                                         ANALYZE => (monitor) Dataset is None for ticker: HROW
2025-05-03 21:11:09 [33mWARNING[0m -> [app/tickers/tickers_handler.py.tickers_handler.download_data.59]:                                    TICKER HANDLER Data is older than threshold: 1 days 01:11:09.104026
2025-05-03 21:11:09 [33mWARNING[0m -> [app/dataset/dataset_creator.py.dataset_creator.create_dataset.185]:                                  Ticker LEU has no data or not enough data for window size 1000.
2025-05-03 21:11:09 [31mERROR[0m -> [app/analysis/analysis.py.analysis.analyze.88]:                                                         ANALYZE => (scan) Dataset is None for ticker: LEU
2025-05-03 21:11:13 [33mWARNING[0m -> [app/tickers/tickers_handler.py.tickers_handler.download_data.59]:                                    TICKER HANDLER Data is older than threshold: 1 days 01:11:13.317642
2025-05-03 21:11:13 [33mWARNING[0m -> [app/dataset/dataset_creator.py.dataset_creator.create_dataset.185]:                                  Ticker VMC has no data or not enough data for window size 1000.
2025-05-03 21:11:13 [31mERROR[0m -> [app/analysis/analysis.py.analysis.analyze.88]:                                                         ANALYZE => (scan) Dataset is None for ticker: VMC
2025-05-03 21:11:17 [33mWARNING[0m -> [app/tickers/tickers_handler.py.tickers_handler.download_data.59]:                                    TICKER HANDLER Data is older than threshold: 1 days 01:11:17.292810
2025-05-03 21:11:17 [33mWARNING[0m -> [app/dataset/dataset_creator.py.dataset_creator.create_dataset.185]:                                  Ticker EXR has no data or not enough data for window size 1000.
2025-05-03 21:11:17 [31mERROR[0m -> [app/analysis/analysis.py.analysis.analyze.88]:                                                         ANALYZE => (scan) Dataset is None for ticker: EXR
2025-05-03 21:11:21 [33mWARNING[0m -> [app/tickers/tickers_handler.py.tickers_handler.download_data.59]:                                    TICKER HANDLER Data is older than threshold: 1 days 01:11:21.532115
2025-05-03 21:11:21 [33mWARNING[0m -> [app/dataset/dataset_creator.py.dataset_creator.create_dataset.185]:                                  Ticker IPG has no data or not enough data for window size 1000.
2025-05-03 21:11:21 [31mERROR[0m -> [app/analysis/analysis.py.analysis.analyze.88]:                                                         ANALYZE => (scan) Dataset is None for ticker: IPG
2025-05-03 21:11:22 [33mWARNING[0m -> [app/tickers/tickers_handler.py.tickers_handler.download_data.59]:                                    TICKER HANDLER Data is older than threshold: 1 days 01:11:22.305444
2025-05-03 21:11:22 [33mWARNING[0m -> [app/dataset/dataset_creator.py.dataset_creator.create_dataset.185]:                                  Ticker NJR has no data or not enough data for window size 1000.
2025-05-03 21:11:22 [31mERROR[0m -> [app/analysis/analysis.py.analysis.analyze.88]:                                                         ANALYZE => (scan) Dataset is None for ticker: NJR
2025-05-03 21:11:22 [33mWARNING[0m -> [app/tickers/tickers_handler.py.tickers_handler.download_data.59]:                                    TICKER HANDLER Data is older than threshold: 1 days 01:11:22.520437
2025-05-03 21:11:22 [33mWARNING[0m -> [app/dataset/dataset_creator.py.dataset_creator.create_dataset.185]:                                  Ticker RBB has no data or not enough data for window size 1000.
2025-05-03 21:11:22 [31mERROR[0m -> [app/analysis/analysis.py.analysis.analyze.88]:                                                         ANALYZE => (scan) Dataset is None for ticker: RBB
2025-05-03 21:11:30 [33mWARNING[0m -> [app/tickers/tickers_handler.py.tickers_handler.download_data.59]:                                    TICKER HANDLER Data is older than threshold: 0 days 22:11:30.056769
2025-05-03 21:11:30 [33mWARNING[0m -> [app/dataset/dataset_creator.py.dataset_creator.create_dataset.185]:                                  Ticker S has no data or not enough data for window size 1000.
2025-05-03 21:11:30 [31mERROR[0m -> [app/analysis/analysis.py.analysis.analyze.88]:                                                         ANALYZE => (scan) Dataset is None for ticker: S
2025-05-03 21:11:30 [33mWARNING[0m -> [app/tickers/tickers_handler.py.tickers_handler.download_data.59]:                                    TICKER HANDLER Data is older than threshold: 1 days 01:11:30.559018
2025-05-03 21:11:30 [33mWARNING[0m -> [app/dataset/dataset_creator.py.dataset_creator.create_dataset.185]:                                  Ticker VMI has no data or not enough data for window size 1000.
2025-05-03 21:11:30 [31mERROR[0m -> [app/analysis/analysis.py.analysis.analyze.88]:                                                         ANALYZE => (scan) Dataset is None for ticker: VMI
2025-05-03 21:11:34 [33mWARNING[0m -> [app/tickers/tickers_handler.py.tickers_handler.download_data.59]:                                    TICKER HANDLER Data is older than threshold: 0 days 22:11:34.862494
2025-05-03 21:11:34 [33mWARNING[0m -> [app/dataset/dataset_creator.py.dataset_creator.create_dataset.185]:                                  Ticker BGC has no data or not enough data for window size 1000.
2025-05-03 21:11:34 [31mERROR[0m -> [app/analysis/analysis.py.analysis.analyze.88]:                                                         ANALYZE => (scan) Dataset is None for ticker: BGC
2025-05-03 21:11:39 [33mWARNING[0m -> [app/tickers/tickers_handler.py.tickers_handler.download_data.59]:                                    TICKER HANDLER Data is older than threshold: 1 days 00:11:39.134710
2025-05-03 21:11:39 [33mWARNING[0m -> [app/dataset/dataset_creator.py.dataset_creator.create_dataset.185]:                                  Ticker CVE has no data or not enough data for window size 1000.
2025-05-03 21:11:39 [31mERROR[0m -> [app/analysis/analysis.py.analysis.analyze.88]:                                                         ANALYZE => (scan) Dataset is None for ticker: CVE
2025-05-03 21:11:39 [33mWARNING[0m -> [app/tickers/tickers_handler.py.tickers_handler.download_data.59]:                                    TICKER HANDLER Data is older than threshold: 1 days 02:11:39.231912
2025-05-03 21:11:39 [33mWARNING[0m -> [app/dataset/dataset_creator.py.dataset_creator.create_dataset.185]:                                  Ticker CIG.C has no data or not enough data for window size 1000.
2025-05-03 21:11:39 [31mERROR[0m -> [app/analysis/analysis.py.analysis.analyze.88]:                                                         ANALYZE => (scan) Dataset is None for ticker: CIG.C
2025-05-03 21:11:40 [33mWARNING[0m -> [app/tickers/tickers_handler.py.tickers_handler.download_data.59]:                                    TICKER HANDLER Data is older than threshold: 1 days 01:11:40.163833
2025-05-03 21:11:40 [33mWARNING[0m -> [app/dataset/dataset_creator.py.dataset_creator.create_dataset.185]:                                  Ticker GTLS has no data or not enough data for window size 1000.
2025-05-03 21:11:40 [31mERROR[0m -> [app/analysis/analysis.py.analysis.analyze.88]:                                                         ANALYZE => (scan) Dataset is None for ticker: GTLS
2025-05-03 21:11:44 [33mWARNING[0m -> [app/tickers/tickers_handler.py.tickers_handler.download_data.59]:                                    TICKER HANDLER Data is older than threshold: 1 days 01:11:44.461610
2025-05-03 21:11:44 [33mWARNING[0m -> [app/dataset/dataset_creator.py.dataset_creator.create_dataset.185]:                                  Ticker MAC has no data or not enough data for window size 1000.
2025-05-03 21:11:44 [31mERROR[0m -> [app/analysis/analysis.py.analysis.analyze.88]:                                                         ANALYZE => (scan) Dataset is None for ticker: MAC
2025-05-03 21:11:52 [33mWARNING[0m -> [app/tickers/tickers_handler.py.tickers_handler.download_data.59]:                                    TICKER HANDLER Data is older than threshold: 0 days 22:11:52.718841
2025-05-03 21:11:52 [33mWARNING[0m -> [app/dataset/dataset_creator.py.dataset_creator.create_dataset.185]:                                  Ticker MU has no data or not enough data for window size 1000.
2025-05-03 21:11:52 [31mERROR[0m -> [app/analysis/analysis.py.analysis.analyze.88]:                                                         ANALYZE => (scan) Dataset is None for ticker: MU
2025-05-03 21:11:56 [33mWARNING[0m -> [app/tickers/tickers_handler.py.tickers_handler.download_data.59]:                                    TICKER HANDLER Data is older than threshold: 1 days 00:11:56.823808
2025-05-03 21:11:56 [33mWARNING[0m -> [app/dataset/dataset_creator.py.dataset_creator.create_dataset.185]:                                  Ticker HCA has no data or not enough data for window size 1000.
2025-05-03 21:11:56 [31mERROR[0m -> [app/analysis/analysis.py.analysis.analyze.88]:                                                         ANALYZE => (scan) Dataset is None for ticker: HCA
2025-05-03 21:11:57 [33mWARNING[0m -> [app/tickers/tickers_handler.py.tickers_handler.download_data.59]:                                    TICKER HANDLER Data is older than threshold: 1 days 01:11:57.691605
2025-05-03 21:11:57 [33mWARNING[0m -> [app/dataset/dataset_creator.py.dataset_creator.create_dataset.185]:                                  Ticker BIPC has no data or not enough data for window size 1000.
2025-05-03 21:11:57 [31mERROR[0m -> [app/analysis/analysis.py.analysis.analyze.88]:                                                         ANALYZE => (scan) Dataset is None for ticker: BIPC
2025-05-03 21:12:01 [33mWARNING[0m -> [app/tickers/tickers_handler.py.tickers_handler.download_data.59]:                                    TICKER HANDLER Data is older than threshold: 1 days 01:12:01.668599
2025-05-03 21:12:01 [33mWARNING[0m -> [app/dataset/dataset_creator.py.dataset_creator.create_dataset.185]:                                  Ticker UDMY has no data or not enough data for window size 1000.
2025-05-03 21:12:01 [31mERROR[0m -> [app/analysis/analysis.py.analysis.analyze.88]:                                                         ANALYZE => (scan) Dataset is None for ticker: UDMY
2025-05-03 21:12:02 [33mWARNING[0m -> [app/tickers/tickers_handler.py.tickers_handler.download_data.59]:                                    TICKER HANDLER Data is older than threshold: 1 days 01:12:02.007935
2025-05-03 21:12:02 [33mWARNING[0m -> [app/dataset/dataset_creator.py.dataset_creator.create_dataset.185]:                                  Ticker GNE has no data or not enough data for window size 1000.
2025-05-03 21:12:02 [31mERROR[0m -> [app/analysis/analysis.py.analysis.analyze.88]:                                                         ANALYZE => (scan) Dataset is None for ticker: GNE
2025-05-03 21:12:05 [33mWARNING[0m -> [app/tickers/tickers_handler.py.tickers_handler.download_data.59]:                                    TICKER HANDLER Data is older than threshold: 1 days 01:12:05.643144
2025-05-03 21:12:05 [33mWARNING[0m -> [app/dataset/dataset_creator.py.dataset_creator.create_dataset.185]:                                  Ticker DC has no data or not enough data for window size 1000.
2025-05-03 21:12:05 [31mERROR[0m -> [app/analysis/analysis.py.analysis.analyze.88]:                                                         ANALYZE => (scan) Dataset is None for ticker: DC
2025-05-03 21:12:06 [33mWARNING[0m -> [app/tickers/tickers_handler.py.tickers_handler.download_data.59]:                                    TICKER HANDLER Data is older than threshold: 1 days 01:12:06.371619
2025-05-03 21:12:06 [33mWARNING[0m -> [app/dataset/dataset_creator.py.dataset_creator.create_dataset.185]:                                  Ticker ABCB has no data or not enough data for window size 1000.
2025-05-03 21:12:06 [31mERROR[0m -> [app/analysis/analysis.py.analysis.analyze.88]:                                                         ANALYZE => (scan) Dataset is None for ticker: ABCB
2025-05-03 21:12:08 [92mINFO[0m -> [app/alpaca/alpaca_handler.py.alpaca_handler.get_positions.263]:                                         ALPACA =>Fetching positions.
2025-05-03 21:12:08 [92mINFO[0m -> [app/trader/trader.py.trader.monitor_positions.153]:                                                     TRADER => BLDP drawdown = -1.57% (vs high 1.27)
2025-05-03 21:12:12 [33mWARNING[0m -> [app/tickers/tickers_handler.py.tickers_handler.download_data.59]:                                    TICKER HANDLER Data is older than threshold: 0 days 22:12:12.737416
2025-05-03 21:12:12 [33mWARNING[0m -> [app/dataset/dataset_creator.py.dataset_creator.create_dataset.185]:                                  Ticker BLDP has no data or not enough data for window size 1000.
2025-05-03 21:12:12 [31mERROR[0m -> [app/analysis/analysis.py.analysis.analyze.88]:                                                         ANALYZE => (monitor) Dataset is None for ticker: BLDP
2025-05-03 21:12:12 [92mINFO[0m -> [app/trader/trader.py.trader.monitor_positions.153]:                                                     TRADER => CTOS drawdown = 0.00% (vs high 4.10)
2025-05-03 21:12:16 [33mWARNING[0m -> [app/tickers/tickers_handler.py.tickers_handler.download_data.59]:                                    TICKER HANDLER Data is older than threshold: 1 days 01:12:16.563708
2025-05-03 21:12:16 [33mWARNING[0m -> [app/dataset/dataset_creator.py.dataset_creator.create_dataset.185]:                                  Ticker AMKR has no data or not enough data for window size 1000.
2025-05-03 21:12:16 [31mERROR[0m -> [app/analysis/analysis.py.analysis.analyze.88]:                                                         ANALYZE => (scan) Dataset is None for ticker: AMKR
2025-05-03 21:12:19 [33mWARNING[0m -> [app/tickers/tickers_handler.py.tickers_handler.download_data.59]:                                    TICKER HANDLER Data is older than threshold: 1 days 01:12:19.721440
2025-05-03 21:12:19 [33mWARNING[0m -> [app/dataset/dataset_creator.py.dataset_creator.create_dataset.185]:                                  Ticker CTOS has no data or not enough data for window size 1000.
2025-05-03 21:12:19 [31mERROR[0m -> [app/analysis/analysis.py.analysis.analyze.88]:                                                         ANALYZE => (monitor) Dataset is None for ticker: CTOS
2025-05-03 21:12:19 [92mINFO[0m -> [app/trader/trader.py.trader.monitor_positions.153]:                                                     TRADER => EGY drawdown = -0.29% (vs high 3.39)
2025-05-03 21:12:20 [33mWARNING[0m -> [app/tickers/tickers_handler.py.tickers_handler.download_data.59]:                                    TICKER HANDLER Data is older than threshold: 1 days 01:12:20.083233
2025-05-03 21:12:20 [33mWARNING[0m -> [app/dataset/dataset_creator.py.dataset_creator.create_dataset.185]:                                  Ticker CACI has no data or not enough data for window size 1000.
2025-05-03 21:12:20 [31mERROR[0m -> [app/analysis/analysis.py.analysis.analyze.88]:                                                         ANALYZE => (scan) Dataset is None for ticker: CACI
2025-05-03 21:12:26 [33mWARNING[0m -> [app/tickers/tickers_handler.py.tickers_handler.download_data.59]:                                    TICKER HANDLER Data is older than threshold: 1 days 01:12:26.910613
2025-05-03 21:12:26 [33mWARNING[0m -> [app/dataset/dataset_creator.py.dataset_creator.create_dataset.185]:                                  Ticker EGY has no data or not enough data for window size 1000.
2025-05-03 21:12:26 [31mERROR[0m -> [app/analysis/analysis.py.analysis.analyze.88]:                                                         ANALYZE => (monitor) Dataset is None for ticker: EGY
2025-05-03 21:12:26 [92mINFO[0m -> [app/trader/trader.py.trader.monitor_positions.153]:                                                     TRADER => HROW drawdown = -0.40% (vs high 25.94)
2025-05-03 21:12:27 [33mWARNING[0m -> [app/tickers/tickers_handler.py.tickers_handler.download_data.59]:                                    TICKER HANDLER Data is older than threshold: 1 days 01:12:27.216989
2025-05-03 21:12:27 [33mWARNING[0m -> [app/dataset/dataset_creator.py.dataset_creator.create_dataset.185]:                                  Ticker ETNB has no data or not enough data for window size 1000.
2025-05-03 21:12:27 [31mERROR[0m -> [app/analysis/analysis.py.analysis.analyze.88]:                                                         ANALYZE => (scan) Dataset is None for ticker: ETNB
2025-05-03 21:12:30 [33mWARNING[0m -> [app/tickers/tickers_handler.py.tickers_handler.download_data.59]:                                    TICKER HANDLER Data is older than threshold: 1 days 00:12:30.722121
2025-05-03 21:12:30 [33mWARNING[0m -> [app/dataset/dataset_creator.py.dataset_creator.create_dataset.185]:                                  Ticker HROW has no data or not enough data for window size 1000.
2025-05-03 21:12:30 [31mERROR[0m -> [app/analysis/analysis.py.analysis.analyze.88]:                                                         ANALYZE => (monitor) Dataset is None for ticker: HROW
2025-05-03 21:12:34 [33mWARNING[0m -> [app/tickers/tickers_handler.py.tickers_handler.download_data.59]:                                    TICKER HANDLER Data is older than threshold: 1 days 01:12:34.480462
2025-05-03 21:12:34 [33mWARNING[0m -> [app/dataset/dataset_creator.py.dataset_creator.create_dataset.185]:                                  Ticker ATUS has no data or not enough data for window size 1000.
2025-05-03 21:12:34 [31mERROR[0m -> [app/analysis/analysis.py.analysis.analyze.88]:                                                         ANALYZE => (scan) Dataset is None for ticker: ATUS
2025-05-03 21:12:34 [33mWARNING[0m -> [app/tickers/tickers_handler.py.tickers_handler.download_data.59]:                                    TICKER HANDLER Data is older than threshold: 1 days 01:12:34.529176
2025-05-03 21:12:34 [33mWARNING[0m -> [app/dataset/dataset_creator.py.dataset_creator.create_dataset.185]:                                  Ticker MBAV has no data or not enough data for window size 1000.
2025-05-03 21:12:34 [31mERROR[0m -> [app/analysis/analysis.py.analysis.analyze.88]:                                                         ANALYZE => (scan) Dataset is None for ticker: MBAV
2025-05-03 21:12:35 [33mWARNING[0m -> [app/tickers/tickers_handler.py.tickers_handler.download_data.59]:                                    TICKER HANDLER Data is older than threshold: 1 days 01:12:35.007484
2025-05-03 21:12:35 [33mWARNING[0m -> [app/dataset/dataset_creator.py.dataset_creator.create_dataset.185]:                                  Ticker DCBO has no data or not enough data for window size 1000.
2025-05-03 21:12:35 [31mERROR[0m -> [app/analysis/analysis.py.analysis.analyze.88]:                                                         ANALYZE => (scan) Dataset is None for ticker: DCBO
2025-05-03 21:12:39 [33mWARNING[0m -> [app/tickers/tickers_handler.py.tickers_handler.download_data.59]:                                    TICKER HANDLER Data is older than threshold: 1 days 01:12:39.293475
2025-05-03 21:12:39 [33mWARNING[0m -> [app/dataset/dataset_creator.py.dataset_creator.create_dataset.185]:                                  Ticker YUM has no data or not enough data for window size 1000.
2025-05-03 21:12:39 [31mERROR[0m -> [app/analysis/analysis.py.analysis.analyze.88]:                                                         ANALYZE => (scan) Dataset is None for ticker: YUM
2025-05-03 21:12:39 [33mWARNING[0m -> [app/tickers/tickers_handler.py.tickers_handler.download_data.59]:                                    TICKER HANDLER Data is older than threshold: 1 days 01:12:39.773470
2025-05-03 21:12:39 [33mWARNING[0m -> [app/dataset/dataset_creator.py.dataset_creator.create_dataset.185]:                                  Ticker CMPR has no data or not enough data for window size 1000.
2025-05-03 21:12:39 [31mERROR[0m -> [app/analysis/analysis.py.analysis.analyze.88]:                                                         ANALYZE => (scan) Dataset is None for ticker: CMPR
2025-05-03 21:12:43 [33mWARNING[0m -> [app/tickers/tickers_handler.py.tickers_handler.download_data.59]:                                    TICKER HANDLER Data is older than threshold: 1 days 01:12:43.783085
2025-05-03 21:12:43 [33mWARNING[0m -> [app/dataset/dataset_creator.py.dataset_creator.create_dataset.185]:                                  Ticker FRT has no data or not enough data for window size 1000.
2025-05-03 21:12:43 [31mERROR[0m -> [app/analysis/analysis.py.analysis.analyze.88]:                                                         ANALYZE => (scan) Dataset is None for ticker: FRT
2025-05-03 21:12:48 [33mWARNING[0m -> [app/tickers/tickers_handler.py.tickers_handler.download_data.59]:                                    TICKER HANDLER Data is older than threshold: 1 days 01:12:48.035964
2025-05-03 21:12:48 [33mWARNING[0m -> [app/dataset/dataset_creator.py.dataset_creator.create_dataset.185]:                                  Ticker TAK has no data or not enough data for window size 1000.
2025-05-03 21:12:48 [31mERROR[0m -> [app/analysis/analysis.py.analysis.analyze.88]:                                                         ANALYZE => (scan) Dataset is None for ticker: TAK
2025-05-03 21:12:51 [33mWARNING[0m -> [app/tickers/tickers_handler.py.tickers_handler.download_data.59]:                                    TICKER HANDLER Data is older than threshold: 1 days 01:12:51.867580
2025-05-03 21:12:51 [33mWARNING[0m -> [app/dataset/dataset_creator.py.dataset_creator.create_dataset.185]:                                  Ticker QTRX has no data or not enough data for window size 1000.
2025-05-03 21:12:51 [31mERROR[0m -> [app/analysis/analysis.py.analysis.analyze.88]:                                                         ANALYZE => (scan) Dataset is None for ticker: QTRX
2025-05-03 21:12:57 [33mWARNING[0m -> [app/tickers/tickers_handler.py.tickers_handler.download_data.59]:                                    TICKER HANDLER Data is older than threshold: 0 days 22:12:57.246059
2025-05-03 21:12:57 [33mWARNING[0m -> [app/dataset/dataset_creator.py.dataset_creator.create_dataset.185]:                                  Ticker NIO has no data or not enough data for window size 1000.
2025-05-03 21:12:57 [31mERROR[0m -> [app/analysis/analysis.py.analysis.analyze.88]:                                                         ANALYZE => (scan) Dataset is None for ticker: NIO
2025-05-03 21:13:01 [33mWARNING[0m -> [app/tickers/tickers_handler.py.tickers_handler.download_data.59]:                                    TICKER HANDLER Data is older than threshold: 1 days 01:13:01.380657
2025-05-03 21:13:01 [33mWARNING[0m -> [app/dataset/dataset_creator.py.dataset_creator.create_dataset.185]:                                  Ticker ASB has no data or not enough data for window size 1000.
2025-05-03 21:13:01 [31mERROR[0m -> [app/analysis/analysis.py.analysis.analyze.88]:                                                         ANALYZE => (scan) Dataset is None for ticker: ASB
2025-05-03 21:13:05 [33mWARNING[0m -> [app/tickers/tickers_handler.py.tickers_handler.download_data.59]:                                    TICKER HANDLER Data is older than threshold: 1 days 01:13:05.094771
2025-05-03 21:13:05 [33mWARNING[0m -> [app/dataset/dataset_creator.py.dataset_creator.create_dataset.185]:                                  Ticker URGN has no data or not enough data for window size 1000.
2025-05-03 21:13:05 [31mERROR[0m -> [app/analysis/analysis.py.analysis.analyze.88]:                                                         ANALYZE => (scan) Dataset is None for ticker: URGN
2025-05-03 21:13:09 [33mWARNING[0m -> [app/tickers/tickers_handler.py.tickers_handler.download_data.59]:                                    TICKER HANDLER Data is older than threshold: 1 days 01:13:09.300229
2025-05-03 21:13:09 [33mWARNING[0m -> [app/dataset/dataset_creator.py.dataset_creator.create_dataset.185]:                                  Ticker SMFG has no data or not enough data for window size 1000.
2025-05-03 21:13:09 [31mERROR[0m -> [app/analysis/analysis.py.analysis.analyze.88]:                                                         ANALYZE => (scan) Dataset is None for ticker: SMFG
2025-05-03 21:13:13 [33mWARNING[0m -> [app/tickers/tickers_handler.py.tickers_handler.download_data.59]:                                    TICKER HANDLER Data is older than threshold: 1 days 01:13:13.481729
2025-05-03 21:13:13 [33mWARNING[0m -> [app/dataset/dataset_creator.py.dataset_creator.create_dataset.185]:                                  Ticker VVV has no data or not enough data for window size 1000.
2025-05-03 21:13:13 [31mERROR[0m -> [app/analysis/analysis.py.analysis.analyze.88]:                                                         ANALYZE => (scan) Dataset is None for ticker: VVV
2025-05-03 21:13:14 [33mWARNING[0m -> [app/tickers/tickers_handler.py.tickers_handler.download_data.59]:                                    TICKER HANDLER Data is older than threshold: 1 days 01:13:14.348897
2025-05-03 21:13:14 [33mWARNING[0m -> [app/dataset/dataset_creator.py.dataset_creator.create_dataset.185]:                                  Ticker ACIW has no data or not enough data for window size 1000.
2025-05-03 21:13:14 [31mERROR[0m -> [app/analysis/analysis.py.analysis.analyze.88]:                                                         ANALYZE => (scan) Dataset is None for ticker: ACIW
2025-05-03 21:13:18 [33mWARNING[0m -> [app/tickers/tickers_handler.py.tickers_handler.download_data.59]:                                    TICKER HANDLER Data is older than threshold: 1 days 00:13:18.701331
2025-05-03 21:13:18 [33mWARNING[0m -> [app/dataset/dataset_creator.py.dataset_creator.create_dataset.185]:                                  Ticker COTY has no data or not enough data for window size 1000.
2025-05-03 21:13:18 [31mERROR[0m -> [app/analysis/analysis.py.analysis.analyze.88]:                                                         ANALYZE => (scan) Dataset is None for ticker: COTY
2025-05-03 21:13:22 [33mWARNING[0m -> [app/tickers/tickers_handler.py.tickers_handler.download_data.59]:                                    TICKER HANDLER Data is older than threshold: 1 days 00:13:22.767593
2025-05-03 21:13:22 [33mWARNING[0m -> [app/dataset/dataset_creator.py.dataset_creator.create_dataset.185]:                                  Ticker LEGN has no data or not enough data for window size 1000.
2025-05-03 21:13:22 [31mERROR[0m -> [app/analysis/analysis.py.analysis.analyze.88]:                                                         ANALYZE => (scan) Dataset is None for ticker: LEGN
2025-05-03 21:13:27 [33mWARNING[0m -> [app/tickers/tickers_handler.py.tickers_handler.download_data.59]:                                    TICKER HANDLER Data is older than threshold: 0 days 22:13:27.048793
2025-05-03 21:13:27 [33mWARNING[0m -> [app/dataset/dataset_creator.py.dataset_creator.create_dataset.185]:                                  Ticker IBN has no data or not enough data for window size 1000.
2025-05-03 21:13:27 [31mERROR[0m -> [app/analysis/analysis.py.analysis.analyze.88]:                                                         ANALYZE => (scan) Dataset is None for ticker: IBN
2025-05-03 21:13:27 [33mWARNING[0m -> [app/tickers/tickers_handler.py.tickers_handler.download_data.59]:                                    TICKER HANDLER Data is older than threshold: 1 days 01:13:27.506997
2025-05-03 21:13:27 [33mWARNING[0m -> [app/dataset/dataset_creator.py.dataset_creator.create_dataset.185]:                                  Ticker UVV has no data or not enough data for window size 1000.
2025-05-03 21:13:27 [31mERROR[0m -> [app/analysis/analysis.py.analysis.analyze.88]:                                                         ANALYZE => (scan) Dataset is None for ticker: UVV
2025-05-03 21:13:30 [92mINFO[0m -> [app/alpaca/alpaca_handler.py.alpaca_handler.get_positions.263]:                                         ALPACA =>Fetching positions.
2025-05-03 21:13:30 [92mINFO[0m -> [app/trader/trader.py.trader.monitor_positions.153]:                                                     TRADER => BLDP drawdown = -1.57% (vs high 1.27)
2025-05-03 21:13:37 [33mWARNING[0m -> [app/tickers/tickers_handler.py.tickers_handler.download_data.59]:                                    TICKER HANDLER Data is older than threshold: 0 days 22:13:37.894179
2025-05-03 21:13:37 [33mWARNING[0m -> [app/dataset/dataset_creator.py.dataset_creator.create_dataset.185]:                                  Ticker BLDP has no data or not enough data for window size 1000.
2025-05-03 21:13:37 [31mERROR[0m -> [app/analysis/analysis.py.analysis.analyze.88]:                                                         ANALYZE => (monitor) Dataset is None for ticker: BLDP
2025-05-03 21:13:37 [92mINFO[0m -> [app/trader/trader.py.trader.monitor_positions.153]:                                                     TRADER => CTOS drawdown = 0.00% (vs high 4.10)
2025-05-03 21:13:38 [33mWARNING[0m -> [app/tickers/tickers_handler.py.tickers_handler.download_data.59]:                                    TICKER HANDLER Data is older than threshold: 0 days 22:13:38.196706
2025-05-03 21:13:38 [33mWARNING[0m -> [app/dataset/dataset_creator.py.dataset_creator.create_dataset.185]:                                  Ticker NEM has no data or not enough data for window size 1000.
2025-05-03 21:13:38 [31mERROR[0m -> [app/analysis/analysis.py.analysis.analyze.88]:                                                         ANALYZE => (scan) Dataset is None for ticker: NEM
2025-05-03 21:13:41 [33mWARNING[0m -> [app/tickers/tickers_handler.py.tickers_handler.download_data.59]:                                    TICKER HANDLER Data is older than threshold: 1 days 01:13:41.859135
2025-05-03 21:13:41 [33mWARNING[0m -> [app/dataset/dataset_creator.py.dataset_creator.create_dataset.185]:                                  Ticker CTOS has no data or not enough data for window size 1000.
2025-05-03 21:13:41 [31mERROR[0m -> [app/analysis/analysis.py.analysis.analyze.88]:                                                         ANALYZE => (monitor) Dataset is None for ticker: CTOS
2025-05-03 21:13:41 [92mINFO[0m -> [app/trader/trader.py.trader.monitor_positions.153]:                                                     TRADER => EGY drawdown = -0.29% (vs high 3.39)
2025-05-03 21:13:45 [33mWARNING[0m -> [app/tickers/tickers_handler.py.tickers_handler.download_data.59]:                                    TICKER HANDLER Data is older than threshold: 1 days 01:13:45.409846
2025-05-03 21:13:45 [33mWARNING[0m -> [app/dataset/dataset_creator.py.dataset_creator.create_dataset.185]:                                  Ticker POR has no data or not enough data for window size 1000.
2025-05-03 21:13:45 [31mERROR[0m -> [app/analysis/analysis.py.analysis.analyze.88]:                                                         ANALYZE => (scan) Dataset is None for ticker: POR
2025-05-03 21:13:45 [33mWARNING[0m -> [app/tickers/tickers_handler.py.tickers_handler.download_data.59]:                                    TICKER HANDLER Data is older than threshold: 1 days 01:13:45.558911
2025-05-03 21:13:45 [33mWARNING[0m -> [app/dataset/dataset_creator.py.dataset_creator.create_dataset.185]:                                  Ticker RBCAA has no data or not enough data for window size 1000.
2025-05-03 21:13:45 [31mERROR[0m -> [app/analysis/analysis.py.analysis.analyze.88]:                                                         ANALYZE => (scan) Dataset is None for ticker: RBCAA
2025-05-03 21:13:49 [33mWARNING[0m -> [app/tickers/tickers_handler.py.tickers_handler.download_data.59]:                                    TICKER HANDLER Data is older than threshold: 1 days 01:13:49.184794
2025-05-03 21:13:49 [33mWARNING[0m -> [app/dataset/dataset_creator.py.dataset_creator.create_dataset.185]:                                  Ticker EGY has no data or not enough data for window size 1000.
2025-05-03 21:13:49 [31mERROR[0m -> [app/analysis/analysis.py.analysis.analyze.88]:                                                         ANALYZE => (monitor) Dataset is None for ticker: EGY
2025-05-03 21:13:49 [92mINFO[0m -> [app/trader/trader.py.trader.monitor_positions.153]:                                                     TRADER => HROW drawdown = -0.40% (vs high 25.94)
2025-05-03 21:13:52 [33mWARNING[0m -> [app/tickers/tickers_handler.py.tickers_handler.download_data.59]:                                    TICKER HANDLER Data is older than threshold: 1 days 01:13:52.645226
2025-05-03 21:13:52 [33mWARNING[0m -> [app/dataset/dataset_creator.py.dataset_creator.create_dataset.185]:                                  Ticker BC has no data or not enough data for window size 1000.
2025-05-03 21:13:52 [31mERROR[0m -> [app/analysis/analysis.py.analysis.analyze.88]:                                                         ANALYZE => (scan) Dataset is None for ticker: BC
2025-05-03 21:13:55 [33mWARNING[0m -> [app/tickers/tickers_handler.py.tickers_handler.download_data.59]:                                    TICKER HANDLER Data is older than threshold: 1 days 00:13:55.947241
2025-05-03 21:13:55 [33mWARNING[0m -> [app/dataset/dataset_creator.py.dataset_creator.create_dataset.185]:                                  Ticker HROW has no data or not enough data for window size 1000.
2025-05-03 21:13:55 [31mERROR[0m -> [app/analysis/analysis.py.analysis.analyze.88]:                                                         ANALYZE => (monitor) Dataset is None for ticker: HROW
2025-05-03 21:14:00 [33mWARNING[0m -> [app/tickers/tickers_handler.py.tickers_handler.download_data.59]:                                    TICKER HANDLER Data is older than threshold: 0 days 22:14:00.169788
2025-05-03 21:14:00 [33mWARNING[0m -> [app/dataset/dataset_creator.py.dataset_creator.create_dataset.185]:                                  Ticker W has no data or not enough data for window size 1000.
2025-05-03 21:14:00 [31mERROR[0m -> [app/analysis/analysis.py.analysis.analyze.88]:                                                         ANALYZE => (scan) Dataset is None for ticker: W
2025-05-03 21:14:00 [33mWARNING[0m -> [app/tickers/tickers_handler.py.tickers_handler.download_data.59]:                                    TICKER HANDLER Data is older than threshold: 1 days 00:14:00.727481
2025-05-03 21:14:00 [33mWARNING[0m -> [app/dataset/dataset_creator.py.dataset_creator.create_dataset.185]:                                  Ticker TBCH has no data or not enough data for window size 1000.
2025-05-03 21:14:00 [31mERROR[0m -> [app/analysis/analysis.py.analysis.analyze.88]:                                                         ANALYZE => (scan) Dataset is None for ticker: TBCH
2025-05-03 21:14:04 [33mWARNING[0m -> [app/tickers/tickers_handler.py.tickers_handler.download_data.59]:                                    TICKER HANDLER Data is older than threshold: 1 days 00:14:04.920981
2025-05-03 21:14:04 [33mWARNING[0m -> [app/dataset/dataset_creator.py.dataset_creator.create_dataset.185]:                                  Ticker TROW has no data or not enough data for window size 1000.
2025-05-03 21:14:04 [31mERROR[0m -> [app/analysis/analysis.py.analysis.analyze.88]:                                                         ANALYZE => (scan) Dataset is None for ticker: TROW
2025-05-03 21:14:08 [33mWARNING[0m -> [app/tickers/tickers_handler.py.tickers_handler.download_data.59]:                                    TICKER HANDLER Data is older than threshold: 1 days 00:14:08.685227
2025-05-03 21:14:08 [33mWARNING[0m -> [app/dataset/dataset_creator.py.dataset_creator.create_dataset.185]:                                  Ticker PSNL has no data or not enough data for window size 1000.
2025-05-03 21:14:08 [31mERROR[0m -> [app/analysis/analysis.py.analysis.analyze.88]:                                                         ANALYZE => (scan) Dataset is None for ticker: PSNL
2025-05-03 21:14:09 [33mWARNING[0m -> [app/tickers/tickers_handler.py.tickers_handler.download_data.59]:                                    TICKER HANDLER Data is older than threshold: 1 days 01:14:09.576754
2025-05-03 21:14:09 [33mWARNING[0m -> [app/dataset/dataset_creator.py.dataset_creator.create_dataset.185]:                                  Ticker CALM has no data or not enough data for window size 1000.
2025-05-03 21:14:09 [31mERROR[0m -> [app/analysis/analysis.py.analysis.analyze.88]:                                                         ANALYZE => (scan) Dataset is None for ticker: CALM
2025-05-03 21:14:09 [33mWARNING[0m -> [app/tickers/tickers_handler.py.tickers_handler.download_data.59]:                                    TICKER HANDLER Data is older than threshold: 1 days 01:14:09.928737
2025-05-03 21:14:09 [33mWARNING[0m -> [app/dataset/dataset_creator.py.dataset_creator.create_dataset.185]:                                  Ticker NREF has no data or not enough data for window size 1000.
2025-05-03 21:14:09 [31mERROR[0m -> [app/analysis/analysis.py.analysis.analyze.88]:                                                         ANALYZE => (scan) Dataset is None for ticker: NREF
2025-05-03 21:14:13 [33mWARNING[0m -> [app/tickers/tickers_handler.py.tickers_handler.download_data.59]:                                    TICKER HANDLER Data is older than threshold: 1 days 01:14:13.545738
2025-05-03 21:14:13 [33mWARNING[0m -> [app/dataset/dataset_creator.py.dataset_creator.create_dataset.185]:                                  Ticker ITGR has no data or not enough data for window size 1000.
2025-05-03 21:14:13 [31mERROR[0m -> [app/analysis/analysis.py.analysis.analyze.88]:                                                         ANALYZE => (scan) Dataset is None for ticker: ITGR
2025-05-03 21:14:17 [33mWARNING[0m -> [app/tickers/tickers_handler.py.tickers_handler.download_data.59]:                                    TICKER HANDLER Data is older than threshold: 1 days 01:14:17.715937
2025-05-03 21:14:17 [33mWARNING[0m -> [app/dataset/dataset_creator.py.dataset_creator.create_dataset.185]:                                  Ticker OMC has no data or not enough data for window size 1000.
2025-05-03 21:14:17 [31mERROR[0m -> [app/analysis/analysis.py.analysis.analyze.88]:                                                         ANALYZE => (scan) Dataset is None for ticker: OMC
2025-05-03 21:14:18 [33mWARNING[0m -> [app/tickers/tickers_handler.py.tickers_handler.download_data.59]:                                    TICKER HANDLER Data is older than threshold: 1 days 01:14:18.273225
2025-05-03 21:14:18 [33mWARNING[0m -> [app/dataset/dataset_creator.py.dataset_creator.create_dataset.185]:                                  Ticker INR has no data or not enough data for window size 1000.
2025-05-03 21:14:18 [31mERROR[0m -> [app/analysis/analysis.py.analysis.analyze.88]:                                                         ANALYZE => (scan) Dataset is None for ticker: INR
2025-05-03 21:14:22 [33mWARNING[0m -> [app/tickers/tickers_handler.py.tickers_handler.download_data.59]:                                    TICKER HANDLER Data is older than threshold: 1 days 01:14:22.352843
2025-05-03 21:14:22 [33mWARNING[0m -> [app/dataset/dataset_creator.py.dataset_creator.create_dataset.185]:                                  Ticker HOUS has no data or not enough data for window size 1000.
2025-05-03 21:14:22 [31mERROR[0m -> [app/analysis/analysis.py.analysis.analyze.88]:                                                         ANALYZE => (scan) Dataset is None for ticker: HOUS
2025-05-03 21:14:26 [33mWARNING[0m -> [app/tickers/tickers_handler.py.tickers_handler.download_data.59]:                                    TICKER HANDLER Data is older than threshold: 1 days 01:14:26.364432
2025-05-03 21:14:26 [33mWARNING[0m -> [app/dataset/dataset_creator.py.dataset_creator.create_dataset.185]:                                  Ticker ATEC has no data or not enough data for window size 1000.
2025-05-03 21:14:26 [31mERROR[0m -> [app/analysis/analysis.py.analysis.analyze.88]:                                                         ANALYZE => (scan) Dataset is None for ticker: ATEC
2025-05-03 21:14:30 [33mWARNING[0m -> [app/tickers/tickers_handler.py.tickers_handler.download_data.59]:                                    TICKER HANDLER Data is older than threshold: 0 days 22:14:30.665021
2025-05-03 21:14:30 [33mWARNING[0m -> [app/dataset/dataset_creator.py.dataset_creator.create_dataset.185]:                                  Ticker V has no data or not enough data for window size 1000.
2025-05-03 21:14:30 [31mERROR[0m -> [app/analysis/analysis.py.analysis.analyze.88]:                                                         ANALYZE => (scan) Dataset is None for ticker: V
2025-05-03 21:14:30 [33mWARNING[0m -> [app/tickers/tickers_handler.py.tickers_handler.download_data.59]:                                    TICKER HANDLER Data is older than threshold: 1 days 01:14:30.988407
2025-05-03 21:14:30 [33mWARNING[0m -> [app/dataset/dataset_creator.py.dataset_creator.create_dataset.185]:                                  Ticker NPCE has no data or not enough data for window size 1000.
2025-05-03 21:14:30 [31mERROR[0m -> [app/analysis/analysis.py.analysis.analyze.88]:                                                         ANALYZE => (scan) Dataset is None for ticker: NPCE
2025-05-03 21:14:35 [33mWARNING[0m -> [app/tickers/tickers_handler.py.tickers_handler.download_data.59]:                                    TICKER HANDLER Data is older than threshold: 0 days 22:14:35.198325
2025-05-03 21:14:35 [33mWARNING[0m -> [app/dataset/dataset_creator.py.dataset_creator.create_dataset.185]:                                  Ticker CLX has no data or not enough data for window size 1000.
2025-05-03 21:14:35 [31mERROR[0m -> [app/analysis/analysis.py.analysis.analyze.88]:                                                         ANALYZE => (scan) Dataset is None for ticker: CLX
2025-05-03 21:14:39 [33mWARNING[0m -> [app/tickers/tickers_handler.py.tickers_handler.download_data.59]:                                    TICKER HANDLER Data is older than threshold: 1 days 01:14:39.693995
2025-05-03 21:14:39 [33mWARNING[0m -> [app/dataset/dataset_creator.py.dataset_creator.create_dataset.185]:                                  Ticker DUK has no data or not enough data for window size 1000.
2025-05-03 21:14:39 [31mERROR[0m -> [app/analysis/analysis.py.analysis.analyze.88]:                                                         ANALYZE => (scan) Dataset is None for ticker: DUK
2025-05-03 21:14:40 [33mWARNING[0m -> [app/tickers/tickers_handler.py.tickers_handler.download_data.59]:                                    TICKER HANDLER Data is older than threshold: 1 days 01:14:40.601325
2025-05-03 21:14:40 [33mWARNING[0m -> [app/dataset/dataset_creator.py.dataset_creator.create_dataset.185]:                                  Ticker WKC has no data or not enough data for window size 1000.
2025-05-03 21:14:40 [31mERROR[0m -> [app/analysis/analysis.py.analysis.analyze.88]:                                                         ANALYZE => (scan) Dataset is None for ticker: WKC
2025-05-03 21:14:45 [33mWARNING[0m -> [app/tickers/tickers_handler.py.tickers_handler.download_data.59]:                                    TICKER HANDLER Data is older than threshold: 0 days 22:14:45.176901
2025-05-03 21:14:45 [33mWARNING[0m -> [app/dataset/dataset_creator.py.dataset_creator.create_dataset.185]:                                  Ticker ELF has no data or not enough data for window size 1000.
2025-05-03 21:14:45 [31mERROR[0m -> [app/analysis/analysis.py.analysis.analyze.88]:                                                         ANALYZE => (scan) Dataset is None for ticker: ELF
2025-05-03 21:14:49 [33mWARNING[0m -> [app/tickers/tickers_handler.py.tickers_handler.download_data.59]:                                    TICKER HANDLER Data is older than threshold: 1 days 00:14:49.401985
2025-05-03 21:14:49 [33mWARNING[0m -> [app/dataset/dataset_creator.py.dataset_creator.create_dataset.185]:                                  Ticker BALL has no data or not enough data for window size 1000.
2025-05-03 21:14:49 [31mERROR[0m -> [app/analysis/analysis.py.analysis.analyze.88]:                                                         ANALYZE => (scan) Dataset is None for ticker: BALL
2025-05-03 21:14:53 [33mWARNING[0m -> [app/tickers/tickers_handler.py.tickers_handler.download_data.59]:                                    TICKER HANDLER Data is older than threshold: 1 days 01:14:53.285116
2025-05-03 21:14:54 [33mWARNING[0m -> [app/dataset/dataset_creator.py.dataset_creator.create_dataset.185]:                                  Ticker EVRI has no data or not enough data for window size 1000.
2025-05-03 21:14:54 [31mERROR[0m -> [app/analysis/analysis.py.analysis.analyze.88]:                                                         ANALYZE => (scan) Dataset is None for ticker: EVRI
2025-05-03 21:14:55 [33mWARNING[0m -> [app/tickers/tickers_handler.py.tickers_handler.download_data.59]:                                    TICKER HANDLER Data is older than threshold: 1 days 01:14:55.830516
2025-05-03 21:14:55 [33mWARNING[0m -> [app/dataset/dataset_creator.py.dataset_creator.create_dataset.185]:                                  Ticker TXNM has no data or not enough data for window size 1000.
2025-05-03 21:14:55 [31mERROR[0m -> [app/analysis/analysis.py.analysis.analyze.88]:                                                         ANALYZE => (scan) Dataset is None for ticker: TXNM
2025-05-03 21:14:55 [92mINFO[0m -> [app/alpaca/alpaca_handler.py.alpaca_handler.get_positions.263]:                                         ALPACA =>Fetching positions.
2025-05-03 21:14:56 [92mINFO[0m -> [app/trader/trader.py.trader.monitor_positions.153]:                                                     TRADER => BLDP drawdown = -1.57% (vs high 1.27)
2025-05-03 21:15:02 [33mWARNING[0m -> [app/tickers/tickers_handler.py.tickers_handler.download_data.59]:                                    TICKER HANDLER Data is older than threshold: 1 days 01:15:02.995267
2025-05-03 21:15:02 [33mWARNING[0m -> [app/dataset/dataset_creator.py.dataset_creator.create_dataset.185]:                                  Ticker GDRX has no data or not enough data for window size 1000.
2025-05-03 21:15:02 [31mERROR[0m -> [app/analysis/analysis.py.analysis.analyze.88]:                                                         ANALYZE => (scan) Dataset is None for ticker: GDRX
2025-05-03 21:15:03 [33mWARNING[0m -> [app/tickers/tickers_handler.py.tickers_handler.download_data.59]:                                    TICKER HANDLER Data is older than threshold: 0 days 22:15:03.246599
2025-05-03 21:15:03 [33mWARNING[0m -> [app/dataset/dataset_creator.py.dataset_creator.create_dataset.185]:                                  Ticker BLDP has no data or not enough data for window size 1000.
2025-05-03 21:15:03 [31mERROR[0m -> [app/analysis/analysis.py.analysis.analyze.88]:                                                         ANALYZE => (monitor) Dataset is None for ticker: BLDP
2025-05-03 21:15:03 [92mINFO[0m -> [app/trader/trader.py.trader.monitor_positions.153]:                                                     TRADER => CTOS drawdown = 0.00% (vs high 4.10)
2025-05-03 21:15:06 [33mWARNING[0m -> [app/tickers/tickers_handler.py.tickers_handler.download_data.59]:                                    TICKER HANDLER Data is older than threshold: 1 days 01:15:06.893329
2025-05-03 21:15:08 [33mWARNING[0m -> [app/dataset/dataset_creator.py.dataset_creator.create_dataset.185]:                                  Ticker VBTX has no data or not enough data for window size 1000.
2025-05-03 21:15:08 [31mERROR[0m -> [app/analysis/analysis.py.analysis.analyze.88]:                                                         ANALYZE => (scan) Dataset is None for ticker: VBTX
2025-05-03 21:15:09 [33mWARNING[0m -> [app/tickers/tickers_handler.py.tickers_handler.download_data.59]:                                    TICKER HANDLER Data is older than threshold: 1 days 01:15:09.147444
2025-05-03 21:15:09 [33mWARNING[0m -> [app/dataset/dataset_creator.py.dataset_creator.create_dataset.185]:                                  Ticker VRTS has no data or not enough data for window size 1000.
2025-05-03 21:15:09 [31mERROR[0m -> [app/analysis/analysis.py.analysis.analyze.88]:                                                         ANALYZE => (scan) Dataset is None for ticker: VRTS
2025-05-03 21:15:13 [33mWARNING[0m -> [app/tickers/tickers_handler.py.tickers_handler.download_data.59]:                                    TICKER HANDLER Data is older than threshold: 1 days 01:15:13.249749
2025-05-03 21:15:15 [33mWARNING[0m -> [app/dataset/dataset_creator.py.dataset_creator.create_dataset.185]:                                  Ticker CTOS has no data or not enough data for window size 1000.
2025-05-03 21:15:15 [31mERROR[0m -> [app/analysis/analysis.py.analysis.analyze.88]:                                                         ANALYZE => (monitor) Dataset is None for ticker: CTOS
2025-05-03 21:15:15 [92mINFO[0m -> [app/trader/trader.py.trader.monitor_positions.153]:                                                     TRADER => EGY drawdown = -0.29% (vs high 3.39)
2025-05-03 21:15:13 [33mWARNING[0m -> [app/tickers/tickers_handler.py.tickers_handler.download_data.59]:                                    TICKER HANDLER Data is older than threshold: 0 days 22:15:13.454650
2025-05-03 21:15:15 [33mWARNING[0m -> [app/dataset/dataset_creator.py.dataset_creator.create_dataset.185]:                                  Ticker QSR has no data or not enough data for window size 1000.
2025-05-03 21:15:15 [31mERROR[0m -> [app/analysis/analysis.py.analysis.analyze.88]:                                                         ANALYZE => (scan) Dataset is None for ticker: QSR
2025-05-03 21:15:15 [33mWARNING[0m -> [app/tickers/tickers_handler.py.tickers_handler.download_data.59]:                                    TICKER HANDLER Data is older than threshold: 1 days 01:15:15.467709
2025-05-03 21:15:15 [33mWARNING[0m -> [app/dataset/dataset_creator.py.dataset_creator.create_dataset.185]:                                  Ticker ZSPC has no data or not enough data for window size 1000.
2025-05-03 21:15:15 [31mERROR[0m -> [app/analysis/analysis.py.analysis.analyze.88]:                                                         ANALYZE => (scan) Dataset is None for ticker: ZSPC
2025-05-03 21:15:15 [33mWARNING[0m -> [app/tickers/tickers_handler.py.tickers_handler.download_data.59]:                                    TICKER HANDLER Data is older than threshold: 1 days 01:15:15.547424
2025-05-03 21:15:15 [33mWARNING[0m -> [app/dataset/dataset_creator.py.dataset_creator.create_dataset.185]:                                  Ticker TWNP has no data or not enough data for window size 1000.
2025-05-03 21:15:15 [31mERROR[0m -> [app/analysis/analysis.py.analysis.analyze.88]:                                                         ANALYZE => (scan) Dataset is None for ticker: TWNP
2025-05-03 21:15:22 [33mWARNING[0m -> [app/tickers/tickers_handler.py.tickers_handler.download_data.59]:                                    TICKER HANDLER Data is older than threshold: 1 days 01:15:22.545474
2025-05-03 21:15:22 [33mWARNING[0m -> [app/dataset/dataset_creator.py.dataset_creator.create_dataset.185]:                                  Ticker EGY has no data or not enough data for window size 1000.
2025-05-03 21:15:22 [31mERROR[0m -> [app/analysis/analysis.py.analysis.analyze.88]:                                                         ANALYZE => (monitor) Dataset is None for ticker: EGY
2025-05-03 21:15:22 [92mINFO[0m -> [app/trader/trader.py.trader.monitor_positions.153]:                                                     TRADER => HROW drawdown = -0.40% (vs high 25.94)
2025-05-03 21:15:22 [33mWARNING[0m -> [app/tickers/tickers_handler.py.tickers_handler.download_data.59]:                                    TICKER HANDLER Data is older than threshold: 1 days 01:15:22.902241
2025-05-03 21:15:22 [33mWARNING[0m -> [app/dataset/dataset_creator.py.dataset_creator.create_dataset.185]:                                  Ticker TD has no data or not enough data for window size 1000.
2025-05-03 21:15:22 [31mERROR[0m -> [app/analysis/analysis.py.analysis.analyze.88]:                                                         ANALYZE => (scan) Dataset is None for ticker: TD
2025-05-03 21:15:26 [33mWARNING[0m -> [app/tickers/tickers_handler.py.tickers_handler.download_data.59]:                                    TICKER HANDLER Data is older than threshold: 1 days 01:15:26.342117
2025-05-03 21:15:26 [33mWARNING[0m -> [app/dataset/dataset_creator.py.dataset_creator.create_dataset.185]:                                  Ticker ROG has no data or not enough data for window size 1000.
2025-05-03 21:15:26 [31mERROR[0m -> [app/analysis/analysis.py.analysis.analyze.88]:                                                         ANALYZE => (scan) Dataset is None for ticker: ROG
2025-05-03 21:15:26 [33mWARNING[0m -> [app/tickers/tickers_handler.py.tickers_handler.download_data.59]:                                    TICKER HANDLER Data is older than threshold: 1 days 00:15:26.496357
2025-05-03 21:15:26 [33mWARNING[0m -> [app/dataset/dataset_creator.py.dataset_creator.create_dataset.185]:                                  Ticker HROW has no data or not enough data for window size 1000.
2025-05-03 21:15:26 [31mERROR[0m -> [app/analysis/analysis.py.analysis.analyze.88]:                                                         ANALYZE => (monitor) Dataset is None for ticker: HROW
2025-05-03 21:15:27 [33mWARNING[0m -> [app/tickers/tickers_handler.py.tickers_handler.download_data.59]:                                    TICKER HANDLER Data is older than threshold: 1 days 01:15:27.012544
2025-05-03 21:15:27 [33mWARNING[0m -> [app/dataset/dataset_creator.py.dataset_creator.create_dataset.185]:                                  Ticker LGIH has no data or not enough data for window size 1000.
2025-05-03 21:15:27 [31mERROR[0m -> [app/analysis/analysis.py.analysis.analyze.88]:                                                         ANALYZE => (scan) Dataset is None for ticker: LGIH
2025-05-03 21:15:31 [33mWARNING[0m -> [app/tickers/tickers_handler.py.tickers_handler.download_data.59]:                                    TICKER HANDLER Data is older than threshold: 1 days 01:15:31.448557
2025-05-03 21:15:31 [33mWARNING[0m -> [app/dataset/dataset_creator.py.dataset_creator.create_dataset.185]:                                  Ticker WYNN has no data or not enough data for window size 1000.
2025-05-03 21:15:31 [31mERROR[0m -> [app/analysis/analysis.py.analysis.analyze.88]:                                                         ANALYZE => (scan) Dataset is None for ticker: WYNN
2025-05-03 21:15:35 [33mWARNING[0m -> [app/tickers/tickers_handler.py.tickers_handler.download_data.59]:                                    TICKER HANDLER Data is older than threshold: 1 days 01:15:35.750162
2025-05-03 21:15:35 [33mWARNING[0m -> [app/dataset/dataset_creator.py.dataset_creator.create_dataset.185]:                                  Ticker NTR has no data or not enough data for window size 1000.
2025-05-03 21:15:35 [31mERROR[0m -> [app/analysis/analysis.py.analysis.analyze.88]:                                                         ANALYZE => (scan) Dataset is None for ticker: NTR
2025-05-03 21:15:39 [33mWARNING[0m -> [app/tickers/tickers_handler.py.tickers_handler.download_data.59]:                                    TICKER HANDLER Data is older than threshold: 1 days 01:15:39.969595
2025-05-03 21:15:40 [33mWARNING[0m -> [app/dataset/dataset_creator.py.dataset_creator.create_dataset.185]:                                  Ticker NTAP has no data or not enough data for window size 1000.
2025-05-03 21:15:40 [31mERROR[0m -> [app/analysis/analysis.py.analysis.analyze.88]:                                                         ANALYZE => (scan) Dataset is None for ticker: NTAP
2025-05-03 21:15:43 [33mWARNING[0m -> [app/tickers/tickers_handler.py.tickers_handler.download_data.59]:                                    TICKER HANDLER Data is older than threshold: 1 days 01:15:43.537676
2025-05-03 21:15:43 [33mWARNING[0m -> [app/dataset/dataset_creator.py.dataset_creator.create_dataset.185]:                                  Ticker RNGR has no data or not enough data for window size 1000.
2025-05-03 21:15:43 [31mERROR[0m -> [app/analysis/analysis.py.analysis.analyze.88]:                                                         ANALYZE => (scan) Dataset is None for ticker: RNGR
2025-05-03 21:15:47 [33mWARNING[0m -> [app/tickers/tickers_handler.py.tickers_handler.download_data.59]:                                    TICKER HANDLER Data is older than threshold: 1 days 01:15:47.843587
2025-05-03 21:15:47 [33mWARNING[0m -> [app/dataset/dataset_creator.py.dataset_creator.create_dataset.185]:                                  Ticker BAM has no data or not enough data for window size 1000.
2025-05-03 21:15:47 [31mERROR[0m -> [app/analysis/analysis.py.analysis.analyze.88]:                                                         ANALYZE => (scan) Dataset is None for ticker: BAM
2025-05-03 21:15:48 [33mWARNING[0m -> [app/tickers/tickers_handler.py.tickers_handler.download_data.59]:                                    TICKER HANDLER Data is older than threshold: 0 days 22:15:48.319821
2025-05-03 21:15:48 [33mWARNING[0m -> [app/dataset/dataset_creator.py.dataset_creator.create_dataset.185]:                                  Ticker EVEX has no data or not enough data for window size 1000.
2025-05-03 21:15:48 [31mERROR[0m -> [app/analysis/analysis.py.analysis.analyze.88]:                                                         ANALYZE => (scan) Dataset is None for ticker: EVEX
2025-05-03 21:15:53 [33mWARNING[0m -> [app/tickers/tickers_handler.py.tickers_handler.download_data.59]:                                    TICKER HANDLER Data is older than threshold: 0 days 22:15:53.024606
2025-05-03 21:15:53 [33mWARNING[0m -> [app/dataset/dataset_creator.py.dataset_creator.create_dataset.185]:                                  Ticker WFC has no data or not enough data for window size 1000.
2025-05-03 21:15:53 [31mERROR[0m -> [app/analysis/analysis.py.analysis.analyze.88]:                                                         ANALYZE => (scan) Dataset is None for ticker: WFC
2025-05-03 21:15:53 [33mWARNING[0m -> [app/tickers/tickers_handler.py.tickers_handler.download_data.59]:                                    TICKER HANDLER Data is older than threshold: 1 days 01:15:53.832733
2025-05-03 21:15:53 [33mWARNING[0m -> [app/dataset/dataset_creator.py.dataset_creator.create_dataset.185]:                                  Ticker EFXT has no data or not enough data for window size 1000.
2025-05-03 21:15:53 [31mERROR[0m -> [app/analysis/analysis.py.analysis.analyze.88]:                                                         ANALYZE => (scan) Dataset is None for ticker: EFXT
2025-05-03 21:15:57 [33mWARNING[0m -> [app/tickers/tickers_handler.py.tickers_handler.download_data.59]:                                    TICKER HANDLER Data is older than threshold: 1 days 01:15:57.761278
2025-05-03 21:15:57 [33mWARNING[0m -> [app/dataset/dataset_creator.py.dataset_creator.create_dataset.185]:                                  Ticker RHP has no data or not enough data for window size 1000.
2025-05-03 21:15:57 [31mERROR[0m -> [app/analysis/analysis.py.analysis.analyze.88]:                                                         ANALYZE => (scan) Dataset is None for ticker: RHP
2025-05-03 21:16:01 [33mWARNING[0m -> [app/tickers/tickers_handler.py.tickers_handler.download_data.59]:                                    TICKER HANDLER Data is older than threshold: 1 days 01:16:01.734919
2025-05-03 21:16:01 [33mWARNING[0m -> [app/dataset/dataset_creator.py.dataset_creator.create_dataset.185]:                                  Ticker AOS has no data or not enough data for window size 1000.
2025-05-03 21:16:01 [31mERROR[0m -> [app/analysis/analysis.py.analysis.analyze.88]:                                                         ANALYZE => (scan) Dataset is None for ticker: AOS
2025-05-03 21:16:06 [33mWARNING[0m -> [app/tickers/tickers_handler.py.tickers_handler.download_data.59]:                                    TICKER HANDLER Data is older than threshold: 0 days 22:16:06.298316
2025-05-03 21:16:06 [33mWARNING[0m -> [app/dataset/dataset_creator.py.dataset_creator.create_dataset.185]:                                  Ticker PBR.A has no data or not enough data for window size 1000.
2025-05-03 21:16:06 [31mERROR[0m -> [app/analysis/analysis.py.analysis.analyze.88]:                                                         ANALYZE => (scan) Dataset is None for ticker: PBR.A
2025-05-03 21:16:06 [33mWARNING[0m -> [app/tickers/tickers_handler.py.tickers_handler.download_data.59]:                                    TICKER HANDLER Data is older than threshold: 1 days 01:16:06.433115
2025-05-03 21:16:06 [33mWARNING[0m -> [app/dataset/dataset_creator.py.dataset_creator.create_dataset.185]:                                  Ticker DHIL has no data or not enough data for window size 1000.
2025-05-03 21:16:06 [31mERROR[0m -> [app/analysis/analysis.py.analysis.analyze.88]:                                                         ANALYZE => (scan) Dataset is None for ticker: DHIL
2025-05-03 21:16:10 [33mWARNING[0m -> [app/tickers/tickers_handler.py.tickers_handler.download_data.59]:                                    TICKER HANDLER Data is older than threshold: 0 days 23:16:10.761340
2025-05-03 21:16:10 [33mWARNING[0m -> [app/dataset/dataset_creator.py.dataset_creator.create_dataset.185]:                                  Ticker FL has no data or not enough data for window size 1000.
2025-05-03 21:16:10 [31mERROR[0m -> [app/analysis/analysis.py.analysis.analyze.88]:                                                         ANALYZE => (scan) Dataset is None for ticker: FL
2025-05-03 21:16:11 [33mWARNING[0m -> [app/tickers/tickers_handler.py.tickers_handler.download_data.59]:                                    TICKER HANDLER Data is older than threshold: 1 days 01:16:11.119893
2025-05-03 21:16:11 [33mWARNING[0m -> [app/dataset/dataset_creator.py.dataset_creator.create_dataset.185]:                                  Ticker IGIC has no data or not enough data for window size 1000.
2025-05-03 21:16:11 [31mERROR[0m -> [app/analysis/analysis.py.analysis.analyze.88]:                                                         ANALYZE => (scan) Dataset is None for ticker: IGIC
2025-05-03 21:16:15 [33mWARNING[0m -> [app/tickers/tickers_handler.py.tickers_handler.download_data.59]:                                    TICKER HANDLER Data is older than threshold: 1 days 00:16:15.428544
2025-05-03 21:16:15 [33mWARNING[0m -> [app/dataset/dataset_creator.py.dataset_creator.create_dataset.185]:                                  Ticker FSM has no data or not enough data for window size 1000.
2025-05-03 21:16:15 [31mERROR[0m -> [app/analysis/analysis.py.analysis.analyze.88]:                                                         ANALYZE => (scan) Dataset is None for ticker: FSM
2025-05-03 21:16:15 [33mWARNING[0m -> [app/tickers/tickers_handler.py.tickers_handler.download_data.59]:                                    TICKER HANDLER Data is older than threshold: 1 days 01:16:15.871811
2025-05-03 21:16:15 [33mWARNING[0m -> [app/dataset/dataset_creator.py.dataset_creator.create_dataset.185]:                                  Ticker PEBO has no data or not enough data for window size 1000.
2025-05-03 21:16:15 [31mERROR[0m -> [app/analysis/analysis.py.analysis.analyze.88]:                                                         ANALYZE => (scan) Dataset is None for ticker: PEBO
2025-05-03 21:16:19 [33mWARNING[0m -> [app/tickers/tickers_handler.py.tickers_handler.download_data.59]:                                    TICKER HANDLER Data is older than threshold: 1 days 01:16:19.385194
2025-05-03 21:16:19 [33mWARNING[0m -> [app/dataset/dataset_creator.py.dataset_creator.create_dataset.185]:                                  Ticker NEWT has no data or not enough data for window size 1000.
2025-05-03 21:16:19 [31mERROR[0m -> [app/analysis/analysis.py.analysis.analyze.88]:                                                         ANALYZE => (scan) Dataset is None for ticker: NEWT
2025-05-03 21:16:19 [33mWARNING[0m -> [app/tickers/tickers_handler.py.tickers_handler.download_data.59]:                                    TICKER HANDLER Data is older than threshold: 1 days 01:16:19.942672
2025-05-03 21:16:19 [33mWARNING[0m -> [app/dataset/dataset_creator.py.dataset_creator.create_dataset.185]:                                  Ticker MCFT has no data or not enough data for window size 1000.
2025-05-03 21:16:19 [31mERROR[0m -> [app/analysis/analysis.py.analysis.analyze.88]:                                                         ANALYZE => (scan) Dataset is None for ticker: MCFT
2025-05-03 21:16:20 [33mWARNING[0m -> [app/tickers/tickers_handler.py.tickers_handler.download_data.59]:                                    TICKER HANDLER Data is older than threshold: 1 days 01:16:20.604985
2025-05-03 21:16:20 [33mWARNING[0m -> [app/dataset/dataset_creator.py.dataset_creator.create_dataset.185]:                                  Ticker TGS has no data or not enough data for window size 1000.
2025-05-03 21:16:20 [31mERROR[0m -> [app/analysis/analysis.py.analysis.analyze.88]:                                                         ANALYZE => (scan) Dataset is None for ticker: TGS
2025-05-03 21:16:24 [33mWARNING[0m -> [app/tickers/tickers_handler.py.tickers_handler.download_data.59]:                                    TICKER HANDLER Data is older than threshold: 1 days 01:16:24.549363
2025-05-03 21:16:24 [33mWARNING[0m -> [app/dataset/dataset_creator.py.dataset_creator.create_dataset.185]:                                  Ticker AMN has no data or not enough data for window size 1000.
2025-05-03 21:16:24 [31mERROR[0m -> [app/analysis/analysis.py.analysis.analyze.88]:                                                         ANALYZE => (scan) Dataset is None for ticker: AMN
2025-05-03 21:16:26 [92mINFO[0m -> [app/alpaca/alpaca_handler.py.alpaca_handler.get_positions.263]:                                         ALPACA =>Fetching positions.
2025-05-03 21:16:26 [92mINFO[0m -> [app/trader/trader.py.trader.monitor_positions.153]:                                                     TRADER => BLDP drawdown = -1.57% (vs high 1.27)
2025-05-03 21:16:30 [33mWARNING[0m -> [app/tickers/tickers_handler.py.tickers_handler.download_data.59]:                                    TICKER HANDLER Data is older than threshold: 0 days 22:16:30.713819
2025-05-03 21:16:30 [33mWARNING[0m -> [app/dataset/dataset_creator.py.dataset_creator.create_dataset.185]:                                  Ticker BLDP has no data or not enough data for window size 1000.
2025-05-03 21:16:30 [31mERROR[0m -> [app/analysis/analysis.py.analysis.analyze.88]:                                                         ANALYZE => (monitor) Dataset is None for ticker: BLDP
2025-05-03 21:16:30 [92mINFO[0m -> [app/trader/trader.py.trader.monitor_positions.153]:                                                     TRADER => CTOS drawdown = 0.00% (vs high 4.10)
2025-05-03 21:16:34 [33mWARNING[0m -> [app/tickers/tickers_handler.py.tickers_handler.download_data.59]:                                    TICKER HANDLER Data is older than threshold: 1 days 01:16:34.626971
2025-05-03 21:16:34 [33mWARNING[0m -> [app/dataset/dataset_creator.py.dataset_creator.create_dataset.185]:                                  Ticker CTOS has no data or not enough data for window size 1000.
2025-05-03 21:16:34 [31mERROR[0m -> [app/analysis/analysis.py.analysis.analyze.88]:                                                         ANALYZE => (monitor) Dataset is None for ticker: CTOS
2025-05-03 21:16:34 [92mINFO[0m -> [app/trader/trader.py.trader.monitor_positions.153]:                                                     TRADER => EGY drawdown = -0.29% (vs high 3.39)
2025-05-03 21:16:37 [33mWARNING[0m -> [app/tickers/tickers_handler.py.tickers_handler.download_data.59]:                                    TICKER HANDLER Data is older than threshold: 0 days 22:16:37.910494
2025-05-03 21:16:37 [33mWARNING[0m -> [app/dataset/dataset_creator.py.dataset_creator.create_dataset.185]:                                  Ticker ADBE has no data or not enough data for window size 1000.
2025-05-03 21:16:37 [31mERROR[0m -> [app/analysis/analysis.py.analysis.analyze.88]:                                                         ANALYZE => (scan) Dataset is None for ticker: ADBE
2025-05-03 21:16:37 [33mWARNING[0m -> [app/tickers/tickers_handler.py.tickers_handler.download_data.59]:                                    TICKER HANDLER Data is older than threshold: 1 days 06:16:37.959851
2025-05-03 21:16:37 [33mWARNING[0m -> [app/dataset/dataset_creator.py.dataset_creator.create_dataset.185]:                                  Ticker ALDF has no data or not enough data for window size 1000.
2025-05-03 21:16:37 [31mERROR[0m -> [app/analysis/analysis.py.analysis.analyze.88]:                                                         ANALYZE => (scan) Dataset is None for ticker: ALDF
2025-05-03 21:16:41 [33mWARNING[0m -> [app/tickers/tickers_handler.py.tickers_handler.download_data.59]:                                    TICKER HANDLER Data is older than threshold: 1 days 01:16:41.776662
2025-05-03 21:16:41 [33mWARNING[0m -> [app/dataset/dataset_creator.py.dataset_creator.create_dataset.185]:                                  Ticker EGY has no data or not enough data for window size 1000.
2025-05-03 21:16:41 [31mERROR[0m -> [app/analysis/analysis.py.analysis.analyze.88]:                                                         ANALYZE => (monitor) Dataset is None for ticker: EGY
2025-05-03 21:16:41 [92mINFO[0m -> [app/trader/trader.py.trader.monitor_positions.153]:                                                     TRADER => HROW drawdown = -0.40% (vs high 25.94)
2025-05-03 21:16:45 [33mWARNING[0m -> [app/tickers/tickers_handler.py.tickers_handler.download_data.59]:                                    TICKER HANDLER Data is older than threshold: 1 days 01:16:45.019980
2025-05-03 21:16:45 [33mWARNING[0m -> [app/dataset/dataset_creator.py.dataset_creator.create_dataset.185]:                                  Ticker XHR has no data or not enough data for window size 1000.
2025-05-03 21:16:45 [31mERROR[0m -> [app/analysis/analysis.py.analysis.analyze.88]:                                                         ANALYZE => (scan) Dataset is None for ticker: XHR
2025-05-03 21:16:48 [33mWARNING[0m -> [app/tickers/tickers_handler.py.tickers_handler.download_data.59]:                                    TICKER HANDLER Data is older than threshold: 1 days 00:16:48.694975
2025-05-03 21:16:48 [33mWARNING[0m -> [app/dataset/dataset_creator.py.dataset_creator.create_dataset.185]:                                  Ticker HROW has no data or not enough data for window size 1000.
2025-05-03 21:16:48 [31mERROR[0m -> [app/analysis/analysis.py.analysis.analyze.88]:                                                         ANALYZE => (monitor) Dataset is None for ticker: HROW
2025-05-03 21:16:48 [33mWARNING[0m -> [app/tickers/tickers_handler.py.tickers_handler.download_data.59]:                                    TICKER HANDLER Data is older than threshold: 1 days 01:16:48.797880
2025-05-03 21:16:48 [33mWARNING[0m -> [app/dataset/dataset_creator.py.dataset_creator.create_dataset.185]:                                  Ticker SR has no data or not enough data for window size 1000.
2025-05-03 21:16:48 [31mERROR[0m -> [app/analysis/analysis.py.analysis.analyze.88]:                                                         ANALYZE => (scan) Dataset is None for ticker: SR
2025-05-03 21:16:49 [33mWARNING[0m -> [app/tickers/tickers_handler.py.tickers_handler.download_data.59]:                                    TICKER HANDLER Data is older than threshold: 1 days 01:16:49.319433
2025-05-03 21:16:49 [33mWARNING[0m -> [app/dataset/dataset_creator.py.dataset_creator.create_dataset.185]:                                  Ticker GCO has no data or not enough data for window size 1000.
2025-05-03 21:16:49 [31mERROR[0m -> [app/analysis/analysis.py.analysis.analyze.88]:                                                         ANALYZE => (scan) Dataset is None for ticker: GCO
2025-05-03 21:16:52 [33mWARNING[0m -> [app/tickers/tickers_handler.py.tickers_handler.download_data.59]:                                    TICKER HANDLER Data is older than threshold: 33 days 01:16:52.774298
2025-05-03 21:16:52 [33mWARNING[0m -> [app/dataset/dataset_creator.py.dataset_creator.create_dataset.185]:                                  Ticker FBMS has no data or not enough data for window size 1000.
2025-05-03 21:16:52 [31mERROR[0m -> [app/analysis/analysis.py.analysis.analyze.88]:                                                         ANALYZE => (scan) Dataset is None for ticker: FBMS
2025-05-03 21:16:57 [33mWARNING[0m -> [app/tickers/tickers_handler.py.tickers_handler.download_data.59]:                                    TICKER HANDLER Data is older than threshold: 0 days 22:16:57.204229
2025-05-03 21:16:57 [33mWARNING[0m -> [app/dataset/dataset_creator.py.dataset_creator.create_dataset.185]:                                  Ticker EQNR has no data or not enough data for window size 1000.
2025-05-03 21:16:57 [31mERROR[0m -> [app/analysis/analysis.py.analysis.analyze.88]:                                                         ANALYZE => (scan) Dataset is None for ticker: EQNR
2025-05-03 21:16:58 [33mWARNING[0m -> [app/tickers/tickers_handler.py.tickers_handler.download_data.59]:                                    TICKER HANDLER Data is older than threshold: 1 days 01:16:58.272217
2025-05-03 21:16:58 [33mWARNING[0m -> [app/dataset/dataset_creator.py.dataset_creator.create_dataset.185]:                                  Ticker MAA has no data or not enough data for window size 1000.
2025-05-03 21:16:58 [31mERROR[0m -> [app/analysis/analysis.py.analysis.analyze.88]:                                                         ANALYZE => (scan) Dataset is None for ticker: MAA
2025-05-03 21:17:02 [33mWARNING[0m -> [app/tickers/tickers_handler.py.tickers_handler.download_data.59]:                                    TICKER HANDLER Data is older than threshold: 1 days 01:17:02.024023
2025-05-03 21:17:02 [33mWARNING[0m -> [app/dataset/dataset_creator.py.dataset_creator.create_dataset.185]:                                  Ticker ARW has no data or not enough data for window size 1000.
2025-05-03 21:17:02 [31mERROR[0m -> [app/analysis/analysis.py.analysis.analyze.88]:                                                         ANALYZE => (scan) Dataset is None for ticker: ARW
2025-05-03 21:17:06 [33mWARNING[0m -> [app/tickers/tickers_handler.py.tickers_handler.download_data.59]:                                    TICKER HANDLER Data is older than threshold: 1 days 01:17:06.504599
2025-05-03 21:17:06 [33mWARNING[0m -> [app/dataset/dataset_creator.py.dataset_creator.create_dataset.185]:                                  Ticker KR has no data or not enough data for window size 1000.
2025-05-03 21:17:06 [31mERROR[0m -> [app/analysis/analysis.py.analysis.analyze.88]:                                                         ANALYZE => (scan) Dataset is None for ticker: KR
2025-05-03 21:17:11 [33mWARNING[0m -> [app/tickers/tickers_handler.py.tickers_handler.download_data.59]:                                    TICKER HANDLER Data is older than threshold: 0 days 22:17:11.359744
2025-05-03 21:17:11 [33mWARNING[0m -> [app/dataset/dataset_creator.py.dataset_creator.create_dataset.185]:                                  Ticker BA has no data or not enough data for window size 1000.
2025-05-03 21:17:11 [31mERROR[0m -> [app/analysis/analysis.py.analysis.analyze.88]:                                                         ANALYZE => (scan) Dataset is None for ticker: BA
2025-05-03 21:17:15 [33mWARNING[0m -> [app/tickers/tickers_handler.py.tickers_handler.download_data.59]:                                    TICKER HANDLER Data is older than threshold: 0 days 23:17:15.099282
2025-05-03 21:17:15 [33mWARNING[0m -> [app/dataset/dataset_creator.py.dataset_creator.create_dataset.185]:                                  Ticker SD has no data or not enough data for window size 1000.
2025-05-03 21:17:15 [31mERROR[0m -> [app/analysis/analysis.py.analysis.analyze.88]:                                                         ANALYZE => (scan) Dataset is None for ticker: SD
2025-05-03 21:17:19 [33mWARNING[0m -> [app/tickers/tickers_handler.py.tickers_handler.download_data.59]:                                    TICKER HANDLER Data is older than threshold: 1 days 01:17:19.234441
2025-05-03 21:17:19 [33mWARNING[0m -> [app/dataset/dataset_creator.py.dataset_creator.create_dataset.185]:                                  Ticker AL has no data or not enough data for window size 1000.
2025-05-03 21:17:19 [31mERROR[0m -> [app/analysis/analysis.py.analysis.analyze.88]:                                                         ANALYZE => (scan) Dataset is None for ticker: AL
2025-05-03 21:17:19 [33mWARNING[0m -> [app/tickers/tickers_handler.py.tickers_handler.download_data.59]:                                    TICKER HANDLER Data is older than threshold: 1 days 01:17:19.832222
2025-05-03 21:17:19 [33mWARNING[0m -> [app/dataset/dataset_creator.py.dataset_creator.create_dataset.185]:                                  Ticker NVEE has no data or not enough data for window size 1000.
2025-05-03 21:17:19 [31mERROR[0m -> [app/analysis/analysis.py.analysis.analyze.88]:                                                         ANALYZE => (scan) Dataset is None for ticker: NVEE
2025-05-03 21:17:23 [33mWARNING[0m -> [app/tickers/tickers_handler.py.tickers_handler.download_data.59]:                                    TICKER HANDLER Data is older than threshold: 1 days 01:17:23.908821
2025-05-03 21:17:23 [33mWARNING[0m -> [app/dataset/dataset_creator.py.dataset_creator.create_dataset.185]:                                  Ticker NTST has no data or not enough data for window size 1000.
2025-05-03 21:17:23 [31mERROR[0m -> [app/analysis/analysis.py.analysis.analyze.88]:                                                         ANALYZE => (scan) Dataset is None for ticker: NTST
2025-05-03 21:17:28 [33mWARNING[0m -> [app/tickers/tickers_handler.py.tickers_handler.download_data.59]:                                    TICKER HANDLER Data is older than threshold: 1 days 01:17:28.148827
2025-05-03 21:17:28 [33mWARNING[0m -> [app/dataset/dataset_creator.py.dataset_creator.create_dataset.185]:                                  Ticker UBS has no data or not enough data for window size 1000.
2025-05-03 21:17:28 [31mERROR[0m -> [app/analysis/analysis.py.analysis.analyze.88]:                                                         ANALYZE => (scan) Dataset is None for ticker: UBS
2025-05-03 21:17:32 [33mWARNING[0m -> [app/tickers/tickers_handler.py.tickers_handler.download_data.59]:                                    TICKER HANDLER Data is older than threshold: 1 days 01:17:32.310115
2025-05-03 21:17:32 [33mWARNING[0m -> [app/dataset/dataset_creator.py.dataset_creator.create_dataset.185]:                                  Ticker PGRE has no data or not enough data for window size 1000.
2025-05-03 21:17:32 [31mERROR[0m -> [app/analysis/analysis.py.analysis.analyze.88]:                                                         ANALYZE => (scan) Dataset is None for ticker: PGRE
2025-05-03 21:17:33 [33mWARNING[0m -> [app/tickers/tickers_handler.py.tickers_handler.download_data.59]:                                    TICKER HANDLER Data is older than threshold: 1 days 01:17:33.086764
2025-05-03 21:17:33 [33mWARNING[0m -> [app/dataset/dataset_creator.py.dataset_creator.create_dataset.185]:                                  Ticker FFIN has no data or not enough data for window size 1000.
2025-05-03 21:17:33 [31mERROR[0m -> [app/analysis/analysis.py.analysis.analyze.88]:                                                         ANALYZE => (scan) Dataset is None for ticker: FFIN
2025-05-03 21:17:37 [33mWARNING[0m -> [app/tickers/tickers_handler.py.tickers_handler.download_data.59]:                                    TICKER HANDLER Data is older than threshold: 1 days 01:17:37.080039
2025-05-03 21:17:37 [33mWARNING[0m -> [app/dataset/dataset_creator.py.dataset_creator.create_dataset.185]:                                  Ticker ALLE has no data or not enough data for window size 1000.
2025-05-03 21:17:37 [31mERROR[0m -> [app/analysis/analysis.py.analysis.analyze.88]:                                                         ANALYZE => (scan) Dataset is None for ticker: ALLE
2025-05-03 21:17:41 [33mWARNING[0m -> [app/tickers/tickers_handler.py.tickers_handler.download_data.59]:                                    TICKER HANDLER Data is older than threshold: 1 days 00:17:41.226465
2025-05-03 21:17:41 [33mWARNING[0m -> [app/dataset/dataset_creator.py.dataset_creator.create_dataset.185]:                                  Ticker GH has no data or not enough data for window size 1000.
2025-05-03 21:17:41 [31mERROR[0m -> [app/analysis/analysis.py.analysis.analyze.88]:                                                         ANALYZE => (scan) Dataset is None for ticker: GH
2025-05-03 21:17:44 [33mWARNING[0m -> [app/tickers/tickers_handler.py.tickers_handler.download_data.59]:                                    TICKER HANDLER Data is older than threshold: 1 days 01:17:44.984168
2025-05-03 21:17:44 [33mWARNING[0m -> [app/dataset/dataset_creator.py.dataset_creator.create_dataset.185]:                                  Ticker BLCO has no data or not enough data for window size 1000.
2025-05-03 21:17:44 [31mERROR[0m -> [app/analysis/analysis.py.analysis.analyze.88]:                                                         ANALYZE => (scan) Dataset is None for ticker: BLCO
2025-05-03 21:17:48 [92mINFO[0m -> [app/alpaca/alpaca_handler.py.alpaca_handler.get_positions.263]:                                         ALPACA =>Fetching positions.
2025-05-03 21:17:48 [92mINFO[0m -> [app/trader/trader.py.trader.monitor_positions.153]:                                                     TRADER => BLDP drawdown = -1.57% (vs high 1.27)
2025-05-03 21:17:53 [33mWARNING[0m -> [app/tickers/tickers_handler.py.tickers_handler.download_data.59]:                                    TICKER HANDLER Data is older than threshold: 0 days 22:17:53.060698
2025-05-03 21:17:53 [33mWARNING[0m -> [app/dataset/dataset_creator.py.dataset_creator.create_dataset.185]:                                  Ticker BLDP has no data or not enough data for window size 1000.
2025-05-03 21:17:53 [31mERROR[0m -> [app/analysis/analysis.py.analysis.analyze.88]:                                                         ANALYZE => (monitor) Dataset is None for ticker: BLDP
2025-05-03 21:17:53 [92mINFO[0m -> [app/trader/trader.py.trader.monitor_positions.153]:                                                     TRADER => CTOS drawdown = 0.00% (vs high 4.10)
2025-05-03 21:17:53 [33mWARNING[0m -> [app/tickers/tickers_handler.py.tickers_handler.download_data.59]:                                    TICKER HANDLER Data is older than threshold: 0 days 22:17:53.185577
2025-05-03 21:17:53 [33mWARNING[0m -> [app/dataset/dataset_creator.py.dataset_creator.create_dataset.185]:                                  Ticker MSFT has no data or not enough data for window size 1000.
2025-05-03 21:17:53 [31mERROR[0m -> [app/analysis/analysis.py.analysis.analyze.88]:                                                         ANALYZE => (scan) Dataset is None for ticker: MSFT
2025-05-03 21:18:00 [33mWARNING[0m -> [app/tickers/tickers_handler.py.tickers_handler.download_data.59]:                                    TICKER HANDLER Data is older than threshold: 1 days 01:18:00.179964
2025-05-03 21:18:00 [33mWARNING[0m -> [app/dataset/dataset_creator.py.dataset_creator.create_dataset.185]:                                  Ticker AHR has no data or not enough data for window size 1000.
2025-05-03 21:18:00 [31mERROR[0m -> [app/analysis/analysis.py.analysis.analyze.88]:                                                         ANALYZE => (scan) Dataset is None for ticker: AHR
2025-05-03 21:18:00 [33mWARNING[0m -> [app/tickers/tickers_handler.py.tickers_handler.download_data.59]:                                    TICKER HANDLER Data is older than threshold: 1 days 01:18:00.259477
2025-05-03 21:18:00 [33mWARNING[0m -> [app/dataset/dataset_creator.py.dataset_creator.create_dataset.185]:                                  Ticker CTOS has no data or not enough data for window size 1000.
2025-05-03 21:18:00 [31mERROR[0m -> [app/analysis/analysis.py.analysis.analyze.88]:                                                         ANALYZE => (monitor) Dataset is None for ticker: CTOS
2025-05-03 21:18:00 [92mINFO[0m -> [app/trader/trader.py.trader.monitor_positions.153]:                                                     TRADER => EGY drawdown = -0.29% (vs high 3.39)
2025-05-03 21:18:07 [33mWARNING[0m -> [app/tickers/tickers_handler.py.tickers_handler.download_data.59]:                                    TICKER HANDLER Data is older than threshold: 1 days 01:18:07.497128
2025-05-03 21:18:07 [33mWARNING[0m -> [app/dataset/dataset_creator.py.dataset_creator.create_dataset.185]:                                  Ticker EGY has no data or not enough data for window size 1000.
2025-05-03 21:18:07 [31mERROR[0m -> [app/analysis/analysis.py.analysis.analyze.88]:                                                         ANALYZE => (monitor) Dataset is None for ticker: EGY
2025-05-03 21:18:07 [92mINFO[0m -> [app/trader/trader.py.trader.monitor_positions.153]:                                                     TRADER => HROW drawdown = -0.40% (vs high 25.94)
2025-05-03 21:18:07 [33mWARNING[0m -> [app/tickers/tickers_handler.py.tickers_handler.download_data.59]:                                    TICKER HANDLER Data is older than threshold: 1 days 01:18:07.507610
2025-05-03 21:18:07 [33mWARNING[0m -> [app/dataset/dataset_creator.py.dataset_creator.create_dataset.185]:                                  Ticker GTN has no data or not enough data for window size 1000.
2025-05-03 21:18:07 [31mERROR[0m -> [app/analysis/analysis.py.analysis.analyze.88]:                                                         ANALYZE => (scan) Dataset is None for ticker: GTN
2025-05-03 21:18:11 [33mWARNING[0m -> [app/tickers/tickers_handler.py.tickers_handler.download_data.59]:                                    TICKER HANDLER Data is older than threshold: 1 days 00:18:11.254431
2025-05-03 21:18:11 [33mWARNING[0m -> [app/dataset/dataset_creator.py.dataset_creator.create_dataset.185]:                                  Ticker HROW has no data or not enough data for window size 1000.
2025-05-03 21:18:11 [31mERROR[0m -> [app/analysis/analysis.py.analysis.analyze.88]:                                                         ANALYZE => (monitor) Dataset is None for ticker: HROW
2025-05-03 21:18:14 [33mWARNING[0m -> [app/tickers/tickers_handler.py.tickers_handler.download_data.59]:                                    TICKER HANDLER Data is older than threshold: 1 days 01:18:14.597823
2025-05-03 21:18:14 [33mWARNING[0m -> [app/dataset/dataset_creator.py.dataset_creator.create_dataset.185]:                                  Ticker PCRX has no data or not enough data for window size 1000.
2025-05-03 21:18:14 [31mERROR[0m -> [app/analysis/analysis.py.analysis.analyze.88]:                                                         ANALYZE => (scan) Dataset is None for ticker: PCRX
2025-05-03 21:18:15 [33mWARNING[0m -> [app/tickers/tickers_handler.py.tickers_handler.download_data.59]:                                    TICKER HANDLER Data is older than threshold: 1 days 01:18:15.631951
2025-05-03 21:18:15 [33mWARNING[0m -> [app/dataset/dataset_creator.py.dataset_creator.create_dataset.185]:                                  Ticker CMI has no data or not enough data for window size 1000.
2025-05-03 21:18:15 [31mERROR[0m -> [app/analysis/analysis.py.analysis.analyze.88]:                                                         ANALYZE => (scan) Dataset is None for ticker: CMI
2025-05-03 21:18:23 [33mWARNING[0m -> [app/tickers/tickers_handler.py.tickers_handler.download_data.59]:                                    TICKER HANDLER Data is older than threshold: 0 days 22:18:23.170249
2025-05-03 21:18:23 [33mWARNING[0m -> [app/dataset/dataset_creator.py.dataset_creator.create_dataset.185]:                                  Ticker BE has no data or not enough data for window size 1000.
2025-05-03 21:18:23 [31mERROR[0m -> [app/analysis/analysis.py.analysis.analyze.88]:                                                         ANALYZE => (scan) Dataset is None for ticker: BE
2025-05-03 21:18:24 [33mWARNING[0m -> [app/tickers/tickers_handler.py.tickers_handler.download_data.59]:                                    TICKER HANDLER Data is older than threshold: 1 days 01:18:24.172093
2025-05-03 21:18:24 [33mWARNING[0m -> [app/dataset/dataset_creator.py.dataset_creator.create_dataset.185]:                                  Ticker INSP has no data or not enough data for window size 1000.
2025-05-03 21:18:24 [31mERROR[0m -> [app/analysis/analysis.py.analysis.analyze.88]:                                                         ANALYZE => (scan) Dataset is None for ticker: INSP
2025-05-03 21:18:28 [33mWARNING[0m -> [app/tickers/tickers_handler.py.tickers_handler.download_data.59]:                                    TICKER HANDLER Data is older than threshold: 1 days 01:18:28.217144
2025-05-03 21:18:28 [33mWARNING[0m -> [app/dataset/dataset_creator.py.dataset_creator.create_dataset.185]:                                  Ticker OLMA has no data or not enough data for window size 1000.
2025-05-03 21:18:28 [31mERROR[0m -> [app/analysis/analysis.py.analysis.analyze.88]:                                                         ANALYZE => (scan) Dataset is None for ticker: OLMA
2025-05-03 21:18:32 [33mWARNING[0m -> [app/tickers/tickers_handler.py.tickers_handler.download_data.59]:                                    TICKER HANDLER Data is older than threshold: 1 days 01:18:32.070985
2025-05-03 21:18:32 [33mWARNING[0m -> [app/dataset/dataset_creator.py.dataset_creator.create_dataset.185]:                                  Ticker URI has no data or not enough data for window size 1000.
2025-05-03 21:18:32 [31mERROR[0m -> [app/analysis/analysis.py.analysis.analyze.88]:                                                         ANALYZE => (scan) Dataset is None for ticker: URI
2025-05-03 21:18:37 [33mWARNING[0m -> [app/tickers/tickers_handler.py.tickers_handler.download_data.59]:                                    TICKER HANDLER Data is older than threshold: 0 days 22:18:37.617686
2025-05-03 21:18:37 [33mWARNING[0m -> [app/dataset/dataset_creator.py.dataset_creator.create_dataset.185]:                                  Ticker IONQ has no data or not enough data for window size 1000.
2025-05-03 21:18:37 [31mERROR[0m -> [app/analysis/analysis.py.analysis.analyze.88]:                                                         ANALYZE => (scan) Dataset is None for ticker: IONQ
2025-05-03 21:18:41 [33mWARNING[0m -> [app/tickers/tickers_handler.py.tickers_handler.download_data.59]:                                    TICKER HANDLER Data is older than threshold: 1 days 01:18:41.144034
2025-05-03 21:18:41 [33mWARNING[0m -> [app/dataset/dataset_creator.py.dataset_creator.create_dataset.185]:                                  Ticker NUTX has no data or not enough data for window size 1000.
2025-05-03 21:18:41 [31mERROR[0m -> [app/analysis/analysis.py.analysis.analyze.88]:                                                         ANALYZE => (scan) Dataset is None for ticker: NUTX
2025-05-03 21:18:45 [33mWARNING[0m -> [app/tickers/tickers_handler.py.tickers_handler.download_data.59]:                                    TICKER HANDLER Data is older than threshold: 1 days 01:18:45.172286
2025-05-03 21:18:45 [33mWARNING[0m -> [app/dataset/dataset_creator.py.dataset_creator.create_dataset.185]:                                  Ticker VRRM has no data or not enough data for window size 1000.
2025-05-03 21:18:45 [31mERROR[0m -> [app/analysis/analysis.py.analysis.analyze.88]:                                                         ANALYZE => (scan) Dataset is None for ticker: VRRM
2025-05-03 21:18:49 [33mWARNING[0m -> [app/tickers/tickers_handler.py.tickers_handler.download_data.59]:                                    TICKER HANDLER Data is older than threshold: 0 days 22:18:49.774475
2025-05-03 21:18:49 [33mWARNING[0m -> [app/dataset/dataset_creator.py.dataset_creator.create_dataset.185]:                                  Ticker SHEL has no data or not enough data for window size 1000.
2025-05-03 21:18:49 [31mERROR[0m -> [app/analysis/analysis.py.analysis.analyze.88]:                                                         ANALYZE => (scan) Dataset is None for ticker: SHEL
2025-05-03 21:18:53 [33mWARNING[0m -> [app/tickers/tickers_handler.py.tickers_handler.download_data.59]:                                    TICKER HANDLER Data is older than threshold: 1 days 01:18:53.991463
2025-05-03 21:18:53 [33mWARNING[0m -> [app/dataset/dataset_creator.py.dataset_creator.create_dataset.185]:                                  Ticker SW has no data or not enough data for window size 1000.
2025-05-03 21:18:53 [31mERROR[0m -> [app/analysis/analysis.py.analysis.analyze.88]:                                                         ANALYZE => (scan) Dataset is None for ticker: SW
2025-05-03 21:18:58 [33mWARNING[0m -> [app/tickers/tickers_handler.py.tickers_handler.download_data.59]:                                    TICKER HANDLER Data is older than threshold: 1 days 01:18:58.309740
2025-05-03 21:18:58 [33mWARNING[0m -> [app/dataset/dataset_creator.py.dataset_creator.create_dataset.185]:                                  Ticker SNY has no data or not enough data for window size 1000.
2025-05-03 21:18:58 [31mERROR[0m -> [app/analysis/analysis.py.analysis.analyze.88]:                                                         ANALYZE => (scan) Dataset is None for ticker: SNY
2025-05-03 21:18:59 [33mWARNING[0m -> [app/tickers/tickers_handler.py.tickers_handler.download_data.59]:                                    TICKER HANDLER Data is older than threshold: 1 days 01:18:59.566350
2025-05-03 21:18:59 [33mWARNING[0m -> [app/dataset/dataset_creator.py.dataset_creator.create_dataset.185]:                                  Ticker ACGL has no data or not enough data for window size 1000.
2025-05-03 21:18:59 [31mERROR[0m -> [app/analysis/analysis.py.analysis.analyze.88]:                                                         ANALYZE => (scan) Dataset is None for ticker: ACGL
2025-05-03 21:19:03 [33mWARNING[0m -> [app/tickers/tickers_handler.py.tickers_handler.download_data.59]:                                    TICKER HANDLER Data is older than threshold: 1 days 01:19:03.134225
2025-05-03 21:19:03 [33mWARNING[0m -> [app/dataset/dataset_creator.py.dataset_creator.create_dataset.185]:                                  Ticker TCMD has no data or not enough data for window size 1000.
2025-05-03 21:19:03 [31mERROR[0m -> [app/analysis/analysis.py.analysis.analyze.88]:                                                         ANALYZE => (scan) Dataset is None for ticker: TCMD
2025-05-03 21:19:03 [33mWARNING[0m -> [app/tickers/tickers_handler.py.tickers_handler.download_data.59]:                                    TICKER HANDLER Data is older than threshold: 1 days 01:19:03.706181
2025-05-03 21:19:03 [33mWARNING[0m -> [app/dataset/dataset_creator.py.dataset_creator.create_dataset.185]:                                  Ticker TITN has no data or not enough data for window size 1000.
2025-05-03 21:19:03 [31mERROR[0m -> [app/analysis/analysis.py.analysis.analyze.88]:                                                         ANALYZE => (scan) Dataset is None for ticker: TITN
2025-05-03 21:19:11 [92mINFO[0m -> [app/alpaca/alpaca_handler.py.alpaca_handler.get_positions.263]:                                         ALPACA =>Fetching positions.
2025-05-03 21:19:11 [33mWARNING[0m -> [app/tickers/tickers_handler.py.tickers_handler.download_data.59]:                                    TICKER HANDLER Data is older than threshold: 0 days 22:19:11.338715
2025-05-03 21:19:11 [33mWARNING[0m -> [app/dataset/dataset_creator.py.dataset_creator.create_dataset.185]:                                  Ticker NKE has no data or not enough data for window size 1000.
2025-05-03 21:19:11 [31mERROR[0m -> [app/analysis/analysis.py.analysis.analyze.88]:                                                         ANALYZE => (scan) Dataset is None for ticker: NKE
2025-05-03 21:19:11 [92mINFO[0m -> [app/trader/trader.py.trader.monitor_positions.153]:                                                     TRADER => BLDP drawdown = -1.57% (vs high 1.27)
2025-05-03 21:19:18 [33mWARNING[0m -> [app/tickers/tickers_handler.py.tickers_handler.download_data.59]:                                    TICKER HANDLER Data is older than threshold: 0 days 22:19:18.516300
2025-05-03 21:19:18 [33mWARNING[0m -> [app/dataset/dataset_creator.py.dataset_creator.create_dataset.185]:                                  Ticker BLDP has no data or not enough data for window size 1000.
2025-05-03 21:19:18 [31mERROR[0m -> [app/analysis/analysis.py.analysis.analyze.88]:                                                         ANALYZE => (monitor) Dataset is None for ticker: BLDP
2025-05-03 21:19:18 [92mINFO[0m -> [app/trader/trader.py.trader.monitor_positions.153]:                                                     TRADER => CTOS drawdown = 0.00% (vs high 4.10)
2025-05-03 21:19:18 [33mWARNING[0m -> [app/tickers/tickers_handler.py.tickers_handler.download_data.59]:                                    TICKER HANDLER Data is older than threshold: 1 days 01:19:18.606965
2025-05-03 21:19:18 [33mWARNING[0m -> [app/dataset/dataset_creator.py.dataset_creator.create_dataset.185]:                                  Ticker AEE has no data or not enough data for window size 1000.
2025-05-03 21:19:18 [31mERROR[0m -> [app/analysis/analysis.py.analysis.analyze.88]:                                                         ANALYZE => (scan) Dataset is None for ticker: AEE
2025-05-03 21:19:22 [33mWARNING[0m -> [app/tickers/tickers_handler.py.tickers_handler.download_data.59]:                                    TICKER HANDLER Data is older than threshold: 1 days 01:19:22.427882
2025-05-03 21:19:22 [33mWARNING[0m -> [app/dataset/dataset_creator.py.dataset_creator.create_dataset.185]:                                  Ticker CTOS has no data or not enough data for window size 1000.
2025-05-03 21:19:22 [31mERROR[0m -> [app/analysis/analysis.py.analysis.analyze.88]:                                                         ANALYZE => (monitor) Dataset is None for ticker: CTOS
2025-05-03 21:19:22 [92mINFO[0m -> [app/trader/trader.py.trader.monitor_positions.153]:                                                     TRADER => EGY drawdown = -0.29% (vs high 3.39)
2025-05-03 21:19:25 [33mWARNING[0m -> [app/tickers/tickers_handler.py.tickers_handler.download_data.59]:                                    TICKER HANDLER Data is older than threshold: 1 days 01:19:25.877160
2025-05-03 21:19:25 [33mWARNING[0m -> [app/dataset/dataset_creator.py.dataset_creator.create_dataset.185]:                                  Ticker BRO has no data or not enough data for window size 1000.
2025-05-03 21:19:25 [31mERROR[0m -> [app/analysis/analysis.py.analysis.analyze.88]:                                                         ANALYZE => (scan) Dataset is None for ticker: BRO
2025-05-03 21:19:26 [33mWARNING[0m -> [app/tickers/tickers_handler.py.tickers_handler.download_data.59]:                                    TICKER HANDLER Data is older than threshold: 1 days 01:19:26.077686
2025-05-03 21:19:26 [33mWARNING[0m -> [app/dataset/dataset_creator.py.dataset_creator.create_dataset.185]:                                  Ticker NRP has no data or not enough data for window size 1000.
2025-05-03 21:19:26 [31mERROR[0m -> [app/analysis/analysis.py.analysis.analyze.88]:                                                         ANALYZE => (scan) Dataset is None for ticker: NRP
2025-05-03 21:19:29 [33mWARNING[0m -> [app/tickers/tickers_handler.py.tickers_handler.download_data.59]:                                    TICKER HANDLER Data is older than threshold: 1 days 01:19:29.514181
2025-05-03 21:19:29 [33mWARNING[0m -> [app/dataset/dataset_creator.py.dataset_creator.create_dataset.185]:                                  Ticker TRAK has no data or not enough data for window size 1000.
2025-05-03 21:19:29 [31mERROR[0m -> [app/analysis/analysis.py.analysis.analyze.88]:                                                         ANALYZE => (scan) Dataset is None for ticker: TRAK
2025-05-03 21:19:29 [33mWARNING[0m -> [app/tickers/tickers_handler.py.tickers_handler.download_data.59]:                                    TICKER HANDLER Data is older than threshold: 1 days 01:19:29.734234
2025-05-03 21:19:29 [33mWARNING[0m -> [app/dataset/dataset_creator.py.dataset_creator.create_dataset.185]:                                  Ticker EGY has no data or not enough data for window size 1000.
2025-05-03 21:19:29 [31mERROR[0m -> [app/analysis/analysis.py.analysis.analyze.88]:                                                         ANALYZE => (monitor) Dataset is None for ticker: EGY
2025-05-03 21:19:29 [92mINFO[0m -> [app/trader/trader.py.trader.monitor_positions.153]:                                                     TRADER => HROW drawdown = -0.40% (vs high 25.94)
2025-05-03 21:19:36 [33mWARNING[0m -> [app/tickers/tickers_handler.py.tickers_handler.download_data.59]:                                    TICKER HANDLER Data is older than threshold: 1 days 01:19:36.499844
2025-05-03 21:19:36 [33mWARNING[0m -> [app/dataset/dataset_creator.py.dataset_creator.create_dataset.185]:                                  Ticker AVB has no data or not enough data for window size 1000.
2025-05-03 21:19:36 [31mERROR[0m -> [app/analysis/analysis.py.analysis.analyze.88]:                                                         ANALYZE => (scan) Dataset is None for ticker: AVB
2025-05-03 21:19:36 [33mWARNING[0m -> [app/tickers/tickers_handler.py.tickers_handler.download_data.59]:                                    TICKER HANDLER Data is older than threshold: 1 days 00:19:36.586007
2025-05-03 21:19:36 [33mWARNING[0m -> [app/dataset/dataset_creator.py.dataset_creator.create_dataset.185]:                                  Ticker HROW has no data or not enough data for window size 1000.
2025-05-03 21:19:36 [31mERROR[0m -> [app/analysis/analysis.py.analysis.analyze.88]:                                                         ANALYZE => (monitor) Dataset is None for ticker: HROW
2025-05-03 21:19:40 [33mWARNING[0m -> [app/tickers/tickers_handler.py.tickers_handler.download_data.59]:                                    TICKER HANDLER Data is older than threshold: 1 days 01:19:40.644991
2025-05-03 21:19:40 [33mWARNING[0m -> [app/dataset/dataset_creator.py.dataset_creator.create_dataset.185]:                                  Ticker STAG has no data or not enough data for window size 1000.
2025-05-03 21:19:40 [31mERROR[0m -> [app/analysis/analysis.py.analysis.analyze.88]:                                                         ANALYZE => (scan) Dataset is None for ticker: STAG
2025-05-03 21:19:41 [33mWARNING[0m -> [app/tickers/tickers_handler.py.tickers_handler.download_data.59]:                                    TICKER HANDLER Data is older than threshold: 1 days 01:19:41.427617
2025-05-03 21:19:41 [33mWARNING[0m -> [app/dataset/dataset_creator.py.dataset_creator.create_dataset.185]:                                  Ticker WK has no data or not enough data for window size 1000.
2025-05-03 21:19:41 [31mERROR[0m -> [app/analysis/analysis.py.analysis.analyze.88]:                                                         ANALYZE => (scan) Dataset is None for ticker: WK
2025-05-03 21:19:45 [33mWARNING[0m -> [app/tickers/tickers_handler.py.tickers_handler.download_data.59]:                                    TICKER HANDLER Data is older than threshold: 0 days 22:19:45.700375
2025-05-03 21:19:45 [33mWARNING[0m -> [app/dataset/dataset_creator.py.dataset_creator.create_dataset.185]:                                  Ticker TTWO has no data or not enough data for window size 1000.
2025-05-03 21:19:45 [31mERROR[0m -> [app/analysis/analysis.py.analysis.analyze.88]:                                                         ANALYZE => (scan) Dataset is None for ticker: TTWO
2025-05-03 21:19:49 [33mWARNING[0m -> [app/tickers/tickers_handler.py.tickers_handler.download_data.59]:                                    TICKER HANDLER Data is older than threshold: 1 days 01:19:49.873953
2025-05-03 21:19:49 [33mWARNING[0m -> [app/dataset/dataset_creator.py.dataset_creator.create_dataset.185]:                                  Ticker WEC has no data or not enough data for window size 1000.
2025-05-03 21:19:49 [31mERROR[0m -> [app/analysis/analysis.py.analysis.analyze.88]:                                                         ANALYZE => (scan) Dataset is None for ticker: WEC
2025-05-03 21:19:54 [33mWARNING[0m -> [app/tickers/tickers_handler.py.tickers_handler.download_data.59]:                                    TICKER HANDLER Data is older than threshold: 0 days 22:19:54.589572
2025-05-03 21:19:54 [33mWARNING[0m -> [app/dataset/dataset_creator.py.dataset_creator.create_dataset.185]:                                  Ticker PYPL has no data or not enough data for window size 1000.
2025-05-03 21:19:54 [31mERROR[0m -> [app/analysis/analysis.py.analysis.analyze.88]:                                                         ANALYZE => (scan) Dataset is None for ticker: PYPL
2025-05-03 21:19:58 [33mWARNING[0m -> [app/tickers/tickers_handler.py.tickers_handler.download_data.59]:                                    TICKER HANDLER Data is older than threshold: 1 days 01:19:58.531164
2025-05-03 21:19:58 [33mWARNING[0m -> [app/dataset/dataset_creator.py.dataset_creator.create_dataset.185]:                                  Ticker LZB has no data or not enough data for window size 1000.
2025-05-03 21:19:58 [31mERROR[0m -> [app/analysis/analysis.py.analysis.analyze.88]:                                                         ANALYZE => (scan) Dataset is None for ticker: LZB
2025-05-03 21:20:02 [33mWARNING[0m -> [app/tickers/tickers_handler.py.tickers_handler.download_data.59]:                                    TICKER HANDLER Data is older than threshold: 1 days 01:20:02.398829
2025-05-03 21:20:02 [33mWARNING[0m -> [app/dataset/dataset_creator.py.dataset_creator.create_dataset.185]:                                  Ticker TKC has no data or not enough data for window size 1000.
2025-05-03 21:20:02 [31mERROR[0m -> [app/analysis/analysis.py.analysis.analyze.88]:                                                         ANALYZE => (scan) Dataset is None for ticker: TKC
2025-05-03 21:20:02 [33mWARNING[0m -> [app/tickers/tickers_handler.py.tickers_handler.download_data.59]:                                    TICKER HANDLER Data is older than threshold: 428 days 00:20:02.553344
2025-05-03 21:20:02 [33mWARNING[0m -> [app/dataset/dataset_creator.py.dataset_creator.create_dataset.185]:                                  Ticker PEAK has no data or not enough data for window size 1000.
2025-05-03 21:20:02 [31mERROR[0m -> [app/analysis/analysis.py.analysis.analyze.88]:                                                         ANALYZE => (scan) Dataset is None for ticker: PEAK
2025-05-03 21:20:03 [33mWARNING[0m -> [app/tickers/tickers_handler.py.tickers_handler.download_data.59]:                                    TICKER HANDLER Data is older than threshold: 1 days 01:20:03.336126
2025-05-03 21:20:03 [33mWARNING[0m -> [app/dataset/dataset_creator.py.dataset_creator.create_dataset.185]:                                  Ticker HG has no data or not enough data for window size 1000.
2025-05-03 21:20:03 [31mERROR[0m -> [app/analysis/analysis.py.analysis.analyze.88]:                                                         ANALYZE => (scan) Dataset is None for ticker: HG
2025-05-03 21:20:03 [33mWARNING[0m -> [app/tickers/tickers_handler.py.tickers_handler.download_data.59]:                                    TICKER HANDLER Data is older than threshold: 1 days 04:20:03.393669
2025-05-03 21:20:03 [33mWARNING[0m -> [app/dataset/dataset_creator.py.dataset_creator.create_dataset.185]:                                  Ticker VACH has no data or not enough data for window size 1000.
2025-05-03 21:20:03 [31mERROR[0m -> [app/analysis/analysis.py.analysis.analyze.88]:                                                         ANALYZE => (scan) Dataset is None for ticker: VACH
2025-05-03 21:20:07 [33mWARNING[0m -> [app/tickers/tickers_handler.py.tickers_handler.download_data.59]:                                    TICKER HANDLER Data is older than threshold: 0 days 22:20:07.636302
2025-05-03 21:20:07 [33mWARNING[0m -> [app/dataset/dataset_creator.py.dataset_creator.create_dataset.185]:                                  Ticker HSBC has no data or not enough data for window size 1000.
2025-05-03 21:20:07 [31mERROR[0m -> [app/analysis/analysis.py.analysis.analyze.88]:                                                         ANALYZE => (scan) Dataset is None for ticker: HSBC
2025-05-03 21:20:11 [33mWARNING[0m -> [app/tickers/tickers_handler.py.tickers_handler.download_data.59]:                                    TICKER HANDLER Data is older than threshold: 0 days 23:20:11.531064
2025-05-03 21:20:11 [33mWARNING[0m -> [app/dataset/dataset_creator.py.dataset_creator.create_dataset.185]:                                  Ticker REGN has no data or not enough data for window size 1000.
2025-05-03 21:20:11 [31mERROR[0m -> [app/analysis/analysis.py.analysis.analyze.88]:                                                         ANALYZE => (scan) Dataset is None for ticker: REGN
2025-05-03 21:20:11 [33mWARNING[0m -> [app/tickers/tickers_handler.py.tickers_handler.download_data.59]:                                    TICKER HANDLER Data is older than threshold: 1 days 01:20:11.885399
2025-05-03 21:20:11 [33mWARNING[0m -> [app/dataset/dataset_creator.py.dataset_creator.create_dataset.185]:                                  Ticker SDHC has no data or not enough data for window size 1000.
2025-05-03 21:20:11 [31mERROR[0m -> [app/analysis/analysis.py.analysis.analyze.88]:                                                         ANALYZE => (scan) Dataset is None for ticker: SDHC
2025-05-03 21:20:16 [33mWARNING[0m -> [app/tickers/tickers_handler.py.tickers_handler.download_data.59]:                                    TICKER HANDLER Data is older than threshold: 0 days 22:20:16.133717
2025-05-03 21:20:16 [33mWARNING[0m -> [app/dataset/dataset_creator.py.dataset_creator.create_dataset.185]:                                  Ticker PSX has no data or not enough data for window size 1000.
2025-05-03 21:20:16 [31mERROR[0m -> [app/analysis/analysis.py.analysis.analyze.88]:                                                         ANALYZE => (scan) Dataset is None for ticker: PSX
2025-05-03 21:20:20 [33mWARNING[0m -> [app/tickers/tickers_handler.py.tickers_handler.download_data.59]:                                    TICKER HANDLER Data is older than threshold: 1 days 01:20:20.444374
2025-05-03 21:20:20 [33mWARNING[0m -> [app/dataset/dataset_creator.py.dataset_creator.create_dataset.185]:                                  Ticker FLG has no data or not enough data for window size 1000.
2025-05-03 21:20:20 [31mERROR[0m -> [app/analysis/analysis.py.analysis.analyze.88]:                                                         ANALYZE => (scan) Dataset is None for ticker: FLG
2025-05-03 21:20:24 [33mWARNING[0m -> [app/tickers/tickers_handler.py.tickers_handler.download_data.59]:                                    TICKER HANDLER Data is older than threshold: 1 days 01:20:24.346202
2025-05-03 21:20:24 [33mWARNING[0m -> [app/dataset/dataset_creator.py.dataset_creator.create_dataset.185]:                                  Ticker KROS has no data or not enough data for window size 1000.
2025-05-03 21:20:24 [31mERROR[0m -> [app/analysis/analysis.py.analysis.analyze.88]:                                                         ANALYZE => (scan) Dataset is None for ticker: KROS
2025-05-03 21:20:28 [33mWARNING[0m -> [app/tickers/tickers_handler.py.tickers_handler.download_data.59]:                                    TICKER HANDLER Data is older than threshold: 0 days 22:20:28.695544
2025-05-03 21:20:28 [33mWARNING[0m -> [app/dataset/dataset_creator.py.dataset_creator.create_dataset.185]:                                  Ticker JPM has no data or not enough data for window size 1000.
2025-05-03 21:20:28 [31mERROR[0m -> [app/analysis/analysis.py.analysis.analyze.88]:                                                         ANALYZE => (scan) Dataset is None for ticker: JPM
2025-05-03 21:20:32 [33mWARNING[0m -> [app/tickers/tickers_handler.py.tickers_handler.download_data.59]:                                    TICKER HANDLER Data is older than threshold: 1 days 01:20:32.428894
2025-05-03 21:20:32 [33mWARNING[0m -> [app/dataset/dataset_creator.py.dataset_creator.create_dataset.185]:                                  Ticker MKTX has no data or not enough data for window size 1000.
2025-05-03 21:20:32 [31mERROR[0m -> [app/analysis/analysis.py.analysis.analyze.88]:                                                         ANALYZE => (scan) Dataset is None for ticker: MKTX
2025-05-03 21:20:36 [92mINFO[0m -> [app/alpaca/alpaca_handler.py.alpaca_handler.get_positions.263]:                                         ALPACA =>Fetching positions.
2025-05-03 21:20:36 [92mINFO[0m -> [app/trader/trader.py.trader.monitor_positions.153]:                                                     TRADER => BLDP drawdown = -1.57% (vs high 1.27)
2025-05-03 21:20:37 [33mWARNING[0m -> [app/tickers/tickers_handler.py.tickers_handler.download_data.59]:                                    TICKER HANDLER Data is older than threshold: 0 days 23:20:37.113788
2025-05-03 21:20:37 [33mWARNING[0m -> [app/dataset/dataset_creator.py.dataset_creator.create_dataset.185]:                                  Ticker PARA has no data or not enough data for window size 1000.
2025-05-03 21:20:37 [31mERROR[0m -> [app/analysis/analysis.py.analysis.analyze.88]:                                                         ANALYZE => (scan) Dataset is None for ticker: PARA
2025-05-03 21:20:40 [33mWARNING[0m -> [app/tickers/tickers_handler.py.tickers_handler.download_data.59]:                                    TICKER HANDLER Data is older than threshold: 1 days 01:20:40.542979
2025-05-03 21:20:40 [33mWARNING[0m -> [app/dataset/dataset_creator.py.dataset_creator.create_dataset.185]:                                  Ticker WLDN has no data or not enough data for window size 1000.
2025-05-03 21:20:40 [31mERROR[0m -> [app/analysis/analysis.py.analysis.analyze.88]:                                                         ANALYZE => (scan) Dataset is None for ticker: WLDN
2025-05-03 21:20:43 [33mWARNING[0m -> [app/tickers/tickers_handler.py.tickers_handler.download_data.59]:                                    TICKER HANDLER Data is older than threshold: 0 days 22:20:43.949540
2025-05-03 21:20:43 [33mWARNING[0m -> [app/dataset/dataset_creator.py.dataset_creator.create_dataset.185]:                                  Ticker BLDP has no data or not enough data for window size 1000.
2025-05-03 21:20:43 [31mERROR[0m -> [app/analysis/analysis.py.analysis.analyze.88]:                                                         ANALYZE => (monitor) Dataset is None for ticker: BLDP
2025-05-03 21:20:43 [92mINFO[0m -> [app/trader/trader.py.trader.monitor_positions.153]:                                                     TRADER => CTOS drawdown = 0.00% (vs high 4.10)
2025-05-03 21:20:47 [33mWARNING[0m -> [app/tickers/tickers_handler.py.tickers_handler.download_data.59]:                                    TICKER HANDLER Data is older than threshold: 1 days 01:20:47.896951
2025-05-03 21:20:47 [33mWARNING[0m -> [app/dataset/dataset_creator.py.dataset_creator.create_dataset.185]:                                  Ticker CTOS has no data or not enough data for window size 1000.
2025-05-03 21:20:47 [31mERROR[0m -> [app/analysis/analysis.py.analysis.analyze.88]:                                                         ANALYZE => (monitor) Dataset is None for ticker: CTOS
2025-05-03 21:20:47 [92mINFO[0m -> [app/trader/trader.py.trader.monitor_positions.153]:                                                     TRADER => EGY drawdown = -0.29% (vs high 3.39)
2025-05-03 21:20:51 [33mWARNING[0m -> [app/tickers/tickers_handler.py.tickers_handler.download_data.59]:                                    TICKER HANDLER Data is older than threshold: 0 days 22:20:51.293262
2025-05-03 21:20:51 [33mWARNING[0m -> [app/dataset/dataset_creator.py.dataset_creator.create_dataset.185]:                                  Ticker AFRM has no data or not enough data for window size 1000.
2025-05-03 21:20:51 [31mERROR[0m -> [app/analysis/analysis.py.analysis.analyze.88]:                                                         ANALYZE => (scan) Dataset is None for ticker: AFRM
2025-05-03 21:20:51 [33mWARNING[0m -> [app/tickers/tickers_handler.py.tickers_handler.download_data.59]:                                    TICKER HANDLER Data is older than threshold: 1 days 01:20:51.671593
2025-05-03 21:20:51 [33mWARNING[0m -> [app/dataset/dataset_creator.py.dataset_creator.create_dataset.185]:                                  Ticker MG has no data or not enough data for window size 1000.
2025-05-03 21:20:51 [31mERROR[0m -> [app/analysis/analysis.py.analysis.analyze.88]:                                                         ANALYZE => (scan) Dataset is None for ticker: MG
2025-05-03 21:20:55 [33mWARNING[0m -> [app/tickers/tickers_handler.py.tickers_handler.download_data.59]:                                    TICKER HANDLER Data is older than threshold: 1 days 01:20:55.083293
2025-05-03 21:20:55 [33mWARNING[0m -> [app/dataset/dataset_creator.py.dataset_creator.create_dataset.185]:                                  Ticker EGY has no data or not enough data for window size 1000.
2025-05-03 21:20:55 [31mERROR[0m -> [app/analysis/analysis.py.analysis.analyze.88]:                                                         ANALYZE => (monitor) Dataset is None for ticker: EGY
2025-05-03 21:20:55 [92mINFO[0m -> [app/trader/trader.py.trader.monitor_positions.153]:                                                     TRADER => HROW drawdown = -0.40% (vs high 25.94)
2025-05-03 21:20:58 [33mWARNING[0m -> [app/tickers/tickers_handler.py.tickers_handler.download_data.59]:                                    TICKER HANDLER Data is older than threshold: 1 days 01:20:58.305362
2025-05-03 21:20:58 [33mWARNING[0m -> [app/dataset/dataset_creator.py.dataset_creator.create_dataset.185]:                                  Ticker MOV has no data or not enough data for window size 1000.
2025-05-03 21:20:58 [31mERROR[0m -> [app/analysis/analysis.py.analysis.analyze.88]:                                                         ANALYZE => (scan) Dataset is None for ticker: MOV
2025-05-03 21:21:02 [33mWARNING[0m -> [app/tickers/tickers_handler.py.tickers_handler.download_data.59]:                                    TICKER HANDLER Data is older than threshold: 1 days 00:21:02.059879
2025-05-03 21:21:02 [33mWARNING[0m -> [app/dataset/dataset_creator.py.dataset_creator.create_dataset.185]:                                  Ticker HROW has no data or not enough data for window size 1000.
2025-05-03 21:21:02 [31mERROR[0m -> [app/analysis/analysis.py.analysis.analyze.88]:                                                         ANALYZE => (monitor) Dataset is None for ticker: HROW
2025-05-03 21:21:06 [33mWARNING[0m -> [app/tickers/tickers_handler.py.tickers_handler.download_data.59]:                                    TICKER HANDLER Data is older than threshold: 0 days 22:21:06.716915
2025-05-03 21:21:06 [33mWARNING[0m -> [app/dataset/dataset_creator.py.dataset_creator.create_dataset.185]:                                  Ticker SMCI has no data or not enough data for window size 1000.
2025-05-03 21:21:06 [31mERROR[0m -> [app/analysis/analysis.py.analysis.analyze.88]:                                                         ANALYZE => (scan) Dataset is None for ticker: SMCI
2025-05-03 21:21:10 [33mWARNING[0m -> [app/tickers/tickers_handler.py.tickers_handler.download_data.59]:                                    TICKER HANDLER Data is older than threshold: 1 days 01:21:10.925100
2025-05-03 21:21:10 [33mWARNING[0m -> [app/dataset/dataset_creator.py.dataset_creator.create_dataset.185]:                                  Ticker MDT has no data or not enough data for window size 1000.
2025-05-03 21:21:10 [31mERROR[0m -> [app/analysis/analysis.py.analysis.analyze.88]:                                                         ANALYZE => (scan) Dataset is None for ticker: MDT
2025-05-03 21:21:15 [33mWARNING[0m -> [app/tickers/tickers_handler.py.tickers_handler.download_data.59]:                                    TICKER HANDLER Data is older than threshold: 1 days 01:21:15.032163
2025-05-03 21:21:15 [33mWARNING[0m -> [app/dataset/dataset_creator.py.dataset_creator.create_dataset.185]:                                  Ticker BBWI has no data or not enough data for window size 1000.
2025-05-03 21:21:15 [31mERROR[0m -> [app/analysis/analysis.py.analysis.analyze.88]:                                                         ANALYZE => (scan) Dataset is None for ticker: BBWI
2025-05-03 21:21:19 [33mWARNING[0m -> [app/tickers/tickers_handler.py.tickers_handler.download_data.59]:                                    TICKER HANDLER Data is older than threshold: 1 days 01:21:19.028278
2025-05-03 21:21:19 [33mWARNING[0m -> [app/dataset/dataset_creator.py.dataset_creator.create_dataset.185]:                                  Ticker NWS has no data or not enough data for window size 1000.
2025-05-03 21:21:19 [31mERROR[0m -> [app/analysis/analysis.py.analysis.analyze.88]:                                                         ANALYZE => (scan) Dataset is None for ticker: NWS
2025-05-03 21:21:23 [33mWARNING[0m -> [app/tickers/tickers_handler.py.tickers_handler.download_data.59]:                                    TICKER HANDLER Data is older than threshold: 1 days 01:21:23.245027
2025-05-03 21:21:23 [33mWARNING[0m -> [app/dataset/dataset_creator.py.dataset_creator.create_dataset.185]:                                  Ticker CYTK has no data or not enough data for window size 1000.
2025-05-03 21:21:23 [31mERROR[0m -> [app/analysis/analysis.py.analysis.analyze.88]:                                                         ANALYZE => (scan) Dataset is None for ticker: CYTK
2025-05-03 21:21:24 [33mWARNING[0m -> [app/tickers/tickers_handler.py.tickers_handler.download_data.59]:                                    TICKER HANDLER Data is older than threshold: 0 days 22:21:24.059059
2025-05-03 21:21:24 [33mWARNING[0m -> [app/dataset/dataset_creator.py.dataset_creator.create_dataset.185]:                                  Ticker TDUP has no data or not enough data for window size 1000.
2025-05-03 21:21:24 [31mERROR[0m -> [app/analysis/analysis.py.analysis.analyze.88]:                                                         ANALYZE => (scan) Dataset is None for ticker: TDUP
2025-05-03 21:21:28 [33mWARNING[0m -> [app/tickers/tickers_handler.py.tickers_handler.download_data.59]:                                    TICKER HANDLER Data is older than threshold: 1 days 00:21:28.662797
2025-05-03 21:21:28 [33mWARNING[0m -> [app/dataset/dataset_creator.py.dataset_creator.create_dataset.185]:                                  Ticker CTSH has no data or not enough data for window size 1000.
2025-05-03 21:21:28 [31mERROR[0m -> [app/analysis/analysis.py.analysis.analyze.88]:                                                         ANALYZE => (scan) Dataset is None for ticker: CTSH
2025-05-03 21:21:32 [33mWARNING[0m -> [app/tickers/tickers_handler.py.tickers_handler.download_data.59]:                                    TICKER HANDLER Data is older than threshold: 1 days 01:21:32.662458
2025-05-03 21:21:32 [33mWARNING[0m -> [app/dataset/dataset_creator.py.dataset_creator.create_dataset.185]:                                  Ticker AMBP has no data or not enough data for window size 1000.
2025-05-03 21:21:32 [31mERROR[0m -> [app/analysis/analysis.py.analysis.analyze.88]:                                                         ANALYZE => (scan) Dataset is None for ticker: AMBP
2025-05-03 21:21:37 [33mWARNING[0m -> [app/tickers/tickers_handler.py.tickers_handler.download_data.59]:                                    TICKER HANDLER Data is older than threshold: 0 days 22:21:37.440777
2025-05-03 21:21:37 [33mWARNING[0m -> [app/dataset/dataset_creator.py.dataset_creator.create_dataset.185]:                                  Ticker OKLO has no data or not enough data for window size 1000.
2025-05-03 21:21:37 [31mERROR[0m -> [app/analysis/analysis.py.analysis.analyze.88]:                                                         ANALYZE => (scan) Dataset is None for ticker: OKLO
2025-05-03 21:21:41 [33mWARNING[0m -> [app/tickers/tickers_handler.py.tickers_handler.download_data.59]:                                    TICKER HANDLER Data is older than threshold: 1 days 01:21:41.039438
2025-05-03 21:21:41 [33mWARNING[0m -> [app/dataset/dataset_creator.py.dataset_creator.create_dataset.185]:                                  Ticker UFPI has no data or not enough data for window size 1000.
2025-05-03 21:21:41 [31mERROR[0m -> [app/analysis/analysis.py.analysis.analyze.88]:                                                         ANALYZE => (scan) Dataset is None for ticker: UFPI
2025-05-03 21:21:45 [33mWARNING[0m -> [app/tickers/tickers_handler.py.tickers_handler.download_data.59]:                                    TICKER HANDLER Data is older than threshold: 1 days 01:21:45.238276
2025-05-03 21:21:45 [33mWARNING[0m -> [app/dataset/dataset_creator.py.dataset_creator.create_dataset.185]:                                  Ticker FAST has no data or not enough data for window size 1000.
2025-05-03 21:21:45 [31mERROR[0m -> [app/analysis/analysis.py.analysis.analyze.88]:                                                         ANALYZE => (scan) Dataset is None for ticker: FAST
2025-05-03 21:21:46 [33mWARNING[0m -> [app/tickers/tickers_handler.py.tickers_handler.download_data.59]:                                    TICKER HANDLER Data is older than threshold: 1 days 01:21:46.037803
2025-05-03 21:21:46 [33mWARNING[0m -> [app/dataset/dataset_creator.py.dataset_creator.create_dataset.185]:                                  Ticker NMFC has no data or not enough data for window size 1000.
2025-05-03 21:21:46 [31mERROR[0m -> [app/analysis/analysis.py.analysis.analyze.88]:                                                         ANALYZE => (scan) Dataset is None for ticker: NMFC
2025-05-03 21:21:50 [33mWARNING[0m -> [app/tickers/tickers_handler.py.tickers_handler.download_data.59]:                                    TICKER HANDLER Data is older than threshold: 1 days 01:21:50.438804
2025-05-03 21:21:50 [33mWARNING[0m -> [app/dataset/dataset_creator.py.dataset_creator.create_dataset.185]:                                  Ticker CDNS has no data or not enough data for window size 1000.
2025-05-03 21:21:50 [31mERROR[0m -> [app/analysis/analysis.py.analysis.analyze.88]:                                                         ANALYZE => (scan) Dataset is None for ticker: CDNS
2025-05-03 21:21:54 [33mWARNING[0m -> [app/tickers/tickers_handler.py.tickers_handler.download_data.59]:                                    TICKER HANDLER Data is older than threshold: 0 days 22:21:54.443134
2025-05-03 21:21:54 [33mWARNING[0m -> [app/dataset/dataset_creator.py.dataset_creator.create_dataset.185]:                                  Ticker PRME has no data or not enough data for window size 1000.
2025-05-03 21:21:54 [31mERROR[0m -> [app/analysis/analysis.py.analysis.analyze.88]:                                                         ANALYZE => (scan) Dataset is None for ticker: PRME
2025-05-03 21:21:58 [33mWARNING[0m -> [app/tickers/tickers_handler.py.tickers_handler.download_data.59]:                                    TICKER HANDLER Data is older than threshold: 0 days 22:21:58.660600
2025-05-03 21:21:58 [33mWARNING[0m -> [app/dataset/dataset_creator.py.dataset_creator.create_dataset.185]:                                  Ticker INMD has no data or not enough data for window size 1000.
2025-05-03 21:21:58 [31mERROR[0m -> [app/analysis/analysis.py.analysis.analyze.88]:                                                         ANALYZE => (scan) Dataset is None for ticker: INMD
2025-05-03 21:22:02 [92mINFO[0m -> [app/alpaca/alpaca_handler.py.alpaca_handler.get_positions.263]:                                         ALPACA =>Fetching positions.
2025-05-03 21:22:02 [92mINFO[0m -> [app/trader/trader.py.trader.monitor_positions.153]:                                                     TRADER => BLDP drawdown = -1.57% (vs high 1.27)
2025-05-03 21:22:02 [33mWARNING[0m -> [app/tickers/tickers_handler.py.tickers_handler.download_data.59]:                                    TICKER HANDLER Data is older than threshold: 1 days 01:22:02.789928
2025-05-03 21:22:02 [33mWARNING[0m -> [app/dataset/dataset_creator.py.dataset_creator.create_dataset.185]:                                  Ticker HIG has no data or not enough data for window size 1000.
2025-05-03 21:22:02 [31mERROR[0m -> [app/analysis/analysis.py.analysis.analyze.88]:                                                         ANALYZE => (scan) Dataset is None for ticker: HIG
2025-05-03 21:22:06 [33mWARNING[0m -> [app/tickers/tickers_handler.py.tickers_handler.download_data.59]:                                    TICKER HANDLER Data is older than threshold: 0 days 22:22:06.164050
2025-05-03 21:22:06 [33mWARNING[0m -> [app/dataset/dataset_creator.py.dataset_creator.create_dataset.185]:                                  Ticker BLDP has no data or not enough data for window size 1000.
2025-05-03 21:22:06 [31mERROR[0m -> [app/analysis/analysis.py.analysis.analyze.88]:                                                         ANALYZE => (monitor) Dataset is None for ticker: BLDP
2025-05-03 21:22:06 [92mINFO[0m -> [app/trader/trader.py.trader.monitor_positions.153]:                                                     TRADER => CTOS drawdown = 0.00% (vs high 4.10)
2025-05-03 21:22:09 [33mWARNING[0m -> [app/tickers/tickers_handler.py.tickers_handler.download_data.59]:                                    TICKER HANDLER Data is older than threshold: 0 days 22:22:09.642160
2025-05-03 21:22:09 [33mWARNING[0m -> [app/dataset/dataset_creator.py.dataset_creator.create_dataset.185]:                                  Ticker SATL has no data or not enough data for window size 1000.
2025-05-03 21:22:09 [31mERROR[0m -> [app/analysis/analysis.py.analysis.analyze.88]:                                                         ANALYZE => (scan) Dataset is None for ticker: SATL
2025-05-03 21:22:09 [33mWARNING[0m -> [app/tickers/tickers_handler.py.tickers_handler.download_data.59]:                                    TICKER HANDLER Data is older than threshold: 1 days 01:22:09.958046
2025-05-03 21:22:09 [33mWARNING[0m -> [app/dataset/dataset_creator.py.dataset_creator.create_dataset.185]:                                  Ticker NL has no data or not enough data for window size 1000.
2025-05-03 21:22:09 [31mERROR[0m -> [app/analysis/analysis.py.analysis.analyze.88]:                                                         ANALYZE => (scan) Dataset is None for ticker: NL
2025-05-03 21:22:10 [33mWARNING[0m -> [app/tickers/tickers_handler.py.tickers_handler.download_data.59]:                                    TICKER HANDLER Data is older than threshold: 1 days 01:22:10.287311
2025-05-03 21:22:10 [33mWARNING[0m -> [app/dataset/dataset_creator.py.dataset_creator.create_dataset.185]:                                  Ticker CTOS has no data or not enough data for window size 1000.
2025-05-03 21:22:10 [31mERROR[0m -> [app/analysis/analysis.py.analysis.analyze.88]:                                                         ANALYZE => (monitor) Dataset is None for ticker: CTOS
2025-05-03 21:22:10 [92mINFO[0m -> [app/trader/trader.py.trader.monitor_positions.153]:                                                     TRADER => EGY drawdown = -0.29% (vs high 3.39)
2025-05-03 21:22:13 [33mWARNING[0m -> [app/tickers/tickers_handler.py.tickers_handler.download_data.59]:                                    TICKER HANDLER Data is older than threshold: 1 days 01:22:13.622695
2025-05-03 21:22:13 [33mWARNING[0m -> [app/dataset/dataset_creator.py.dataset_creator.create_dataset.185]:                                  Ticker IRS has no data or not enough data for window size 1000.
2025-05-03 21:22:13 [31mERROR[0m -> [app/analysis/analysis.py.analysis.analyze.88]:                                                         ANALYZE => (scan) Dataset is None for ticker: IRS
2025-05-03 21:22:17 [33mWARNING[0m -> [app/tickers/tickers_handler.py.tickers_handler.download_data.59]:                                    TICKER HANDLER Data is older than threshold: 1 days 01:22:17.346956
2025-05-03 21:22:17 [33mWARNING[0m -> [app/dataset/dataset_creator.py.dataset_creator.create_dataset.185]:                                  Ticker EGY has no data or not enough data for window size 1000.
2025-05-03 21:22:17 [31mERROR[0m -> [app/analysis/analysis.py.analysis.analyze.88]:                                                         ANALYZE => (monitor) Dataset is None for ticker: EGY
2025-05-03 21:22:17 [92mINFO[0m -> [app/trader/trader.py.trader.monitor_positions.153]:                                                     TRADER => HROW drawdown = -0.40% (vs high 25.94)
2025-05-03 21:22:20 [33mWARNING[0m -> [app/tickers/tickers_handler.py.tickers_handler.download_data.59]:                                    TICKER HANDLER Data is older than threshold: 1 days 01:22:20.933531
2025-05-03 21:22:20 [33mWARNING[0m -> [app/dataset/dataset_creator.py.dataset_creator.create_dataset.185]:                                  Ticker PPG has no data or not enough data for window size 1000.
2025-05-03 21:22:20 [31mERROR[0m -> [app/analysis/analysis.py.analysis.analyze.88]:                                                         ANALYZE => (scan) Dataset is None for ticker: PPG
2025-05-03 21:22:24 [33mWARNING[0m -> [app/tickers/tickers_handler.py.tickers_handler.download_data.59]:                                    TICKER HANDLER Data is older than threshold: 1 days 00:22:24.157186
2025-05-03 21:22:24 [33mWARNING[0m -> [app/dataset/dataset_creator.py.dataset_creator.create_dataset.185]:                                  Ticker HROW has no data or not enough data for window size 1000.
2025-05-03 21:22:24 [31mERROR[0m -> [app/analysis/analysis.py.analysis.analyze.88]:                                                         ANALYZE => (monitor) Dataset is None for ticker: HROW
2025-05-03 21:22:24 [33mWARNING[0m -> [app/tickers/tickers_handler.py.tickers_handler.download_data.59]:                                    TICKER HANDLER Data is older than threshold: 0 days 22:22:24.522130
2025-05-03 21:22:24 [33mWARNING[0m -> [app/dataset/dataset_creator.py.dataset_creator.create_dataset.185]:                                  Ticker NVGS has no data or not enough data for window size 1000.
2025-05-03 21:22:24 [31mERROR[0m -> [app/analysis/analysis.py.analysis.analyze.88]:                                                         ANALYZE => (scan) Dataset is None for ticker: NVGS
2025-05-03 21:22:28 [33mWARNING[0m -> [app/tickers/tickers_handler.py.tickers_handler.download_data.59]:                                    TICKER HANDLER Data is older than threshold: 0 days 23:22:28.632858
2025-05-03 21:22:28 [33mWARNING[0m -> [app/dataset/dataset_creator.py.dataset_creator.create_dataset.185]:                                  Ticker CCCS has no data or not enough data for window size 1000.
2025-05-03 21:22:28 [31mERROR[0m -> [app/analysis/analysis.py.analysis.analyze.88]:                                                         ANALYZE => (scan) Dataset is None for ticker: CCCS
2025-05-03 21:22:32 [33mWARNING[0m -> [app/tickers/tickers_handler.py.tickers_handler.download_data.59]:                                    TICKER HANDLER Data is older than threshold: 1 days 01:22:32.353979
2025-05-03 21:22:32 [33mWARNING[0m -> [app/dataset/dataset_creator.py.dataset_creator.create_dataset.185]:                                  Ticker OGS has no data or not enough data for window size 1000.
2025-05-03 21:22:32 [31mERROR[0m -> [app/analysis/analysis.py.analysis.analyze.88]:                                                         ANALYZE => (scan) Dataset is None for ticker: OGS
2025-05-03 21:22:36 [33mWARNING[0m -> [app/tickers/tickers_handler.py.tickers_handler.download_data.59]:                                    TICKER HANDLER Data is older than threshold: 0 days 22:22:36.699141
2025-05-03 21:22:36 [33mWARNING[0m -> [app/dataset/dataset_creator.py.dataset_creator.create_dataset.185]:                                  Ticker UNH has no data or not enough data for window size 1000.
2025-05-03 21:22:36 [31mERROR[0m -> [app/analysis/analysis.py.analysis.analyze.88]:                                                         ANALYZE => (scan) Dataset is None for ticker: UNH
2025-05-03 21:22:40 [33mWARNING[0m -> [app/tickers/tickers_handler.py.tickers_handler.download_data.59]:                                    TICKER HANDLER Data is older than threshold: 1 days 01:22:40.771487
2025-05-03 21:22:40 [33mWARNING[0m -> [app/dataset/dataset_creator.py.dataset_creator.create_dataset.185]:                                  Ticker FR has no data or not enough data for window size 1000.
2025-05-03 21:22:40 [31mERROR[0m -> [app/analysis/analysis.py.analysis.analyze.88]:                                                         ANALYZE => (scan) Dataset is None for ticker: FR
2025-05-03 21:22:41 [33mWARNING[0m -> [app/tickers/tickers_handler.py.tickers_handler.download_data.59]:                                    TICKER HANDLER Data is older than threshold: 1 days 01:22:41.075210
2025-05-03 21:22:41 [33mWARNING[0m -> [app/dataset/dataset_creator.py.dataset_creator.create_dataset.185]:                                  Ticker CZNC has no data or not enough data for window size 1000.
2025-05-03 21:22:41 [31mERROR[0m -> [app/analysis/analysis.py.analysis.analyze.88]:                                                         ANALYZE => (scan) Dataset is None for ticker: CZNC
2025-05-03 21:22:45 [33mWARNING[0m -> [app/tickers/tickers_handler.py.tickers_handler.download_data.59]:                                    TICKER HANDLER Data is older than threshold: 0 days 23:22:45.244487
2025-05-03 21:22:45 [33mWARNING[0m -> [app/dataset/dataset_creator.py.dataset_creator.create_dataset.185]:                                  Ticker A has no data or not enough data for window size 1000.
2025-05-03 21:22:45 [31mERROR[0m -> [app/analysis/analysis.py.analysis.analyze.88]:                                                         ANALYZE => (scan) Dataset is None for ticker: A
2025-05-03 21:22:49 [33mWARNING[0m -> [app/tickers/tickers_handler.py.tickers_handler.download_data.59]:                                    TICKER HANDLER Data is older than threshold: 0 days 22:22:49.788307
2025-05-03 21:22:49 [33mWARNING[0m -> [app/dataset/dataset_creator.py.dataset_creator.create_dataset.185]:                                  Ticker WBA has no data or not enough data for window size 1000.
2025-05-03 21:22:49 [31mERROR[0m -> [app/analysis/analysis.py.analysis.analyze.88]:                                                         ANALYZE => (scan) Dataset is None for ticker: WBA
2025-05-03 21:22:50 [33mWARNING[0m -> [app/tickers/tickers_handler.py.tickers_handler.download_data.59]:                                    TICKER HANDLER Data is older than threshold: 1 days 01:22:50.045558
2025-05-03 21:22:50 [33mWARNING[0m -> [app/dataset/dataset_creator.py.dataset_creator.create_dataset.185]:                                  Ticker CACC has no data or not enough data for window size 1000.
2025-05-03 21:22:50 [31mERROR[0m -> [app/analysis/analysis.py.analysis.analyze.88]:                                                         ANALYZE => (scan) Dataset is None for ticker: CACC
2025-05-03 21:22:50 [33mWARNING[0m -> [app/tickers/tickers_handler.py.tickers_handler.download_data.59]:                                    TICKER HANDLER Data is older than threshold: 1 days 01:22:50.413919
2025-05-03 21:22:50 [33mWARNING[0m -> [app/dataset/dataset_creator.py.dataset_creator.create_dataset.185]:                                  Ticker GABC has no data or not enough data for window size 1000.
2025-05-03 21:22:50 [31mERROR[0m -> [app/analysis/analysis.py.analysis.analyze.88]:                                                         ANALYZE => (scan) Dataset is None for ticker: GABC
2025-05-03 21:22:54 [33mWARNING[0m -> [app/tickers/tickers_handler.py.tickers_handler.download_data.59]:                                    TICKER HANDLER Data is older than threshold: 1 days 01:22:54.643572
2025-05-03 21:22:54 [33mWARNING[0m -> [app/dataset/dataset_creator.py.dataset_creator.create_dataset.185]:                                  Ticker DHR has no data or not enough data for window size 1000.
2025-05-03 21:22:54 [31mERROR[0m -> [app/analysis/analysis.py.analysis.analyze.88]:                                                         ANALYZE => (scan) Dataset is None for ticker: DHR
2025-05-03 21:22:59 [33mWARNING[0m -> [app/tickers/tickers_handler.py.tickers_handler.download_data.59]:                                    TICKER HANDLER Data is older than threshold: 0 days 22:22:59.397363
2025-05-03 21:22:59 [33mWARNING[0m -> [app/dataset/dataset_creator.py.dataset_creator.create_dataset.185]:                                  Ticker HUT has no data or not enough data for window size 1000.
2025-05-03 21:22:59 [31mERROR[0m -> [app/analysis/analysis.py.analysis.analyze.88]:                                                         ANALYZE => (scan) Dataset is None for ticker: HUT
2025-05-03 21:23:02 [33mWARNING[0m -> [app/tickers/tickers_handler.py.tickers_handler.download_data.59]:                                    TICKER HANDLER Data is older than threshold: 1 days 01:23:02.556841
2025-05-03 21:23:02 [33mWARNING[0m -> [app/dataset/dataset_creator.py.dataset_creator.create_dataset.185]:                                  Ticker SSBK has no data or not enough data for window size 1000.
2025-05-03 21:23:02 [31mERROR[0m -> [app/analysis/analysis.py.analysis.analyze.88]:                                                         ANALYZE => (scan) Dataset is None for ticker: SSBK
2025-05-03 21:23:02 [33mWARNING[0m -> [app/tickers/tickers_handler.py.tickers_handler.download_data.59]:                                    TICKER HANDLER Data is older than threshold: 1 days 01:23:02.950158
2025-05-03 21:23:02 [33mWARNING[0m -> [app/dataset/dataset_creator.py.dataset_creator.create_dataset.185]:                                  Ticker FWONA has no data or not enough data for window size 1000.
2025-05-03 21:23:02 [31mERROR[0m -> [app/analysis/analysis.py.analysis.analyze.88]:                                                         ANALYZE => (scan) Dataset is None for ticker: FWONA
2025-05-03 21:23:07 [33mWARNING[0m -> [app/tickers/tickers_handler.py.tickers_handler.download_data.59]:                                    TICKER HANDLER Data is older than threshold: 0 days 23:23:07.459711
2025-05-03 21:23:07 [33mWARNING[0m -> [app/dataset/dataset_creator.py.dataset_creator.create_dataset.185]:                                  Ticker BX has no data or not enough data for window size 1000.
2025-05-03 21:23:07 [31mERROR[0m -> [app/analysis/analysis.py.analysis.analyze.88]:                                                         ANALYZE => (scan) Dataset is None for ticker: BX
2025-05-03 21:23:07 [33mWARNING[0m -> [app/tickers/tickers_handler.py.tickers_handler.download_data.59]:                                    TICKER HANDLER Data is older than threshold: 1 days 02:23:07.557433
2025-05-03 21:23:07 [33mWARNING[0m -> [app/dataset/dataset_creator.py.dataset_creator.create_dataset.185]:                                  Ticker NYAX has no data or not enough data for window size 1000.
2025-05-03 21:23:07 [31mERROR[0m -> [app/analysis/analysis.py.analysis.analyze.88]:                                                         ANALYZE => (scan) Dataset is None for ticker: NYAX
2025-05-03 21:23:08 [33mWARNING[0m -> [app/tickers/tickers_handler.py.tickers_handler.download_data.59]:                                    TICKER HANDLER Data is older than threshold: 1 days 01:23:08.069672
2025-05-03 21:23:08 [33mWARNING[0m -> [app/dataset/dataset_creator.py.dataset_creator.create_dataset.185]:                                  Ticker MTRX has no data or not enough data for window size 1000.
2025-05-03 21:23:08 [31mERROR[0m -> [app/analysis/analysis.py.analysis.analyze.88]:                                                         ANALYZE => (scan) Dataset is None for ticker: MTRX
2025-05-03 21:23:12 [33mWARNING[0m -> [app/tickers/tickers_handler.py.tickers_handler.download_data.59]:                                    TICKER HANDLER Data is older than threshold: 0 days 23:23:12.135369
2025-05-03 21:23:12 [33mWARNING[0m -> [app/dataset/dataset_creator.py.dataset_creator.create_dataset.185]:                                  Ticker VIRT has no data or not enough data for window size 1000.
2025-05-03 21:23:12 [31mERROR[0m -> [app/analysis/analysis.py.analysis.analyze.88]:                                                         ANALYZE => (scan) Dataset is None for ticker: VIRT
2025-05-03 21:23:16 [33mWARNING[0m -> [app/tickers/tickers_handler.py.tickers_handler.download_data.59]:                                    TICKER HANDLER Data is older than threshold: 1 days 01:23:16.051709
2025-05-03 21:23:16 [33mWARNING[0m -> [app/dataset/dataset_creator.py.dataset_creator.create_dataset.185]:                                  Ticker INTA has no data or not enough data for window size 1000.
2025-05-03 21:23:16 [31mERROR[0m -> [app/analysis/analysis.py.analysis.analyze.88]:                                                         ANALYZE => (scan) Dataset is None for ticker: INTA
2025-05-03 21:23:16 [33mWARNING[0m -> [app/tickers/tickers_handler.py.tickers_handler.download_data.59]:                                    TICKER HANDLER Data is older than threshold: 1 days 01:23:16.983048
2025-05-03 21:23:16 [33mWARNING[0m -> [app/dataset/dataset_creator.py.dataset_creator.create_dataset.185]:                                  Ticker BAK has no data or not enough data for window size 1000.
2025-05-03 21:23:16 [31mERROR[0m -> [app/analysis/analysis.py.analysis.analyze.88]:                                                         ANALYZE => (scan) Dataset is None for ticker: BAK
2025-05-03 21:23:21 [33mWARNING[0m -> [app/tickers/tickers_handler.py.tickers_handler.download_data.59]:                                    TICKER HANDLER Data is older than threshold: 1 days 01:23:21.141275
2025-05-03 21:23:21 [33mWARNING[0m -> [app/dataset/dataset_creator.py.dataset_creator.create_dataset.185]:                                  Ticker APO has no data or not enough data for window size 1000.
2025-05-03 21:23:21 [31mERROR[0m -> [app/analysis/analysis.py.analysis.analyze.88]:                                                         ANALYZE => (scan) Dataset is None for ticker: APO
2025-05-03 21:23:24 [92mINFO[0m -> [app/alpaca/alpaca_handler.py.alpaca_handler.get_positions.263]:                                         ALPACA =>Fetching positions.
2025-05-03 21:23:24 [92mINFO[0m -> [app/trader/trader.py.trader.monitor_positions.153]:                                                     TRADER => BLDP drawdown = -1.57% (vs high 1.27)
2025-05-03 21:23:24 [33mWARNING[0m -> [app/tickers/tickers_handler.py.tickers_handler.download_data.59]:                                    TICKER HANDLER Data is older than threshold: 1 days 01:23:24.697137
2025-05-03 21:23:24 [33mWARNING[0m -> [app/dataset/dataset_creator.py.dataset_creator.create_dataset.185]:                                  Ticker SITM has no data or not enough data for window size 1000.
2025-05-03 21:23:24 [31mERROR[0m -> [app/analysis/analysis.py.analysis.analyze.88]:                                                         ANALYZE => (scan) Dataset is None for ticker: SITM
2025-05-03 21:23:31 [33mWARNING[0m -> [app/tickers/tickers_handler.py.tickers_handler.download_data.59]:                                    TICKER HANDLER Data is older than threshold: 0 days 22:23:31.368951
2025-05-03 21:23:31 [33mWARNING[0m -> [app/dataset/dataset_creator.py.dataset_creator.create_dataset.185]:                                  Ticker BLDP has no data or not enough data for window size 1000.
2025-05-03 21:23:31 [31mERROR[0m -> [app/analysis/analysis.py.analysis.analyze.88]:                                                         ANALYZE => (monitor) Dataset is None for ticker: BLDP
2025-05-03 21:23:31 [92mINFO[0m -> [app/trader/trader.py.trader.monitor_positions.153]:                                                     TRADER => CTOS drawdown = 0.00% (vs high 4.10)
2025-05-03 21:23:35 [33mWARNING[0m -> [app/tickers/tickers_handler.py.tickers_handler.download_data.59]:                                    TICKER HANDLER Data is older than threshold: 0 days 22:23:35.027957
2025-05-03 21:23:35 [33mWARNING[0m -> [app/dataset/dataset_creator.py.dataset_creator.create_dataset.185]:                                  Ticker HPQ has no data or not enough data for window size 1000.
2025-05-03 21:23:35 [31mERROR[0m -> [app/analysis/analysis.py.analysis.analyze.88]:                                                         ANALYZE => (scan) Dataset is None for ticker: HPQ
2025-05-03 21:23:35 [33mWARNING[0m -> [app/tickers/tickers_handler.py.tickers_handler.download_data.59]:                                    TICKER HANDLER Data is older than threshold: 1 days 01:23:35.336749
2025-05-03 21:23:35 [33mWARNING[0m -> [app/dataset/dataset_creator.py.dataset_creator.create_dataset.185]:                                  Ticker CTOS has no data or not enough data for window size 1000.
2025-05-03 21:23:35 [31mERROR[0m -> [app/analysis/analysis.py.analysis.analyze.88]:                                                         ANALYZE => (monitor) Dataset is None for ticker: CTOS
2025-05-03 21:23:35 [92mINFO[0m -> [app/trader/trader.py.trader.monitor_positions.153]:                                                     TRADER => EGY drawdown = -0.29% (vs high 3.39)
2025-05-03 21:23:42 [33mWARNING[0m -> [app/tickers/tickers_handler.py.tickers_handler.download_data.59]:                                    TICKER HANDLER Data is older than threshold: 1 days 01:23:42.410333
2025-05-03 21:23:42 [33mWARNING[0m -> [app/dataset/dataset_creator.py.dataset_creator.create_dataset.185]:                                  Ticker EOG has no data or not enough data for window size 1000.
2025-05-03 21:23:42 [31mERROR[0m -> [app/analysis/analysis.py.analysis.analyze.88]:                                                         ANALYZE => (scan) Dataset is None for ticker: EOG
2025-05-03 21:23:42 [33mWARNING[0m -> [app/tickers/tickers_handler.py.tickers_handler.download_data.59]:                                    TICKER HANDLER Data is older than threshold: 1 days 01:23:42.579697
2025-05-03 21:23:42 [33mWARNING[0m -> [app/dataset/dataset_creator.py.dataset_creator.create_dataset.185]:                                  Ticker EGY has no data or not enough data for window size 1000.
2025-05-03 21:23:42 [31mERROR[0m -> [app/analysis/analysis.py.analysis.analyze.88]:                                                         ANALYZE => (monitor) Dataset is None for ticker: EGY
2025-05-03 21:23:42 [92mINFO[0m -> [app/trader/trader.py.trader.monitor_positions.153]:                                                     TRADER => HROW drawdown = -0.40% (vs high 25.94)
2025-05-03 21:23:49 [33mWARNING[0m -> [app/tickers/tickers_handler.py.tickers_handler.download_data.59]:                                    TICKER HANDLER Data is older than threshold: 1 days 00:23:49.489470
2025-05-03 21:23:49 [33mWARNING[0m -> [app/dataset/dataset_creator.py.dataset_creator.create_dataset.185]:                                  Ticker HROW has no data or not enough data for window size 1000.
2025-05-03 21:23:49 [31mERROR[0m -> [app/analysis/analysis.py.analysis.analyze.88]:                                                         ANALYZE => (monitor) Dataset is None for ticker: HROW
2025-05-03 21:23:49 [33mWARNING[0m -> [app/tickers/tickers_handler.py.tickers_handler.download_data.59]:                                    TICKER HANDLER Data is older than threshold: 1 days 01:23:49.497752
2025-05-03 21:23:49 [33mWARNING[0m -> [app/dataset/dataset_creator.py.dataset_creator.create_dataset.185]:                                  Ticker RSG has no data or not enough data for window size 1000.
2025-05-03 21:23:49 [31mERROR[0m -> [app/analysis/analysis.py.analysis.analyze.88]:                                                         ANALYZE => (scan) Dataset is None for ticker: RSG
2025-05-03 21:23:53 [33mWARNING[0m -> [app/tickers/tickers_handler.py.tickers_handler.download_data.59]:                                    TICKER HANDLER Data is older than threshold: 1 days 01:23:53.781330
2025-05-03 21:23:53 [33mWARNING[0m -> [app/dataset/dataset_creator.py.dataset_creator.create_dataset.185]:                                  Ticker UL has no data or not enough data for window size 1000.
2025-05-03 21:23:53 [31mERROR[0m -> [app/analysis/analysis.py.analysis.analyze.88]:                                                         ANALYZE => (scan) Dataset is None for ticker: UL
2025-05-03 21:23:54 [33mWARNING[0m -> [app/tickers/tickers_handler.py.tickers_handler.download_data.59]:                                    TICKER HANDLER Data is older than threshold: 1 days 01:23:54.100765
2025-05-03 21:23:54 [33mWARNING[0m -> [app/dataset/dataset_creator.py.dataset_creator.create_dataset.185]:                                  Ticker CLBK has no data or not enough data for window size 1000.
2025-05-03 21:23:54 [31mERROR[0m -> [app/analysis/analysis.py.analysis.analyze.88]:                                                         ANALYZE => (scan) Dataset is None for ticker: CLBK
2025-05-03 21:23:58 [33mWARNING[0m -> [app/tickers/tickers_handler.py.tickers_handler.download_data.59]:                                    TICKER HANDLER Data is older than threshold: 0 days 22:23:58.055469
2025-05-03 21:23:58 [33mWARNING[0m -> [app/dataset/dataset_creator.py.dataset_creator.create_dataset.185]:                                  Ticker ATAT has no data or not enough data for window size 1000.
2025-05-03 21:23:58 [31mERROR[0m -> [app/analysis/analysis.py.analysis.analyze.88]:                                                         ANALYZE => (scan) Dataset is None for ticker: ATAT
2025-05-03 21:23:58 [33mWARNING[0m -> [app/tickers/tickers_handler.py.tickers_handler.download_data.59]:                                    TICKER HANDLER Data is older than threshold: 1 days 01:23:58.272647
2025-05-03 21:23:58 [33mWARNING[0m -> [app/dataset/dataset_creator.py.dataset_creator.create_dataset.185]:                                  Ticker SNFCA has no data or not enough data for window size 1000.
2025-05-03 21:23:58 [31mERROR[0m -> [app/analysis/analysis.py.analysis.analyze.88]:                                                         ANALYZE => (scan) Dataset is None for ticker: SNFCA
2025-05-03 21:24:02 [33mWARNING[0m -> [app/tickers/tickers_handler.py.tickers_handler.download_data.59]:                                    TICKER HANDLER Data is older than threshold: 0 days 23:24:02.353855
2025-05-03 21:24:02 [33mWARNING[0m -> [app/dataset/dataset_creator.py.dataset_creator.create_dataset.185]:                                  Ticker SUPV has no data or not enough data for window size 1000.
2025-05-03 21:24:02 [31mERROR[0m -> [app/analysis/analysis.py.analysis.analyze.88]:                                                         ANALYZE => (scan) Dataset is None for ticker: SUPV
2025-05-03 21:24:06 [33mWARNING[0m -> [app/tickers/tickers_handler.py.tickers_handler.download_data.59]:                                    TICKER HANDLER Data is older than threshold: 1 days 00:24:06.145089
2025-05-03 21:24:06 [33mWARNING[0m -> [app/dataset/dataset_creator.py.dataset_creator.create_dataset.185]:                                  Ticker PROK has no data or not enough data for window size 1000.
2025-05-03 21:24:06 [31mERROR[0m -> [app/analysis/analysis.py.analysis.analyze.88]:                                                         ANALYZE => (scan) Dataset is None for ticker: PROK
2025-05-03 21:24:10 [33mWARNING[0m -> [app/tickers/tickers_handler.py.tickers_handler.download_data.59]:                                    TICKER HANDLER Data is older than threshold: 1 days 01:24:10.280593
2025-05-03 21:24:10 [33mWARNING[0m -> [app/dataset/dataset_creator.py.dataset_creator.create_dataset.185]:                                  Ticker CHRW has no data or not enough data for window size 1000.
2025-05-03 21:24:10 [31mERROR[0m -> [app/analysis/analysis.py.analysis.analyze.88]:                                                         ANALYZE => (scan) Dataset is None for ticker: CHRW
2025-05-03 21:24:10 [33mWARNING[0m -> [app/tickers/tickers_handler.py.tickers_handler.download_data.59]:                                    TICKER HANDLER Data is older than threshold: 1 days 01:24:10.514604
2025-05-03 21:24:10 [33mWARNING[0m -> [app/dataset/dataset_creator.py.dataset_creator.create_dataset.185]:                                  Ticker PNRG has no data or not enough data for window size 1000.
2025-05-03 21:24:10 [31mERROR[0m -> [app/analysis/analysis.py.analysis.analyze.88]:                                                         ANALYZE => (scan) Dataset is None for ticker: PNRG
2025-05-03 21:24:11 [33mWARNING[0m -> [app/tickers/tickers_handler.py.tickers_handler.download_data.59]:                                    TICKER HANDLER Data is older than threshold: 1 days 01:24:11.348720
2025-05-03 21:24:11 [33mWARNING[0m -> [app/dataset/dataset_creator.py.dataset_creator.create_dataset.185]:                                  Ticker FWRG has no data or not enough data for window size 1000.
2025-05-03 21:24:11 [31mERROR[0m -> [app/analysis/analysis.py.analysis.analyze.88]:                                                         ANALYZE => (scan) Dataset is None for ticker: FWRG
2025-05-03 21:24:15 [33mWARNING[0m -> [app/tickers/tickers_handler.py.tickers_handler.download_data.59]:                                    TICKER HANDLER Data is older than threshold: 1 days 01:24:15.257518
2025-05-03 21:24:15 [33mWARNING[0m -> [app/dataset/dataset_creator.py.dataset_creator.create_dataset.185]:                                  Ticker DVA has no data or not enough data for window size 1000.
2025-05-03 21:24:15 [31mERROR[0m -> [app/analysis/analysis.py.analysis.analyze.88]:                                                         ANALYZE => (scan) Dataset is None for ticker: DVA
2025-05-03 21:24:18 [33mWARNING[0m -> [app/tickers/tickers_handler.py.tickers_handler.download_data.59]:                                    TICKER HANDLER Data is older than threshold: 1 days 01:24:18.603270
2025-05-03 21:24:18 [33mWARNING[0m -> [app/dataset/dataset_creator.py.dataset_creator.create_dataset.185]:                                  Ticker FSV has no data or not enough data for window size 1000.
2025-05-03 21:24:18 [31mERROR[0m -> [app/analysis/analysis.py.analysis.analyze.88]:                                                         ANALYZE => (scan) Dataset is None for ticker: FSV
2025-05-03 21:24:19 [33mWARNING[0m -> [app/tickers/tickers_handler.py.tickers_handler.download_data.59]:                                    TICKER HANDLER Data is older than threshold: 0 days 23:24:19.755735
2025-05-03 21:24:19 [33mWARNING[0m -> [app/dataset/dataset_creator.py.dataset_creator.create_dataset.185]:                                  Ticker MAR has no data or not enough data for window size 1000.
2025-05-03 21:24:19 [31mERROR[0m -> [app/analysis/analysis.py.analysis.analyze.88]:                                                         ANALYZE => (scan) Dataset is None for ticker: MAR
2025-05-03 21:24:23 [33mWARNING[0m -> [app/tickers/tickers_handler.py.tickers_handler.download_data.59]:                                    TICKER HANDLER Data is older than threshold: 0 days 22:24:23.978300
2025-05-03 21:24:23 [33mWARNING[0m -> [app/dataset/dataset_creator.py.dataset_creator.create_dataset.185]:                                  Ticker KC has no data or not enough data for window size 1000.
2025-05-03 21:24:23 [31mERROR[0m -> [app/analysis/analysis.py.analysis.analyze.88]:                                                         ANALYZE => (scan) Dataset is None for ticker: KC
2025-05-03 21:24:31 [33mWARNING[0m -> [app/tickers/tickers_handler.py.tickers_handler.download_data.59]:                                    TICKER HANDLER Data is older than threshold: 0 days 22:24:31.483610
2025-05-03 21:24:31 [33mWARNING[0m -> [app/dataset/dataset_creator.py.dataset_creator.create_dataset.185]:                                  Ticker NCLH has no data or not enough data for window size 1000.
2025-05-03 21:24:31 [31mERROR[0m -> [app/analysis/analysis.py.analysis.analyze.88]:                                                         ANALYZE => (scan) Dataset is None for ticker: NCLH
2025-05-03 21:24:31 [33mWARNING[0m -> [app/dataset/dataset_creator.py.dataset_creator.create_dataset.185]:                                  Ticker WPG has no data or not enough data for window size 1000.
2025-05-03 21:24:31 [31mERROR[0m -> [app/analysis/analysis.py.analysis.analyze.88]:                                                         ANALYZE => (scan) Dataset is None for ticker: WPG
2025-05-03 21:24:35 [33mWARNING[0m -> [app/tickers/tickers_handler.py.tickers_handler.download_data.59]:                                    TICKER HANDLER Data is older than threshold: 1 days 01:24:35.616324
2025-05-03 21:24:35 [33mWARNING[0m -> [app/dataset/dataset_creator.py.dataset_creator.create_dataset.185]:                                  Ticker NI has no data or not enough data for window size 1000.
2025-05-03 21:24:35 [31mERROR[0m -> [app/analysis/analysis.py.analysis.analyze.88]:                                                         ANALYZE => (scan) Dataset is None for ticker: NI
2025-05-03 21:24:39 [33mWARNING[0m -> [app/tickers/tickers_handler.py.tickers_handler.download_data.59]:                                    TICKER HANDLER Data is older than threshold: 1 days 01:24:39.874378
2025-05-03 21:24:39 [33mWARNING[0m -> [app/dataset/dataset_creator.py.dataset_creator.create_dataset.185]:                                  Ticker ACB has no data or not enough data for window size 1000.
2025-05-03 21:24:39 [31mERROR[0m -> [app/analysis/analysis.py.analysis.analyze.88]:                                                         ANALYZE => (scan) Dataset is None for ticker: ACB
2025-05-03 21:24:44 [33mWARNING[0m -> [app/tickers/tickers_handler.py.tickers_handler.download_data.59]:                                    TICKER HANDLER Data is older than threshold: 1 days 01:24:44.038930
2025-05-03 21:24:44 [33mWARNING[0m -> [app/dataset/dataset_creator.py.dataset_creator.create_dataset.185]:                                  Ticker JBI has no data or not enough data for window size 1000.
2025-05-03 21:24:44 [31mERROR[0m -> [app/analysis/analysis.py.analysis.analyze.88]:                                                         ANALYZE => (scan) Dataset is None for ticker: JBI
2025-05-03 21:24:44 [33mWARNING[0m -> [app/tickers/tickers_handler.py.tickers_handler.download_data.59]:                                    TICKER HANDLER Data is older than threshold: 1 days 01:24:44.511733
2025-05-03 21:24:44 [33mWARNING[0m -> [app/dataset/dataset_creator.py.dataset_creator.create_dataset.185]:                                  Ticker DFIN has no data or not enough data for window size 1000.
2025-05-03 21:24:44 [31mERROR[0m -> [app/analysis/analysis.py.analysis.analyze.88]:                                                         ANALYZE => (scan) Dataset is None for ticker: DFIN
2025-05-03 21:24:45 [33mWARNING[0m -> [app/tickers/tickers_handler.py.tickers_handler.download_data.59]:                                    TICKER HANDLER Data is older than threshold: 1 days 01:24:45.255130
2025-05-03 21:24:45 [33mWARNING[0m -> [app/dataset/dataset_creator.py.dataset_creator.create_dataset.185]:                                  Ticker ZK has no data or not enough data for window size 1000.
2025-05-03 21:24:45 [31mERROR[0m -> [app/analysis/analysis.py.analysis.analyze.88]:                                                         ANALYZE => (scan) Dataset is None for ticker: ZK
2025-05-03 21:24:49 [33mWARNING[0m -> [app/tickers/tickers_handler.py.tickers_handler.download_data.59]:                                    TICKER HANDLER Data is older than threshold: 1 days 00:24:49.324220
2025-05-03 21:24:49 [33mWARNING[0m -> [app/dataset/dataset_creator.py.dataset_creator.create_dataset.185]:                                  Ticker SPG has no data or not enough data for window size 1000.
2025-05-03 21:24:49 [31mERROR[0m -> [app/analysis/analysis.py.analysis.analyze.88]:                                                         ANALYZE => (scan) Dataset is None for ticker: SPG
2025-05-03 21:24:49 [92mINFO[0m -> [app/alpaca/alpaca_handler.py.alpaca_handler.get_positions.263]:                                         ALPACA =>Fetching positions.
2025-05-03 21:24:49 [92mINFO[0m -> [app/trader/trader.py.trader.monitor_positions.153]:                                                     TRADER => BLDP drawdown = -1.57% (vs high 1.27)
2025-05-03 21:24:56 [33mWARNING[0m -> [app/tickers/tickers_handler.py.tickers_handler.download_data.59]:                                    TICKER HANDLER Data is older than threshold: 1 days 01:24:56.216766
2025-05-03 21:24:56 [33mWARNING[0m -> [app/dataset/dataset_creator.py.dataset_creator.create_dataset.185]:                                  Ticker SLF has no data or not enough data for window size 1000.
2025-05-03 21:24:56 [31mERROR[0m -> [app/analysis/analysis.py.analysis.analyze.88]:                                                         ANALYZE => (scan) Dataset is None for ticker: SLF
2025-05-03 21:24:59 [33mWARNING[0m -> [app/tickers/tickers_handler.py.tickers_handler.download_data.59]:                                    TICKER HANDLER Data is older than threshold: 0 days 22:24:59.790220
2025-05-03 21:24:59 [33mWARNING[0m -> [app/dataset/dataset_creator.py.dataset_creator.create_dataset.185]:                                  Ticker BLDP has no data or not enough data for window size 1000.
2025-05-03 21:24:59 [31mERROR[0m -> [app/analysis/analysis.py.analysis.analyze.88]:                                                         ANALYZE => (monitor) Dataset is None for ticker: BLDP
2025-05-03 21:24:59 [92mINFO[0m -> [app/trader/trader.py.trader.monitor_positions.153]:                                                     TRADER => CTOS drawdown = 0.00% (vs high 4.10)
2025-05-03 21:25:00 [33mWARNING[0m -> [app/tickers/tickers_handler.py.tickers_handler.download_data.59]:                                    TICKER HANDLER Data is older than threshold: 1 days 01:25:00.111957
2025-05-03 21:25:00 [33mWARNING[0m -> [app/dataset/dataset_creator.py.dataset_creator.create_dataset.185]:                                  Ticker POST has no data or not enough data for window size 1000.
2025-05-03 21:25:00 [31mERROR[0m -> [app/analysis/analysis.py.analysis.analyze.88]:                                                         ANALYZE => (scan) Dataset is None for ticker: POST
2025-05-03 21:25:06 [33mWARNING[0m -> [app/tickers/tickers_handler.py.tickers_handler.download_data.59]:                                    TICKER HANDLER Data is older than threshold: 1 days 01:25:06.680107
2025-05-03 21:25:06 [33mWARNING[0m -> [app/dataset/dataset_creator.py.dataset_creator.create_dataset.185]:                                  Ticker CTOS has no data or not enough data for window size 1000.
2025-05-03 21:25:06 [31mERROR[0m -> [app/analysis/analysis.py.analysis.analyze.88]:                                                         ANALYZE => (monitor) Dataset is None for ticker: CTOS
2025-05-03 21:25:06 [92mINFO[0m -> [app/trader/trader.py.trader.monitor_positions.153]:                                                     TRADER => EGY drawdown = -0.29% (vs high 3.39)
2025-05-03 21:25:07 [33mWARNING[0m -> [app/tickers/tickers_handler.py.tickers_handler.download_data.59]:                                    TICKER HANDLER Data is older than threshold: 1 days 01:25:07.093293
2025-05-03 21:25:07 [33mWARNING[0m -> [app/dataset/dataset_creator.py.dataset_creator.create_dataset.185]:                                  Ticker SPHR has no data or not enough data for window size 1000.
2025-05-03 21:25:07 [31mERROR[0m -> [app/analysis/analysis.py.analysis.analyze.88]:                                                         ANALYZE => (scan) Dataset is None for ticker: SPHR
2025-05-03 21:25:13 [33mWARNING[0m -> [app/tickers/tickers_handler.py.tickers_handler.download_data.59]:                                    TICKER HANDLER Data is older than threshold: 1 days 01:25:13.758834
2025-05-03 21:25:13 [33mWARNING[0m -> [app/dataset/dataset_creator.py.dataset_creator.create_dataset.185]:                                  Ticker EGY has no data or not enough data for window size 1000.
2025-05-03 21:25:13 [31mERROR[0m -> [app/analysis/analysis.py.analysis.analyze.88]:                                                         ANALYZE => (monitor) Dataset is None for ticker: EGY
2025-05-03 21:25:13 [92mINFO[0m -> [app/trader/trader.py.trader.monitor_positions.153]:                                                     TRADER => HROW drawdown = -0.40% (vs high 25.94)
2025-05-03 21:25:14 [33mWARNING[0m -> [app/tickers/tickers_handler.py.tickers_handler.download_data.59]:                                    TICKER HANDLER Data is older than threshold: 1 days 01:25:14.098203
2025-05-03 21:25:14 [33mWARNING[0m -> [app/dataset/dataset_creator.py.dataset_creator.create_dataset.185]:                                  Ticker TV has no data or not enough data for window size 1000.
2025-05-03 21:25:14 [31mERROR[0m -> [app/analysis/analysis.py.analysis.analyze.88]:                                                         ANALYZE => (scan) Dataset is None for ticker: TV
2025-05-03 21:25:17 [33mWARNING[0m -> [app/tickers/tickers_handler.py.tickers_handler.download_data.59]:                                    TICKER HANDLER Data is older than threshold: 1 days 01:25:17.417471
2025-05-03 21:25:17 [33mWARNING[0m -> [app/dataset/dataset_creator.py.dataset_creator.create_dataset.185]:                                  Ticker NXXT has no data or not enough data for window size 1000.
2025-05-03 21:25:17 [31mERROR[0m -> [app/analysis/analysis.py.analysis.analyze.88]:                                                         ANALYZE => (scan) Dataset is None for ticker: NXXT
2025-05-03 21:25:17 [33mWARNING[0m -> [app/tickers/tickers_handler.py.tickers_handler.download_data.59]:                                    TICKER HANDLER Data is older than threshold: 1 days 00:25:17.639287
2025-05-03 21:25:17 [33mWARNING[0m -> [app/dataset/dataset_creator.py.dataset_creator.create_dataset.185]:                                  Ticker HROW has no data or not enough data for window size 1000.
2025-05-03 21:25:17 [31mERROR[0m -> [app/analysis/analysis.py.analysis.analyze.88]:                                                         ANALYZE => (monitor) Dataset is None for ticker: HROW
2025-05-03 21:25:17 [33mWARNING[0m -> [app/dataset/dataset_creator.py.dataset_creator.create_dataset.185]:                                  Ticker NTDOY has no data or not enough data for window size 1000.
2025-05-03 21:25:17 [31mERROR[0m -> [app/analysis/analysis.py.analysis.analyze.88]:                                                         ANALYZE => (scan) Dataset is None for ticker: NTDOY
2025-05-03 21:25:21 [33mWARNING[0m -> [app/tickers/tickers_handler.py.tickers_handler.download_data.59]:                                    TICKER HANDLER Data is older than threshold: 1 days 01:25:21.824348
2025-05-03 21:25:21 [33mWARNING[0m -> [app/dataset/dataset_creator.py.dataset_creator.create_dataset.185]:                                  Ticker PH has no data or not enough data for window size 1000.
2025-05-03 21:25:21 [31mERROR[0m -> [app/analysis/analysis.py.analysis.analyze.88]:                                                         ANALYZE => (scan) Dataset is None for ticker: PH
2025-05-03 21:25:26 [33mWARNING[0m -> [app/tickers/tickers_handler.py.tickers_handler.download_data.59]:                                    TICKER HANDLER Data is older than threshold: 1 days 01:25:26.049405
2025-05-03 21:25:26 [33mWARNING[0m -> [app/dataset/dataset_creator.py.dataset_creator.create_dataset.185]:                                  Ticker CNQ has no data or not enough data for window size 1000.
2025-05-03 21:25:26 [31mERROR[0m -> [app/analysis/analysis.py.analysis.analyze.88]:                                                         ANALYZE => (scan) Dataset is None for ticker: CNQ
2025-05-03 21:25:30 [33mWARNING[0m -> [app/tickers/tickers_handler.py.tickers_handler.download_data.59]:                                    TICKER HANDLER Data is older than threshold: 1 days 01:25:30.308098
2025-05-03 21:25:30 [33mWARNING[0m -> [app/dataset/dataset_creator.py.dataset_creator.create_dataset.185]:                                  Ticker FIS has no data or not enough data for window size 1000.
2025-05-03 21:25:30 [31mERROR[0m -> [app/analysis/analysis.py.analysis.analyze.88]:                                                         ANALYZE => (scan) Dataset is None for ticker: FIS
2025-05-03 21:25:31 [33mWARNING[0m -> [app/tickers/tickers_handler.py.tickers_handler.download_data.59]:                                    TICKER HANDLER Data is older than threshold: 0 days 22:25:31.301441
2025-05-03 21:25:31 [33mWARNING[0m -> [app/dataset/dataset_creator.py.dataset_creator.create_dataset.185]:                                  Ticker IEP has no data or not enough data for window size 1000.
2025-05-03 21:25:31 [31mERROR[0m -> [app/analysis/analysis.py.analysis.analyze.88]:                                                         ANALYZE => (scan) Dataset is None for ticker: IEP
2025-05-03 21:25:35 [33mWARNING[0m -> [app/tickers/tickers_handler.py.tickers_handler.download_data.59]:                                    TICKER HANDLER Data is older than threshold: 1 days 01:25:35.408071
2025-05-03 21:25:35 [33mWARNING[0m -> [app/dataset/dataset_creator.py.dataset_creator.create_dataset.185]:                                  Ticker KBH has no data or not enough data for window size 1000.
2025-05-03 21:25:35 [31mERROR[0m -> [app/analysis/analysis.py.analysis.analyze.88]:                                                         ANALYZE => (scan) Dataset is None for ticker: KBH
2025-05-03 21:25:39 [33mWARNING[0m -> [app/tickers/tickers_handler.py.tickers_handler.download_data.59]:                                    TICKER HANDLER Data is older than threshold: 0 days 22:25:39.728796
2025-05-03 21:25:39 [33mWARNING[0m -> [app/dataset/dataset_creator.py.dataset_creator.create_dataset.185]:                                  Ticker PEP has no data or not enough data for window size 1000.
2025-05-03 21:25:39 [31mERROR[0m -> [app/analysis/analysis.py.analysis.analyze.88]:                                                         ANALYZE => (scan) Dataset is None for ticker: PEP
2025-05-03 21:25:42 [33mWARNING[0m -> [app/dataset/dataset_creator.py.dataset_creator.create_dataset.185]:                                  Ticker WRI has no data or not enough data for window size 1000.
2025-05-03 21:25:42 [31mERROR[0m -> [app/analysis/analysis.py.analysis.analyze.88]:                                                         ANALYZE => (scan) Dataset is None for ticker: WRI
2025-05-03 21:25:43 [33mWARNING[0m -> [app/tickers/tickers_handler.py.tickers_handler.download_data.59]:                                    TICKER HANDLER Data is older than threshold: 1 days 01:25:43.807119
2025-05-03 21:25:43 [33mWARNING[0m -> [app/dataset/dataset_creator.py.dataset_creator.create_dataset.185]:                                  Ticker FNV has no data or not enough data for window size 1000.
2025-05-03 21:25:43 [31mERROR[0m -> [app/analysis/analysis.py.analysis.analyze.88]:                                                         ANALYZE => (scan) Dataset is None for ticker: FNV
2025-05-03 21:25:47 [33mWARNING[0m -> [app/tickers/tickers_handler.py.tickers_handler.download_data.59]:                                    TICKER HANDLER Data is older than threshold: 0 days 23:25:47.407429
2025-05-03 21:25:47 [33mWARNING[0m -> [app/dataset/dataset_creator.py.dataset_creator.create_dataset.185]:                                  Ticker EVTL has no data or not enough data for window size 1000.
2025-05-03 21:25:47 [31mERROR[0m -> [app/analysis/analysis.py.analysis.analyze.88]:                                                         ANALYZE => (scan) Dataset is None for ticker: EVTL
2025-05-03 21:25:51 [33mWARNING[0m -> [app/tickers/tickers_handler.py.tickers_handler.download_data.59]:                                    TICKER HANDLER Data is older than threshold: 0 days 22:25:51.803453
2025-05-03 21:25:51 [33mWARNING[0m -> [app/dataset/dataset_creator.py.dataset_creator.create_dataset.185]:                                  Ticker ANET has no data or not enough data for window size 1000.
2025-05-03 21:25:51 [31mERROR[0m -> [app/analysis/analysis.py.analysis.analyze.88]:                                                         ANALYZE => (scan) Dataset is None for ticker: ANET
2025-05-03 21:25:56 [33mWARNING[0m -> [app/tickers/tickers_handler.py.tickers_handler.download_data.59]:                                    TICKER HANDLER Data is older than threshold: 1 days 01:25:56.062769
2025-05-03 21:25:56 [33mWARNING[0m -> [app/dataset/dataset_creator.py.dataset_creator.create_dataset.185]:                                  Ticker GOGL has no data or not enough data for window size 1000.
2025-05-03 21:25:56 [31mERROR[0m -> [app/analysis/analysis.py.analysis.analyze.88]:                                                         ANALYZE => (scan) Dataset is None for ticker: GOGL
2025-05-03 21:26:00 [33mWARNING[0m -> [app/tickers/tickers_handler.py.tickers_handler.download_data.59]:                                    TICKER HANDLER Data is older than threshold: 1 days 01:26:00.159736
2025-05-03 21:26:00 [33mWARNING[0m -> [app/dataset/dataset_creator.py.dataset_creator.create_dataset.185]:                                  Ticker LBTYK has no data or not enough data for window size 1000.
2025-05-03 21:26:00 [31mERROR[0m -> [app/analysis/analysis.py.analysis.analyze.88]:                                                         ANALYZE => (scan) Dataset is None for ticker: LBTYK
2025-05-03 21:26:04 [33mWARNING[0m -> [app/tickers/tickers_handler.py.tickers_handler.download_data.59]:                                    TICKER HANDLER Data is older than threshold: 1 days 01:26:04.154101
2025-05-03 21:26:04 [33mWARNING[0m -> [app/dataset/dataset_creator.py.dataset_creator.create_dataset.185]:                                  Ticker J has no data or not enough data for window size 1000.
2025-05-03 21:26:04 [31mERROR[0m -> [app/analysis/analysis.py.analysis.analyze.88]:                                                         ANALYZE => (scan) Dataset is None for ticker: J
2025-05-03 21:26:04 [33mWARNING[0m -> [app/tickers/tickers_handler.py.tickers_handler.download_data.59]:                                    TICKER HANDLER Data is older than threshold: 1 days 01:26:04.506336
2025-05-03 21:26:04 [33mWARNING[0m -> [app/dataset/dataset_creator.py.dataset_creator.create_dataset.185]:                                  Ticker TNC has no data or not enough data for window size 1000.
2025-05-03 21:26:04 [31mERROR[0m -> [app/analysis/analysis.py.analysis.analyze.88]:                                                         ANALYZE => (scan) Dataset is None for ticker: TNC
2025-05-03 21:26:08 [33mWARNING[0m -> [app/tickers/tickers_handler.py.tickers_handler.download_data.59]:                                    TICKER HANDLER Data is older than threshold: 0 days 23:26:08.751658
2025-05-03 21:26:08 [33mWARNING[0m -> [app/dataset/dataset_creator.py.dataset_creator.create_dataset.185]:                                  Ticker X has no data or not enough data for window size 1000.
2025-05-03 21:26:08 [31mERROR[0m -> [app/analysis/analysis.py.analysis.analyze.88]:                                                         ANALYZE => (scan) Dataset is None for ticker: X
2025-05-03 21:26:12 [33mWARNING[0m -> [app/tickers/tickers_handler.py.tickers_handler.download_data.59]:                                    TICKER HANDLER Data is older than threshold: 0 days 22:26:12.590791
2025-05-03 21:26:12 [33mWARNING[0m -> [app/dataset/dataset_creator.py.dataset_creator.create_dataset.185]:                                  Ticker GPRK has no data or not enough data for window size 1000.
2025-05-03 21:26:12 [31mERROR[0m -> [app/analysis/analysis.py.analysis.analyze.88]:                                                         ANALYZE => (scan) Dataset is None for ticker: GPRK
2025-05-03 21:26:17 [33mWARNING[0m -> [app/tickers/tickers_handler.py.tickers_handler.download_data.59]:                                    TICKER HANDLER Data is older than threshold: 0 days 23:26:17.005350
2025-05-03 21:26:17 [33mWARNING[0m -> [app/dataset/dataset_creator.py.dataset_creator.create_dataset.185]:                                  Ticker AMAT has no data or not enough data for window size 1000.
2025-05-03 21:26:17 [31mERROR[0m -> [app/analysis/analysis.py.analysis.analyze.88]:                                                         ANALYZE => (scan) Dataset is None for ticker: AMAT
2025-05-03 21:26:17 [92mINFO[0m -> [app/alpaca/alpaca_handler.py.alpaca_handler.get_positions.263]:                                         ALPACA =>Fetching positions.
2025-05-03 21:26:17 [92mINFO[0m -> [app/trader/trader.py.trader.monitor_positions.153]:                                                     TRADER => BLDP drawdown = -1.57% (vs high 1.27)
2025-05-03 21:26:18 [33mWARNING[0m -> [app/tickers/tickers_handler.py.tickers_handler.download_data.59]:                                    TICKER HANDLER Data is older than threshold: 0 days 22:26:18.812566
2025-05-03 21:26:18 [33mWARNING[0m -> [app/dataset/dataset_creator.py.dataset_creator.create_dataset.185]:                                  Ticker BLDP has no data or not enough data for window size 1000.
2025-05-03 21:26:18 [31mERROR[0m -> [app/analysis/analysis.py.analysis.analyze.88]:                                                         ANALYZE => (monitor) Dataset is None for ticker: BLDP
2025-05-03 21:26:18 [92mINFO[0m -> [app/trader/trader.py.trader.monitor_positions.153]:                                                     TRADER => CTOS drawdown = 0.00% (vs high 4.10)
2025-05-03 21:26:25 [33mWARNING[0m -> [app/tickers/tickers_handler.py.tickers_handler.download_data.59]:                                    TICKER HANDLER Data is older than threshold: 1 days 01:26:25.795395
2025-05-03 21:26:25 [33mWARNING[0m -> [app/dataset/dataset_creator.py.dataset_creator.create_dataset.185]:                                  Ticker CTOS has no data or not enough data for window size 1000.
2025-05-03 21:26:25 [31mERROR[0m -> [app/analysis/analysis.py.analysis.analyze.88]:                                                         ANALYZE => (monitor) Dataset is None for ticker: CTOS
2025-05-03 21:26:25 [92mINFO[0m -> [app/trader/trader.py.trader.monitor_positions.153]:                                                     TRADER => EGY drawdown = -0.29% (vs high 3.39)
2025-05-03 21:26:29 [33mWARNING[0m -> [app/tickers/tickers_handler.py.tickers_handler.download_data.59]:                                    TICKER HANDLER Data is older than threshold: 0 days 22:26:29.711441
2025-05-03 21:26:29 [33mWARNING[0m -> [app/dataset/dataset_creator.py.dataset_creator.create_dataset.185]:                                  Ticker LYFT has no data or not enough data for window size 1000.
2025-05-03 21:26:29 [31mERROR[0m -> [app/analysis/analysis.py.analysis.analyze.88]:                                                         ANALYZE => (scan) Dataset is None for ticker: LYFT
2025-05-03 21:26:32 [33mWARNING[0m -> [app/tickers/tickers_handler.py.tickers_handler.download_data.59]:                                    TICKER HANDLER Data is older than threshold: 1 days 01:26:32.930311
2025-05-03 21:26:32 [33mWARNING[0m -> [app/dataset/dataset_creator.py.dataset_creator.create_dataset.185]:                                  Ticker EGY has no data or not enough data for window size 1000.
2025-05-03 21:26:32 [31mERROR[0m -> [app/analysis/analysis.py.analysis.analyze.88]:                                                         ANALYZE => (monitor) Dataset is None for ticker: EGY
2025-05-03 21:26:32 [92mINFO[0m -> [app/trader/trader.py.trader.monitor_positions.153]:                                                     TRADER => HROW drawdown = -0.40% (vs high 25.94)
2025-05-03 21:26:36 [33mWARNING[0m -> [app/tickers/tickers_handler.py.tickers_handler.download_data.59]:                                    TICKER HANDLER Data is older than threshold: 1 days 00:26:36.633331
2025-05-03 21:26:36 [33mWARNING[0m -> [app/dataset/dataset_creator.py.dataset_creator.create_dataset.185]:                                  Ticker HROW has no data or not enough data for window size 1000.
2025-05-03 21:26:36 [31mERROR[0m -> [app/analysis/analysis.py.analysis.analyze.88]:                                                         ANALYZE => (monitor) Dataset is None for ticker: HROW
2025-05-03 21:26:39 [33mWARNING[0m -> [app/tickers/tickers_handler.py.tickers_handler.download_data.59]:                                    TICKER HANDLER Data is older than threshold: 0 days 23:26:39.913118
2025-05-03 21:26:39 [33mWARNING[0m -> [app/dataset/dataset_creator.py.dataset_creator.create_dataset.185]:                                  Ticker UGI has no data or not enough data for window size 1000.
2025-05-03 21:26:39 [31mERROR[0m -> [app/analysis/analysis.py.analysis.analyze.88]:                                                         ANALYZE => (scan) Dataset is None for ticker: UGI
2025-05-03 21:26:44 [33mWARNING[0m -> [app/tickers/tickers_handler.py.tickers_handler.download_data.59]:                                    TICKER HANDLER Data is older than threshold: 1 days 01:26:44.076367
2025-05-03 21:26:44 [33mWARNING[0m -> [app/dataset/dataset_creator.py.dataset_creator.create_dataset.185]:                                  Ticker CMS has no data or not enough data for window size 1000.
2025-05-03 21:26:44 [31mERROR[0m -> [app/analysis/analysis.py.analysis.analyze.88]:                                                         ANALYZE => (scan) Dataset is None for ticker: CMS
2025-05-03 21:26:44 [33mWARNING[0m -> [app/tickers/tickers_handler.py.tickers_handler.download_data.59]:                                    TICKER HANDLER Data is older than threshold: 1 days 01:26:44.967527
2025-05-03 21:26:44 [33mWARNING[0m -> [app/dataset/dataset_creator.py.dataset_creator.create_dataset.185]:                                  Ticker COLM has no data or not enough data for window size 1000.
2025-05-03 21:26:44 [31mERROR[0m -> [app/analysis/analysis.py.analysis.analyze.88]:                                                         ANALYZE => (scan) Dataset is None for ticker: COLM
2025-05-03 21:26:48 [33mWARNING[0m -> [app/tickers/tickers_handler.py.tickers_handler.download_data.59]:                                    TICKER HANDLER Data is older than threshold: 1 days 01:26:48.800599
2025-05-03 21:26:48 [33mWARNING[0m -> [app/dataset/dataset_creator.py.dataset_creator.create_dataset.185]:                                  Ticker CMRE has no data or not enough data for window size 1000.
2025-05-03 21:26:48 [31mERROR[0m -> [app/analysis/analysis.py.analysis.analyze.88]:                                                         ANALYZE => (scan) Dataset is None for ticker: CMRE
2025-05-03 21:26:49 [33mWARNING[0m -> [app/tickers/tickers_handler.py.tickers_handler.download_data.59]:                                    TICKER HANDLER Data is older than threshold: 1 days 01:26:49.474516
2025-05-03 21:26:49 [33mWARNING[0m -> [app/dataset/dataset_creator.py.dataset_creator.create_dataset.185]:                                  Ticker ENSG has no data or not enough data for window size 1000.
2025-05-03 21:26:49 [31mERROR[0m -> [app/analysis/analysis.py.analysis.analyze.88]:                                                         ANALYZE => (scan) Dataset is None for ticker: ENSG
2025-05-03 21:26:53 [33mWARNING[0m -> [app/tickers/tickers_handler.py.tickers_handler.download_data.59]:                                    TICKER HANDLER Data is older than threshold: 1 days 00:26:53.459398
2025-05-03 21:26:53 [33mWARNING[0m -> [app/dataset/dataset_creator.py.dataset_creator.create_dataset.185]:                                  Ticker SKYT has no data or not enough data for window size 1000.
2025-05-03 21:26:53 [31mERROR[0m -> [app/analysis/analysis.py.analysis.analyze.88]:                                                         ANALYZE => (scan) Dataset is None for ticker: SKYT
2025-05-03 21:26:57 [33mWARNING[0m -> [app/tickers/tickers_handler.py.tickers_handler.download_data.59]:                                    TICKER HANDLER Data is older than threshold: 1 days 00:26:57.680845
2025-05-03 21:26:57 [33mWARNING[0m -> [app/dataset/dataset_creator.py.dataset_creator.create_dataset.185]:                                  Ticker HBAN has no data or not enough data for window size 1000.
2025-05-03 21:26:57 [31mERROR[0m -> [app/analysis/analysis.py.analysis.analyze.88]:                                                         ANALYZE => (scan) Dataset is None for ticker: HBAN
2025-05-03 21:27:01 [33mWARNING[0m -> [app/tickers/tickers_handler.py.tickers_handler.download_data.59]:                                    TICKER HANDLER Data is older than threshold: 1 days 01:27:01.796614
2025-05-03 21:27:01 [33mWARNING[0m -> [app/dataset/dataset_creator.py.dataset_creator.create_dataset.185]:                                  Ticker GLNG has no data or not enough data for window size 1000.
2025-05-03 21:27:01 [31mERROR[0m -> [app/analysis/analysis.py.analysis.analyze.88]:                                                         ANALYZE => (scan) Dataset is None for ticker: GLNG
2025-05-03 21:27:02 [33mWARNING[0m -> [app/tickers/tickers_handler.py.tickers_handler.download_data.59]:                                    TICKER HANDLER Data is older than threshold: 1 days 01:27:02.093965
2025-05-03 21:27:02 [33mWARNING[0m -> [app/dataset/dataset_creator.py.dataset_creator.create_dataset.185]:                                  Ticker LNN has no data or not enough data for window size 1000.
2025-05-03 21:27:02 [31mERROR[0m -> [app/analysis/analysis.py.analysis.analyze.88]:                                                         ANALYZE => (scan) Dataset is None for ticker: LNN
2025-05-03 21:27:05 [33mWARNING[0m -> [app/tickers/tickers_handler.py.tickers_handler.download_data.59]:                                    TICKER HANDLER Data is older than threshold: 1 days 01:27:05.988238
2025-05-03 21:27:05 [33mWARNING[0m -> [app/dataset/dataset_creator.py.dataset_creator.create_dataset.185]:                                  Ticker IART has no data or not enough data for window size 1000.
2025-05-03 21:27:05 [31mERROR[0m -> [app/analysis/analysis.py.analysis.analyze.88]:                                                         ANALYZE => (scan) Dataset is None for ticker: IART
2025-05-03 21:27:06 [33mWARNING[0m -> [app/tickers/tickers_handler.py.tickers_handler.download_data.59]:                                    TICKER HANDLER Data is older than threshold: 1 days 01:27:06.245143
2025-05-03 21:27:06 [33mWARNING[0m -> [app/dataset/dataset_creator.py.dataset_creator.create_dataset.185]:                                  Ticker LND has no data or not enough data for window size 1000.
2025-05-03 21:27:06 [31mERROR[0m -> [app/analysis/analysis.py.analysis.analyze.88]:                                                         ANALYZE => (scan) Dataset is None for ticker: LND
2025-05-03 21:27:10 [33mWARNING[0m -> [app/tickers/tickers_handler.py.tickers_handler.download_data.59]:                                    TICKER HANDLER Data is older than threshold: 1 days 01:27:10.057397
2025-05-03 21:27:10 [33mWARNING[0m -> [app/dataset/dataset_creator.py.dataset_creator.create_dataset.185]:                                  Ticker VRE has no data or not enough data for window size 1000.
2025-05-03 21:27:10 [31mERROR[0m -> [app/analysis/analysis.py.analysis.analyze.88]:                                                         ANALYZE => (scan) Dataset is None for ticker: VRE
2025-05-03 21:27:10 [33mWARNING[0m -> [app/tickers/tickers_handler.py.tickers_handler.download_data.59]:                                    TICKER HANDLER Data is older than threshold: 1 days 01:27:10.326199
2025-05-03 21:27:10 [33mWARNING[0m -> [app/dataset/dataset_creator.py.dataset_creator.create_dataset.185]:                                  Ticker RAPP has no data or not enough data for window size 1000.
2025-05-03 21:27:10 [31mERROR[0m -> [app/analysis/analysis.py.analysis.analyze.88]:                                                         ANALYZE => (scan) Dataset is None for ticker: RAPP
2025-05-03 21:27:10 [33mWARNING[0m -> [app/tickers/tickers_handler.py.tickers_handler.download_data.59]:                                    TICKER HANDLER Data is older than threshold: 1 days 01:27:10.618919
2025-05-03 21:27:10 [33mWARNING[0m -> [app/dataset/dataset_creator.py.dataset_creator.create_dataset.185]:                                  Ticker KAI has no data or not enough data for window size 1000.
2025-05-03 21:27:10 [31mERROR[0m -> [app/analysis/analysis.py.analysis.analyze.88]:                                                         ANALYZE => (scan) Dataset is None for ticker: KAI
2025-05-03 21:27:14 [33mWARNING[0m -> [app/tickers/tickers_handler.py.tickers_handler.download_data.59]:                                    TICKER HANDLER Data is older than threshold: 1 days 01:27:14.721494
2025-05-03 21:27:14 [33mWARNING[0m -> [app/dataset/dataset_creator.py.dataset_creator.create_dataset.185]:                                  Ticker GNRC has no data or not enough data for window size 1000.
2025-05-03 21:27:14 [31mERROR[0m -> [app/analysis/analysis.py.analysis.analyze.88]:                                                         ANALYZE => (scan) Dataset is None for ticker: GNRC
2025-05-03 21:27:18 [33mWARNING[0m -> [app/tickers/tickers_handler.py.tickers_handler.download_data.59]:                                    TICKER HANDLER Data is older than threshold: 1 days 01:27:18.889061
2025-05-03 21:27:18 [33mWARNING[0m -> [app/dataset/dataset_creator.py.dataset_creator.create_dataset.185]:                                  Ticker EAF has no data or not enough data for window size 1000.
2025-05-03 21:27:18 [31mERROR[0m -> [app/analysis/analysis.py.analysis.analyze.88]:                                                         ANALYZE => (scan) Dataset is None for ticker: EAF
2025-05-03 21:27:23 [33mWARNING[0m -> [app/tickers/tickers_handler.py.tickers_handler.download_data.59]:                                    TICKER HANDLER Data is older than threshold: 1 days 00:27:23.307638
2025-05-03 21:27:23 [33mWARNING[0m -> [app/dataset/dataset_creator.py.dataset_creator.create_dataset.185]:                                  Ticker SCHW has no data or not enough data for window size 1000.
2025-05-03 21:27:23 [31mERROR[0m -> [app/analysis/analysis.py.analysis.analyze.88]:                                                         ANALYZE => (scan) Dataset is None for ticker: SCHW
2025-05-03 21:27:27 [33mWARNING[0m -> [app/tickers/tickers_handler.py.tickers_handler.download_data.59]:                                    TICKER HANDLER Data is older than threshold: 1 days 01:27:27.233330
2025-05-03 21:27:27 [33mWARNING[0m -> [app/dataset/dataset_creator.py.dataset_creator.create_dataset.185]:                                  Ticker DAWN has no data or not enough data for window size 1000.
2025-05-03 21:27:27 [31mERROR[0m -> [app/analysis/analysis.py.analysis.analyze.88]:                                                         ANALYZE => (scan) Dataset is None for ticker: DAWN
2025-05-03 21:27:27 [33mWARNING[0m -> [app/tickers/tickers_handler.py.tickers_handler.download_data.59]:                                    TICKER HANDLER Data is older than threshold: 1 days 00:27:27.435966
2025-05-03 21:27:27 [33mWARNING[0m -> [app/dataset/dataset_creator.py.dataset_creator.create_dataset.185]:                                  Ticker BWMX has no data or not enough data for window size 1000.
2025-05-03 21:27:27 [31mERROR[0m -> [app/analysis/analysis.py.analysis.analyze.88]:                                                         ANALYZE => (scan) Dataset is None for ticker: BWMX
2025-05-03 21:27:31 [33mWARNING[0m -> [app/tickers/tickers_handler.py.tickers_handler.download_data.59]:                                    TICKER HANDLER Data is older than threshold: 1 days 01:27:31.455330
2025-05-03 21:27:31 [33mWARNING[0m -> [app/dataset/dataset_creator.py.dataset_creator.create_dataset.185]:                                  Ticker MTDR has no data or not enough data for window size 1000.
2025-05-03 21:27:31 [31mERROR[0m -> [app/analysis/analysis.py.analysis.analyze.88]:                                                         ANALYZE => (scan) Dataset is None for ticker: MTDR
2025-05-03 21:27:31 [33mWARNING[0m -> [app/tickers/tickers_handler.py.tickers_handler.download_data.59]:                                    TICKER HANDLER Data is older than threshold: 1 days 01:27:31.876374
2025-05-03 21:27:31 [33mWARNING[0m -> [app/dataset/dataset_creator.py.dataset_creator.create_dataset.185]:                                  Ticker KALU has no data or not enough data for window size 1000.
2025-05-03 21:27:31 [31mERROR[0m -> [app/analysis/analysis.py.analysis.analyze.88]:                                                         ANALYZE => (scan) Dataset is None for ticker: KALU
2025-05-03 21:27:35 [33mWARNING[0m -> [app/tickers/tickers_handler.py.tickers_handler.download_data.59]:                                    TICKER HANDLER Data is older than threshold: 1 days 01:27:35.688497
2025-05-03 21:27:35 [33mWARNING[0m -> [app/dataset/dataset_creator.py.dataset_creator.create_dataset.185]:                                  Ticker HCAT has no data or not enough data for window size 1000.
2025-05-03 21:27:35 [31mERROR[0m -> [app/analysis/analysis.py.analysis.analyze.88]:                                                         ANALYZE => (scan) Dataset is None for ticker: HCAT
2025-05-03 21:27:36 [92mINFO[0m -> [app/alpaca/alpaca_handler.py.alpaca_handler.get_positions.263]:                                         ALPACA =>Fetching positions.
2025-05-03 21:27:36 [92mINFO[0m -> [app/trader/trader.py.trader.monitor_positions.153]:                                                     TRADER => BLDP drawdown = -1.57% (vs high 1.27)
2025-05-03 21:27:39 [33mWARNING[0m -> [app/tickers/tickers_handler.py.tickers_handler.download_data.59]:                                    TICKER HANDLER Data is older than threshold: 0 days 22:27:39.843008
2025-05-03 21:27:39 [33mWARNING[0m -> [app/dataset/dataset_creator.py.dataset_creator.create_dataset.185]:                                  Ticker FTI has no data or not enough data for window size 1000.
2025-05-03 21:27:39 [31mERROR[0m -> [app/analysis/analysis.py.analysis.analyze.88]:                                                         ANALYZE => (scan) Dataset is None for ticker: FTI
2025-05-03 21:27:46 [33mWARNING[0m -> [app/tickers/tickers_handler.py.tickers_handler.download_data.59]:                                    TICKER HANDLER Data is older than threshold: 0 days 22:27:46.765418
2025-05-03 21:27:46 [33mWARNING[0m -> [app/dataset/dataset_creator.py.dataset_creator.create_dataset.185]:                                  Ticker POET has no data or not enough data for window size 1000.
2025-05-03 21:27:46 [31mERROR[0m -> [app/analysis/analysis.py.analysis.analyze.88]:                                                         ANALYZE => (scan) Dataset is None for ticker: POET
2025-05-03 21:27:46 [33mWARNING[0m -> [app/tickers/tickers_handler.py.tickers_handler.download_data.59]:                                    TICKER HANDLER Data is older than threshold: 1 days 06:27:46.868286
2025-05-03 21:27:46 [33mWARNING[0m -> [app/dataset/dataset_creator.py.dataset_creator.create_dataset.185]:                                  Ticker HVT.A has no data or not enough data for window size 1000.
2025-05-03 21:27:46 [31mERROR[0m -> [app/analysis/analysis.py.analysis.analyze.88]:                                                         ANALYZE => (scan) Dataset is None for ticker: HVT.A
2025-05-03 21:27:46 [33mWARNING[0m -> [app/tickers/tickers_handler.py.tickers_handler.download_data.59]:                                    TICKER HANDLER Data is older than threshold: 0 days 22:27:46.890603
2025-05-03 21:27:46 [33mWARNING[0m -> [app/dataset/dataset_creator.py.dataset_creator.create_dataset.185]:                                  Ticker BLDP has no data or not enough data for window size 1000.
2025-05-03 21:27:46 [31mERROR[0m -> [app/analysis/analysis.py.analysis.analyze.88]:                                                         ANALYZE => (monitor) Dataset is None for ticker: BLDP
2025-05-03 21:27:46 [92mINFO[0m -> [app/trader/trader.py.trader.monitor_positions.153]:                                                     TRADER => CTOS drawdown = 0.00% (vs high 4.10)
2025-05-03 21:27:50 [33mWARNING[0m -> [app/tickers/tickers_handler.py.tickers_handler.download_data.59]:                                    TICKER HANDLER Data is older than threshold: 1 days 01:27:50.787643
2025-05-03 21:27:50 [33mWARNING[0m -> [app/dataset/dataset_creator.py.dataset_creator.create_dataset.185]:                                  Ticker CTOS has no data or not enough data for window size 1000.
2025-05-03 21:27:50 [31mERROR[0m -> [app/analysis/analysis.py.analysis.analyze.88]:                                                         ANALYZE => (monitor) Dataset is None for ticker: CTOS
2025-05-03 21:27:50 [92mINFO[0m -> [app/trader/trader.py.trader.monitor_positions.153]:                                                     TRADER => EGY drawdown = -0.29% (vs high 3.39)
2025-05-03 21:27:53 [33mWARNING[0m -> [app/tickers/tickers_handler.py.tickers_handler.download_data.59]:                                    TICKER HANDLER Data is older than threshold: 1 days 01:27:53.846332
2025-05-03 21:27:53 [33mWARNING[0m -> [app/dataset/dataset_creator.py.dataset_creator.create_dataset.185]:                                  Ticker WGO has no data or not enough data for window size 1000.
2025-05-03 21:27:53 [31mERROR[0m -> [app/analysis/analysis.py.analysis.analyze.88]:                                                         ANALYZE => (scan) Dataset is None for ticker: WGO
2025-05-03 21:28:01 [33mWARNING[0m -> [app/tickers/tickers_handler.py.tickers_handler.download_data.59]:                                    TICKER HANDLER Data is older than threshold: 1 days 01:28:01.208474
2025-05-03 21:28:01 [33mWARNING[0m -> [app/dataset/dataset_creator.py.dataset_creator.create_dataset.185]:                                  Ticker EGY has no data or not enough data for window size 1000.
2025-05-03 21:28:01 [31mERROR[0m -> [app/analysis/analysis.py.analysis.analyze.88]:                                                         ANALYZE => (monitor) Dataset is None for ticker: EGY
2025-05-03 21:28:01 [92mINFO[0m -> [app/trader/trader.py.trader.monitor_positions.153]:                                                     TRADER => HROW drawdown = -0.40% (vs high 25.94)
2025-05-03 21:28:01 [33mWARNING[0m -> [app/tickers/tickers_handler.py.tickers_handler.download_data.59]:                                    TICKER HANDLER Data is older than threshold: 1 days 00:28:01.218610
2025-05-03 21:28:01 [33mWARNING[0m -> [app/dataset/dataset_creator.py.dataset_creator.create_dataset.185]:                                  Ticker EAT has no data or not enough data for window size 1000.
2025-05-03 21:28:01 [31mERROR[0m -> [app/analysis/analysis.py.analysis.analyze.88]:                                                         ANALYZE => (scan) Dataset is None for ticker: EAT
2025-05-03 21:28:05 [33mWARNING[0m -> [app/tickers/tickers_handler.py.tickers_handler.download_data.59]:                                    TICKER HANDLER Data is older than threshold: 1 days 01:28:05.052139
2025-05-03 21:28:05 [33mWARNING[0m -> [app/dataset/dataset_creator.py.dataset_creator.create_dataset.185]:                                  Ticker PHR has no data or not enough data for window size 1000.
2025-05-03 21:28:05 [31mERROR[0m -> [app/analysis/analysis.py.analysis.analyze.88]:                                                         ANALYZE => (scan) Dataset is None for ticker: PHR
2025-05-03 21:28:05 [33mWARNING[0m -> [app/tickers/tickers_handler.py.tickers_handler.download_data.59]:                                    TICKER HANDLER Data is older than threshold: 1 days 00:28:05.061746
2025-05-03 21:28:05 [33mWARNING[0m -> [app/dataset/dataset_creator.py.dataset_creator.create_dataset.185]:                                  Ticker HROW has no data or not enough data for window size 1000.
2025-05-03 21:28:05 [31mERROR[0m -> [app/analysis/analysis.py.analysis.analyze.88]:                                                         ANALYZE => (monitor) Dataset is None for ticker: HROW
2025-05-03 21:28:08 [33mWARNING[0m -> [app/tickers/tickers_handler.py.tickers_handler.download_data.59]:                                    TICKER HANDLER Data is older than threshold: 1 days 01:28:08.970300
2025-05-03 21:28:08 [33mWARNING[0m -> [app/dataset/dataset_creator.py.dataset_creator.create_dataset.185]:                                  Ticker VIST has no data or not enough data for window size 1000.
2025-05-03 21:28:08 [31mERROR[0m -> [app/analysis/analysis.py.analysis.analyze.88]:                                                         ANALYZE => (scan) Dataset is None for ticker: VIST
2025-05-03 21:28:09 [33mWARNING[0m -> [app/tickers/tickers_handler.py.tickers_handler.download_data.59]:                                    TICKER HANDLER Data is older than threshold: 1 days 01:28:09.043109
2025-05-03 21:28:09 [33mWARNING[0m -> [app/dataset/dataset_creator.py.dataset_creator.create_dataset.185]:                                  Ticker AAPG has no data or not enough data for window size 1000.
2025-05-03 21:28:09 [31mERROR[0m -> [app/analysis/analysis.py.analysis.analyze.88]:                                                         ANALYZE => (scan) Dataset is None for ticker: AAPG
2025-05-03 21:28:13 [33mWARNING[0m -> [app/tickers/tickers_handler.py.tickers_handler.download_data.59]:                                    TICKER HANDLER Data is older than threshold: 1 days 01:28:13.169040
2025-05-03 21:28:13 [33mWARNING[0m -> [app/dataset/dataset_creator.py.dataset_creator.create_dataset.185]:                                  Ticker AMX has no data or not enough data for window size 1000.
2025-05-03 21:28:13 [31mERROR[0m -> [app/analysis/analysis.py.analysis.analyze.88]:                                                         ANALYZE => (scan) Dataset is None for ticker: AMX
2025-05-03 21:28:17 [33mWARNING[0m -> [app/tickers/tickers_handler.py.tickers_handler.download_data.59]:                                    TICKER HANDLER Data is older than threshold: 1 days 01:28:17.368253
2025-05-03 21:28:17 [33mWARNING[0m -> [app/dataset/dataset_creator.py.dataset_creator.create_dataset.185]:                                  Ticker FLS has no data or not enough data for window size 1000.
2025-05-03 21:28:17 [31mERROR[0m -> [app/analysis/analysis.py.analysis.analyze.88]:                                                         ANALYZE => (scan) Dataset is None for ticker: FLS
2025-05-03 21:28:17 [33mWARNING[0m -> [app/tickers/tickers_handler.py.tickers_handler.download_data.59]:                                    TICKER HANDLER Data is older than threshold: 1 days 01:28:17.962826
2025-05-03 21:28:17 [33mWARNING[0m -> [app/dataset/dataset_creator.py.dataset_creator.create_dataset.185]:                                  Ticker WFG has no data or not enough data for window size 1000.
2025-05-03 21:28:17 [31mERROR[0m -> [app/analysis/analysis.py.analysis.analyze.88]:                                                         ANALYZE => (scan) Dataset is None for ticker: WFG
2025-05-03 21:28:21 [33mWARNING[0m -> [app/tickers/tickers_handler.py.tickers_handler.download_data.59]:                                    TICKER HANDLER Data is older than threshold: 1 days 01:28:21.524312
2025-05-03 21:28:21 [33mWARNING[0m -> [app/dataset/dataset_creator.py.dataset_creator.create_dataset.185]:                                  Ticker CLCO has no data or not enough data for window size 1000.
2025-05-03 21:28:21 [31mERROR[0m -> [app/analysis/analysis.py.analysis.analyze.88]:                                                         ANALYZE => (scan) Dataset is None for ticker: CLCO
2025-05-03 21:28:21 [33mWARNING[0m -> [app/tickers/tickers_handler.py.tickers_handler.download_data.59]:                                    TICKER HANDLER Data is older than threshold: 1 days 01:28:21.965864
2025-05-03 21:28:21 [33mWARNING[0m -> [app/dataset/dataset_creator.py.dataset_creator.create_dataset.185]:                                  Ticker SCM has no data or not enough data for window size 1000.
2025-05-03 21:28:21 [31mERROR[0m -> [app/analysis/analysis.py.analysis.analyze.88]:                                                         ANALYZE => (scan) Dataset is None for ticker: SCM
2025-05-03 21:28:25 [33mWARNING[0m -> [app/tickers/tickers_handler.py.tickers_handler.download_data.59]:                                    TICKER HANDLER Data is older than threshold: 1 days 00:28:25.989271
2025-05-03 21:28:25 [33mWARNING[0m -> [app/dataset/dataset_creator.py.dataset_creator.create_dataset.185]:                                  Ticker SRAD has no data or not enough data for window size 1000.
2025-05-03 21:28:25 [31mERROR[0m -> [app/analysis/analysis.py.analysis.analyze.88]:                                                         ANALYZE => (scan) Dataset is None for ticker: SRAD
2025-05-03 21:28:30 [33mWARNING[0m -> [app/tickers/tickers_handler.py.tickers_handler.download_data.59]:                                    TICKER HANDLER Data is older than threshold: 1 days 01:28:30.034537
2025-05-03 21:28:30 [33mWARNING[0m -> [app/dataset/dataset_creator.py.dataset_creator.create_dataset.185]:                                  Ticker JKS has no data or not enough data for window size 1000.
2025-05-03 21:28:30 [31mERROR[0m -> [app/analysis/analysis.py.analysis.analyze.88]:                                                         ANALYZE => (scan) Dataset is None for ticker: JKS
2025-05-03 21:28:30 [33mWARNING[0m -> [app/tickers/tickers_handler.py.tickers_handler.download_data.59]:                                    TICKER HANDLER Data is older than threshold: 1 days 01:28:30.089835
2025-05-03 21:28:30 [33mWARNING[0m -> [app/dataset/dataset_creator.py.dataset_creator.create_dataset.185]:                                  Ticker GSRT has no data or not enough data for window size 1000.
2025-05-03 21:28:30 [31mERROR[0m -> [app/analysis/analysis.py.analysis.analyze.88]:                                                         ANALYZE => (scan) Dataset is None for ticker: GSRT
2025-05-03 21:28:30 [33mWARNING[0m -> [app/tickers/tickers_handler.py.tickers_handler.download_data.59]:                                    TICKER HANDLER Data is older than threshold: 2 days 02:28:30.157937
2025-05-03 21:28:30 [33mWARNING[0m -> [app/dataset/dataset_creator.py.dataset_creator.create_dataset.185]:                                  Ticker FORTY has no data or not enough data for window size 1000.
2025-05-03 21:28:30 [31mERROR[0m -> [app/analysis/analysis.py.analysis.analyze.88]:                                                         ANALYZE => (scan) Dataset is None for ticker: FORTY
2025-05-03 21:28:30 [33mWARNING[0m -> [app/tickers/tickers_handler.py.tickers_handler.download_data.59]:                                    TICKER HANDLER Data is older than threshold: 1 days 01:28:30.360364
2025-05-03 21:28:30 [33mWARNING[0m -> [app/dataset/dataset_creator.py.dataset_creator.create_dataset.185]:                                  Ticker GRVY has no data or not enough data for window size 1000.
2025-05-03 21:28:30 [31mERROR[0m -> [app/analysis/analysis.py.analysis.analyze.88]:                                                         ANALYZE => (scan) Dataset is None for ticker: GRVY
2025-05-03 21:28:34 [33mWARNING[0m -> [app/tickers/tickers_handler.py.tickers_handler.download_data.59]:                                    TICKER HANDLER Data is older than threshold: 0 days 22:28:34.735703
2025-05-03 21:28:34 [33mWARNING[0m -> [app/dataset/dataset_creator.py.dataset_creator.create_dataset.185]:                                  Ticker LUV has no data or not enough data for window size 1000.
2025-05-03 21:28:34 [31mERROR[0m -> [app/analysis/analysis.py.analysis.analyze.88]:                                                         ANALYZE => (scan) Dataset is None for ticker: LUV
2025-05-03 21:28:38 [33mWARNING[0m -> [app/tickers/tickers_handler.py.tickers_handler.download_data.59]:                                    TICKER HANDLER Data is older than threshold: 1 days 01:28:38.861545
2025-05-03 21:28:38 [33mWARNING[0m -> [app/dataset/dataset_creator.py.dataset_creator.create_dataset.185]:                                  Ticker BKD has no data or not enough data for window size 1000.
2025-05-03 21:28:38 [31mERROR[0m -> [app/analysis/analysis.py.analysis.analyze.88]:                                                         ANALYZE => (scan) Dataset is None for ticker: BKD
2025-05-03 21:28:43 [33mWARNING[0m -> [app/tickers/tickers_handler.py.tickers_handler.download_data.59]:                                    TICKER HANDLER Data is older than threshold: 1 days 00:28:43.055506
2025-05-03 21:28:43 [33mWARNING[0m -> [app/dataset/dataset_creator.py.dataset_creator.create_dataset.185]:                                  Ticker LYB has no data or not enough data for window size 1000.
2025-05-03 21:28:43 [31mERROR[0m -> [app/analysis/analysis.py.analysis.analyze.88]:                                                         ANALYZE => (scan) Dataset is None for ticker: LYB
2025-05-03 21:28:47 [33mWARNING[0m -> [app/tickers/tickers_handler.py.tickers_handler.download_data.59]:                                    TICKER HANDLER Data is older than threshold: 1 days 01:28:47.098264
2025-05-03 21:28:47 [33mWARNING[0m -> [app/dataset/dataset_creator.py.dataset_creator.create_dataset.185]:                                  Ticker TT has no data or not enough data for window size 1000.
2025-05-03 21:28:47 [31mERROR[0m -> [app/analysis/analysis.py.analysis.analyze.88]:                                                         ANALYZE => (scan) Dataset is None for ticker: TT
2025-05-03 21:28:47 [33mWARNING[0m -> [app/tickers/tickers_handler.py.tickers_handler.download_data.59]:                                    TICKER HANDLER Data is older than threshold: 1 days 01:28:47.605432
2025-05-03 21:28:47 [33mWARNING[0m -> [app/dataset/dataset_creator.py.dataset_creator.create_dataset.185]:                                  Ticker PKST has no data or not enough data for window size 1000.
2025-05-03 21:28:47 [31mERROR[0m -> [app/analysis/analysis.py.analysis.analyze.88]:                                                         ANALYZE => (scan) Dataset is None for ticker: PKST
2025-05-03 21:28:51 [33mWARNING[0m -> [app/tickers/tickers_handler.py.tickers_handler.download_data.59]:                                    TICKER HANDLER Data is older than threshold: 1 days 01:28:51.180746
2025-05-03 21:28:51 [33mWARNING[0m -> [app/dataset/dataset_creator.py.dataset_creator.create_dataset.185]:                                  Ticker PJT has no data or not enough data for window size 1000.
2025-05-03 21:28:51 [31mERROR[0m -> [app/analysis/analysis.py.analysis.analyze.88]:                                                         ANALYZE => (scan) Dataset is None for ticker: PJT
2025-05-03 21:28:55 [33mWARNING[0m -> [app/tickers/tickers_handler.py.tickers_handler.download_data.59]:                                    TICKER HANDLER Data is older than threshold: 0 days 22:28:55.762114
2025-05-03 21:28:55 [33mWARNING[0m -> [app/dataset/dataset_creator.py.dataset_creator.create_dataset.185]:                                  Ticker C has no data or not enough data for window size 1000.
2025-05-03 21:28:55 [31mERROR[0m -> [app/analysis/analysis.py.analysis.analyze.88]:                                                         ANALYZE => (scan) Dataset is None for ticker: C
2025-05-03 21:28:59 [33mWARNING[0m -> [app/tickers/tickers_handler.py.tickers_handler.download_data.59]:                                    TICKER HANDLER Data is older than threshold: 1 days 00:28:59.848404
2025-05-03 21:28:59 [33mWARNING[0m -> [app/dataset/dataset_creator.py.dataset_creator.create_dataset.185]:                                  Ticker HLT has no data or not enough data for window size 1000.
2025-05-03 21:28:59 [31mERROR[0m -> [app/analysis/analysis.py.analysis.analyze.88]:                                                         ANALYZE => (scan) Dataset is None for ticker: HLT
2025-05-03 21:29:04 [33mWARNING[0m -> [app/tickers/tickers_handler.py.tickers_handler.download_data.59]:                                    TICKER HANDLER Data is older than threshold: 0 days 22:29:04.097656
2025-05-03 21:29:04 [33mWARNING[0m -> [app/dataset/dataset_creator.py.dataset_creator.create_dataset.185]:                                  Ticker KMB has no data or not enough data for window size 1000.
2025-05-03 21:29:04 [31mERROR[0m -> [app/analysis/analysis.py.analysis.analyze.88]:                                                         ANALYZE => (scan) Dataset is None for ticker: KMB
2025-05-03 21:29:05 [92mINFO[0m -> [app/alpaca/alpaca_handler.py.alpaca_handler.get_positions.263]:                                         ALPACA =>Fetching positions.
2025-05-03 21:29:05 [92mINFO[0m -> [app/trader/trader.py.trader.monitor_positions.153]:                                                     TRADER => BLDP drawdown = -1.57% (vs high 1.27)
2025-05-03 21:29:08 [33mWARNING[0m -> [app/tickers/tickers_handler.py.tickers_handler.download_data.59]:                                    TICKER HANDLER Data is older than threshold: 1 days 01:29:08.512407
2025-05-03 21:29:08 [33mWARNING[0m -> [app/dataset/dataset_creator.py.dataset_creator.create_dataset.185]:                                  Ticker PCG has no data or not enough data for window size 1000.
2025-05-03 21:29:08 [31mERROR[0m -> [app/analysis/analysis.py.analysis.analyze.88]:                                                         ANALYZE => (scan) Dataset is None for ticker: PCG
2025-05-03 21:29:12 [33mWARNING[0m -> [app/tickers/tickers_handler.py.tickers_handler.download_data.59]:                                    TICKER HANDLER Data is older than threshold: 0 days 22:29:12.264051
2025-05-03 21:29:12 [33mWARNING[0m -> [app/dataset/dataset_creator.py.dataset_creator.create_dataset.185]:                                  Ticker BLDP has no data or not enough data for window size 1000.
2025-05-03 21:29:12 [31mERROR[0m -> [app/analysis/analysis.py.analysis.analyze.88]:                                                         ANALYZE => (monitor) Dataset is None for ticker: BLDP
2025-05-03 21:29:12 [92mINFO[0m -> [app/trader/trader.py.trader.monitor_positions.153]:                                                     TRADER => CTOS drawdown = 0.00% (vs high 4.10)
2025-05-03 21:29:15 [33mWARNING[0m -> [app/tickers/tickers_handler.py.tickers_handler.download_data.59]:                                    TICKER HANDLER Data is older than threshold: 1 days 00:29:15.738428
2025-05-03 21:29:15 [33mWARNING[0m -> [app/dataset/dataset_creator.py.dataset_creator.create_dataset.185]:                                  Ticker CEG has no data or not enough data for window size 1000.
2025-05-03 21:29:15 [31mERROR[0m -> [app/analysis/analysis.py.analysis.analyze.88]:                                                         ANALYZE => (scan) Dataset is None for ticker: CEG
2025-05-03 21:29:15 [33mWARNING[0m -> [app/dataset/dataset_creator.py.dataset_creator.create_dataset.185]:                                  Ticker NLOK has no data or not enough data for window size 1000.
2025-05-03 21:29:15 [31mERROR[0m -> [app/analysis/analysis.py.analysis.analyze.88]:                                                         ANALYZE => (scan) Dataset is None for ticker: NLOK
2025-05-03 21:29:19 [33mWARNING[0m -> [app/tickers/tickers_handler.py.tickers_handler.download_data.59]:                                    TICKER HANDLER Data is older than threshold: 1 days 01:29:19.145169
2025-05-03 21:29:19 [33mWARNING[0m -> [app/dataset/dataset_creator.py.dataset_creator.create_dataset.185]:                                  Ticker CTOS has no data or not enough data for window size 1000.
2025-05-03 21:29:19 [31mERROR[0m -> [app/analysis/analysis.py.analysis.analyze.88]:                                                         ANALYZE => (monitor) Dataset is None for ticker: CTOS
2025-05-03 21:29:19 [92mINFO[0m -> [app/trader/trader.py.trader.monitor_positions.153]:                                                     TRADER => EGY drawdown = -0.29% (vs high 3.39)
2025-05-03 21:29:26 [33mWARNING[0m -> [app/tickers/tickers_handler.py.tickers_handler.download_data.59]:                                    TICKER HANDLER Data is older than threshold: 1 days 01:29:26.221843
2025-05-03 21:29:26 [33mWARNING[0m -> [app/dataset/dataset_creator.py.dataset_creator.create_dataset.185]:                                  Ticker EGY has no data or not enough data for window size 1000.
2025-05-03 21:29:26 [31mERROR[0m -> [app/analysis/analysis.py.analysis.analyze.88]:                                                         ANALYZE => (monitor) Dataset is None for ticker: EGY
2025-05-03 21:29:26 [92mINFO[0m -> [app/trader/trader.py.trader.monitor_positions.153]:                                                     TRADER => HROW drawdown = -0.40% (vs high 25.94)
2025-05-03 21:29:26 [33mWARNING[0m -> [app/tickers/tickers_handler.py.tickers_handler.download_data.59]:                                    TICKER HANDLER Data is older than threshold: 0 days 22:29:26.422353
2025-05-03 21:29:26 [33mWARNING[0m -> [app/dataset/dataset_creator.py.dataset_creator.create_dataset.185]:                                  Ticker MRNA has no data or not enough data for window size 1000.
2025-05-03 21:29:26 [31mERROR[0m -> [app/analysis/analysis.py.analysis.analyze.88]:                                                         ANALYZE => (scan) Dataset is None for ticker: MRNA
2025-05-03 21:29:33 [33mWARNING[0m -> [app/tickers/tickers_handler.py.tickers_handler.download_data.59]:                                    TICKER HANDLER Data is older than threshold: 1 days 00:29:33.178536
2025-05-03 21:29:33 [33mWARNING[0m -> [app/dataset/dataset_creator.py.dataset_creator.create_dataset.185]:                                  Ticker HROW has no data or not enough data for window size 1000.
2025-05-03 21:29:33 [31mERROR[0m -> [app/analysis/analysis.py.analysis.analyze.88]:                                                         ANALYZE => (monitor) Dataset is None for ticker: HROW
2025-05-03 21:29:33 [33mWARNING[0m -> [app/tickers/tickers_handler.py.tickers_handler.download_data.59]:                                    TICKER HANDLER Data is older than threshold: 1 days 01:29:33.640137
2025-05-03 21:29:33 [33mWARNING[0m -> [app/dataset/dataset_creator.py.dataset_creator.create_dataset.185]:                                  Ticker MFC has no data or not enough data for window size 1000.
2025-05-03 21:29:33 [31mERROR[0m -> [app/analysis/analysis.py.analysis.analyze.88]:                                                         ANALYZE => (scan) Dataset is None for ticker: MFC
2025-05-03 21:29:37 [33mWARNING[0m -> [app/tickers/tickers_handler.py.tickers_handler.download_data.59]:                                    TICKER HANDLER Data is older than threshold: 1 days 01:29:37.658856
2025-05-03 21:29:37 [33mWARNING[0m -> [app/dataset/dataset_creator.py.dataset_creator.create_dataset.185]:                                  Ticker CTAS has no data or not enough data for window size 1000.
2025-05-03 21:29:37 [31mERROR[0m -> [app/analysis/analysis.py.analysis.analyze.88]:                                                         ANALYZE => (scan) Dataset is None for ticker: CTAS
2025-05-03 21:29:41 [33mWARNING[0m -> [app/tickers/tickers_handler.py.tickers_handler.download_data.59]:                                    TICKER HANDLER Data is older than threshold: 0 days 22:29:41.990699
2025-05-03 21:29:41 [33mWARNING[0m -> [app/dataset/dataset_creator.py.dataset_creator.create_dataset.185]:                                  Ticker BEKE has no data or not enough data for window size 1000.
2025-05-03 21:29:41 [31mERROR[0m -> [app/analysis/analysis.py.analysis.analyze.88]:                                                         ANALYZE => (scan) Dataset is None for ticker: BEKE
2025-05-03 21:29:46 [33mWARNING[0m -> [app/tickers/tickers_handler.py.tickers_handler.download_data.59]:                                    TICKER HANDLER Data is older than threshold: 1 days 00:29:46.113493
2025-05-03 21:29:46 [33mWARNING[0m -> [app/dataset/dataset_creator.py.dataset_creator.create_dataset.185]:                                  Ticker SAP has no data or not enough data for window size 1000.
2025-05-03 21:29:46 [31mERROR[0m -> [app/analysis/analysis.py.analysis.analyze.88]:                                                         ANALYZE => (scan) Dataset is None for ticker: SAP
2025-05-03 21:29:46 [33mWARNING[0m -> [app/tickers/tickers_handler.py.tickers_handler.download_data.59]:                                    TICKER HANDLER Data is older than threshold: 1 days 01:29:46.544394
2025-05-03 21:29:46 [33mWARNING[0m -> [app/dataset/dataset_creator.py.dataset_creator.create_dataset.185]:                                  Ticker AURA has no data or not enough data for window size 1000.
2025-05-03 21:29:46 [31mERROR[0m -> [app/analysis/analysis.py.analysis.analyze.88]:                                                         ANALYZE => (scan) Dataset is None for ticker: AURA
2025-05-03 21:29:46 [33mWARNING[0m -> [app/tickers/tickers_handler.py.tickers_handler.download_data.59]:                                    TICKER HANDLER Data is older than threshold: 1 days 01:29:46.741550
2025-05-03 21:29:46 [33mWARNING[0m -> [app/dataset/dataset_creator.py.dataset_creator.create_dataset.185]:                                  Ticker SGU has no data or not enough data for window size 1000.
2025-05-03 21:29:46 [31mERROR[0m -> [app/analysis/analysis.py.analysis.analyze.88]:                                                         ANALYZE => (scan) Dataset is None for ticker: SGU
2025-05-03 21:29:50 [33mWARNING[0m -> [app/tickers/tickers_handler.py.tickers_handler.download_data.59]:                                    TICKER HANDLER Data is older than threshold: 1 days 01:29:50.556188
2025-05-03 21:29:50 [33mWARNING[0m -> [app/dataset/dataset_creator.py.dataset_creator.create_dataset.185]:                                  Ticker RDNT has no data or not enough data for window size 1000.
2025-05-03 21:29:50 [31mERROR[0m -> [app/analysis/analysis.py.analysis.analyze.88]:                                                         ANALYZE => (scan) Dataset is None for ticker: RDNT
2025-05-03 21:29:50 [33mWARNING[0m -> [app/tickers/tickers_handler.py.tickers_handler.download_data.59]:                                    TICKER HANDLER Data is older than threshold: 1 days 01:29:50.914060
2025-05-03 21:29:50 [33mWARNING[0m -> [app/dataset/dataset_creator.py.dataset_creator.create_dataset.185]:                                  Ticker ZEUS has no data or not enough data for window size 1000.
2025-05-03 21:29:50 [31mERROR[0m -> [app/analysis/analysis.py.analysis.analyze.88]:                                                         ANALYZE => (scan) Dataset is None for ticker: ZEUS
2025-05-03 21:29:55 [33mWARNING[0m -> [app/tickers/tickers_handler.py.tickers_handler.download_data.59]:                                    TICKER HANDLER Data is older than threshold: 1 days 01:29:55.048267
2025-05-03 21:29:55 [33mWARNING[0m -> [app/dataset/dataset_creator.py.dataset_creator.create_dataset.185]:                                  Ticker ONB has no data or not enough data for window size 1000.
2025-05-03 21:29:55 [31mERROR[0m -> [app/analysis/analysis.py.analysis.analyze.88]:                                                         ANALYZE => (scan) Dataset is None for ticker: ONB
2025-05-03 21:29:59 [33mWARNING[0m -> [app/tickers/tickers_handler.py.tickers_handler.download_data.59]:                                    TICKER HANDLER Data is older than threshold: 0 days 22:29:59.285264
2025-05-03 21:29:59 [33mWARNING[0m -> [app/dataset/dataset_creator.py.dataset_creator.create_dataset.185]:                                  Ticker RKT has no data or not enough data for window size 1000.
2025-05-03 21:29:59 [31mERROR[0m -> [app/analysis/analysis.py.analysis.analyze.88]:                                                         ANALYZE => (scan) Dataset is None for ticker: RKT
2025-05-03 21:29:59 [33mWARNING[0m -> [app/tickers/tickers_handler.py.tickers_handler.download_data.59]:                                    TICKER HANDLER Data is older than threshold: 1 days 00:29:59.437955
2025-05-03 21:29:59 [33mWARNING[0m -> [app/dataset/dataset_creator.py.dataset_creator.create_dataset.185]:                                  Ticker SIMA has no data or not enough data for window size 1000.
2025-05-03 21:29:59 [31mERROR[0m -> [app/analysis/analysis.py.analysis.analyze.88]:                                                         ANALYZE => (scan) Dataset is None for ticker: SIMA
2025-05-03 21:29:59 [33mWARNING[0m -> [app/tickers/tickers_handler.py.tickers_handler.download_data.59]:                                    TICKER HANDLER Data is older than threshold: 1 days 01:29:59.708736
2025-05-03 21:29:59 [33mWARNING[0m -> [app/dataset/dataset_creator.py.dataset_creator.create_dataset.185]:                                  Ticker GNTY has no data or not enough data for window size 1000.
2025-05-03 21:29:59 [31mERROR[0m -> [app/analysis/analysis.py.analysis.analyze.88]:                                                         ANALYZE => (scan) Dataset is None for ticker: GNTY
2025-05-03 21:30:03 [33mWARNING[0m -> [app/tickers/tickers_handler.py.tickers_handler.download_data.59]:                                    TICKER HANDLER Data is older than threshold: 1 days 01:30:03.904171
2025-05-03 21:30:03 [33mWARNING[0m -> [app/dataset/dataset_creator.py.dataset_creator.create_dataset.185]:                                  Ticker SONO has no data or not enough data for window size 1000.
2025-05-03 21:30:03 [31mERROR[0m -> [app/analysis/analysis.py.analysis.analyze.88]:                                                         ANALYZE => (scan) Dataset is None for ticker: SONO
2025-05-03 21:30:04 [33mWARNING[0m -> [app/tickers/tickers_handler.py.tickers_handler.download_data.59]:                                    TICKER HANDLER Data is older than threshold: 1 days 01:30:04.320293
2025-05-03 21:30:04 [33mWARNING[0m -> [app/dataset/dataset_creator.py.dataset_creator.create_dataset.185]:                                  Ticker DBD has no data or not enough data for window size 1000.
2025-05-03 21:30:04 [31mERROR[0m -> [app/analysis/analysis.py.analysis.analyze.88]:                                                         ANALYZE => (scan) Dataset is None for ticker: DBD
2025-05-03 21:30:08 [33mWARNING[0m -> [app/tickers/tickers_handler.py.tickers_handler.download_data.59]:                                    TICKER HANDLER Data is older than threshold: 0 days 22:30:08.834964
2025-05-03 21:30:08 [33mWARNING[0m -> [app/dataset/dataset_creator.py.dataset_creator.create_dataset.185]:                                  Ticker APPS has no data or not enough data for window size 1000.
2025-05-03 21:30:08 [31mERROR[0m -> [app/analysis/analysis.py.analysis.analyze.88]:                                                         ANALYZE => (scan) Dataset is None for ticker: APPS
2025-05-03 21:30:12 [33mWARNING[0m -> [app/tickers/tickers_handler.py.tickers_handler.download_data.59]:                                    TICKER HANDLER Data is older than threshold: 1 days 01:30:12.334742
2025-05-03 21:30:12 [33mWARNING[0m -> [app/dataset/dataset_creator.py.dataset_creator.create_dataset.185]:                                  Ticker QUAD has no data or not enough data for window size 1000.
2025-05-03 21:30:12 [31mERROR[0m -> [app/analysis/analysis.py.analysis.analyze.88]:                                                         ANALYZE => (scan) Dataset is None for ticker: QUAD
2025-05-03 21:30:12 [33mWARNING[0m -> [app/tickers/tickers_handler.py.tickers_handler.download_data.59]:                                    TICKER HANDLER Data is older than threshold: 1 days 01:30:12.861166
2025-05-03 21:30:12 [33mWARNING[0m -> [app/dataset/dataset_creator.py.dataset_creator.create_dataset.185]:                                  Ticker BKNG has no data or not enough data for window size 1000.
2025-05-03 21:30:12 [31mERROR[0m -> [app/analysis/analysis.py.analysis.analyze.88]:                                                         ANALYZE => (scan) Dataset is None for ticker: BKNG
2025-05-03 21:30:20 [33mWARNING[0m -> [app/tickers/tickers_handler.py.tickers_handler.download_data.59]:                                    TICKER HANDLER Data is older than threshold: 0 days 22:30:20.817209
2025-05-03 21:30:20 [33mWARNING[0m -> [app/dataset/dataset_creator.py.dataset_creator.create_dataset.185]:                                  Ticker ARM has no data or not enough data for window size 1000.
2025-05-03 21:30:20 [31mERROR[0m -> [app/analysis/analysis.py.analysis.analyze.88]:                                                         ANALYZE => (scan) Dataset is None for ticker: ARM
2025-05-03 21:30:21 [33mWARNING[0m -> [app/tickers/tickers_handler.py.tickers_handler.download_data.59]:                                    TICKER HANDLER Data is older than threshold: 1 days 01:30:21.718334
2025-05-03 21:30:21 [33mWARNING[0m -> [app/dataset/dataset_creator.py.dataset_creator.create_dataset.185]:                                  Ticker REYN has no data or not enough data for window size 1000.
2025-05-03 21:30:21 [31mERROR[0m -> [app/analysis/analysis.py.analysis.analyze.88]:                                                         ANALYZE => (scan) Dataset is None for ticker: REYN
2025-05-03 21:30:25 [33mWARNING[0m -> [app/tickers/tickers_handler.py.tickers_handler.download_data.59]:                                    TICKER HANDLER Data is older than threshold: 1 days 01:30:25.216876
2025-05-03 21:30:25 [33mWARNING[0m -> [app/dataset/dataset_creator.py.dataset_creator.create_dataset.185]:                                  Ticker ACTG has no data or not enough data for window size 1000.
2025-05-03 21:30:25 [31mERROR[0m -> [app/analysis/analysis.py.analysis.analyze.88]:                                                         ANALYZE => (scan) Dataset is None for ticker: ACTG
2025-05-03 21:30:26 [33mWARNING[0m -> [app/tickers/tickers_handler.py.tickers_handler.download_data.59]:                                    TICKER HANDLER Data is older than threshold: 1 days 01:30:26.753151
2025-05-03 21:30:26 [33mWARNING[0m -> [app/dataset/dataset_creator.py.dataset_creator.create_dataset.185]:                                  Ticker FMC has no data or not enough data for window size 1000.
2025-05-03 21:30:26 [31mERROR[0m -> [app/analysis/analysis.py.analysis.analyze.88]:                                                         ANALYZE => (scan) Dataset is None for ticker: FMC
2025-05-03 21:30:30 [33mWARNING[0m -> [app/tickers/tickers_handler.py.tickers_handler.download_data.59]:                                    TICKER HANDLER Data is older than threshold: 0 days 22:30:30.895018
2025-05-03 21:30:30 [33mWARNING[0m -> [app/dataset/dataset_creator.py.dataset_creator.create_dataset.185]:                                  Ticker FROG has no data or not enough data for window size 1000.
2025-05-03 21:30:30 [31mERROR[0m -> [app/analysis/analysis.py.analysis.analyze.88]:                                                         ANALYZE => (scan) Dataset is None for ticker: FROG
2025-05-03 21:30:33 [92mINFO[0m -> [app/alpaca/alpaca_handler.py.alpaca_handler.get_positions.263]:                                         ALPACA =>Fetching positions.
2025-05-03 21:30:33 [92mINFO[0m -> [app/trader/trader.py.trader.monitor_positions.153]:                                                     TRADER => BLDP drawdown = -1.57% (vs high 1.27)
2025-05-03 21:30:37 [33mWARNING[0m -> [app/tickers/tickers_handler.py.tickers_handler.download_data.59]:                                    TICKER HANDLER Data is older than threshold: 0 days 22:30:37.459397
2025-05-03 21:30:37 [33mWARNING[0m -> [app/dataset/dataset_creator.py.dataset_creator.create_dataset.185]:                                  Ticker BLDP has no data or not enough data for window size 1000.
2025-05-03 21:30:37 [31mERROR[0m -> [app/analysis/analysis.py.analysis.analyze.88]:                                                         ANALYZE => (monitor) Dataset is None for ticker: BLDP
2025-05-03 21:30:37 [92mINFO[0m -> [app/trader/trader.py.trader.monitor_positions.153]:                                                     TRADER => CTOS drawdown = 0.00% (vs high 4.10)
2025-05-03 21:30:37 [33mWARNING[0m -> [app/tickers/tickers_handler.py.tickers_handler.download_data.59]:                                    TICKER HANDLER Data is older than threshold: 0 days 23:30:37.784205
2025-05-03 21:30:37 [33mWARNING[0m -> [app/dataset/dataset_creator.py.dataset_creator.create_dataset.185]:                                  Ticker ARIS has no data or not enough data for window size 1000.
2025-05-03 21:30:37 [31mERROR[0m -> [app/analysis/analysis.py.analysis.analyze.88]:                                                         ANALYZE => (scan) Dataset is None for ticker: ARIS
2025-05-03 21:30:41 [33mWARNING[0m -> [app/tickers/tickers_handler.py.tickers_handler.download_data.59]:                                    TICKER HANDLER Data is older than threshold: 1 days 01:30:41.072760
2025-05-03 21:30:41 [33mWARNING[0m -> [app/dataset/dataset_creator.py.dataset_creator.create_dataset.185]:                                  Ticker KMDA has no data or not enough data for window size 1000.
2025-05-03 21:30:41 [31mERROR[0m -> [app/analysis/analysis.py.analysis.analyze.88]:                                                         ANALYZE => (scan) Dataset is None for ticker: KMDA
2025-05-03 21:30:41 [33mWARNING[0m -> [app/tickers/tickers_handler.py.tickers_handler.download_data.59]:                                    TICKER HANDLER Data is older than threshold: 1 days 01:30:41.336051
2025-05-03 21:30:41 [33mWARNING[0m -> [app/dataset/dataset_creator.py.dataset_creator.create_dataset.185]:                                  Ticker CTOS has no data or not enough data for window size 1000.
2025-05-03 21:30:41 [31mERROR[0m -> [app/analysis/analysis.py.analysis.analyze.88]:                                                         ANALYZE => (monitor) Dataset is None for ticker: CTOS
2025-05-03 21:30:41 [92mINFO[0m -> [app/trader/trader.py.trader.monitor_positions.153]:                                                     TRADER => EGY drawdown = -0.29% (vs high 3.39)
2025-05-03 21:30:44 [33mWARNING[0m -> [app/tickers/tickers_handler.py.tickers_handler.download_data.59]:                                    TICKER HANDLER Data is older than threshold: 1 days 01:30:44.573436
2025-05-03 21:30:44 [33mWARNING[0m -> [app/dataset/dataset_creator.py.dataset_creator.create_dataset.185]:                                  Ticker NVR has no data or not enough data for window size 1000.
2025-05-03 21:30:44 [31mERROR[0m -> [app/analysis/analysis.py.analysis.analyze.88]:                                                         ANALYZE => (scan) Dataset is None for ticker: NVR
2025-05-03 21:30:44 [33mWARNING[0m -> [app/tickers/tickers_handler.py.tickers_handler.download_data.59]:                                    TICKER HANDLER Data is older than threshold: 1 days 01:30:44.782298
2025-05-03 21:30:44 [33mWARNING[0m -> [app/dataset/dataset_creator.py.dataset_creator.create_dataset.185]:                                  Ticker AIRJ has no data or not enough data for window size 1000.
2025-05-03 21:30:44 [31mERROR[0m -> [app/analysis/analysis.py.analysis.analyze.88]:                                                         ANALYZE => (scan) Dataset is None for ticker: AIRJ
2025-05-03 21:30:48 [33mWARNING[0m -> [app/tickers/tickers_handler.py.tickers_handler.download_data.59]:                                    TICKER HANDLER Data is older than threshold: 1 days 01:30:48.429701
2025-05-03 21:30:48 [33mWARNING[0m -> [app/dataset/dataset_creator.py.dataset_creator.create_dataset.185]:                                  Ticker EGY has no data or not enough data for window size 1000.
2025-05-03 21:30:48 [31mERROR[0m -> [app/analysis/analysis.py.analysis.analyze.88]:                                                         ANALYZE => (monitor) Dataset is None for ticker: EGY
2025-05-03 21:30:48 [92mINFO[0m -> [app/trader/trader.py.trader.monitor_positions.153]:                                                     TRADER => HROW drawdown = -0.40% (vs high 25.94)
2025-05-03 21:30:51 [33mWARNING[0m -> [app/tickers/tickers_handler.py.tickers_handler.download_data.59]:                                    TICKER HANDLER Data is older than threshold: 1 days 01:30:51.902012
2025-05-03 21:30:51 [33mWARNING[0m -> [app/dataset/dataset_creator.py.dataset_creator.create_dataset.185]:                                  Ticker GOGO has no data or not enough data for window size 1000.
2025-05-03 21:30:51 [31mERROR[0m -> [app/analysis/analysis.py.analysis.analyze.88]:                                                         ANALYZE => (scan) Dataset is None for ticker: GOGO
2025-05-03 21:30:55 [33mWARNING[0m -> [app/tickers/tickers_handler.py.tickers_handler.download_data.59]:                                    TICKER HANDLER Data is older than threshold: 1 days 00:30:55.255872
2025-05-03 21:30:55 [33mWARNING[0m -> [app/dataset/dataset_creator.py.dataset_creator.create_dataset.185]:                                  Ticker HROW has no data or not enough data for window size 1000.
2025-05-03 21:30:55 [31mERROR[0m -> [app/analysis/analysis.py.analysis.analyze.88]:                                                         ANALYZE => (monitor) Dataset is None for ticker: HROW
2025-05-03 21:30:59 [33mWARNING[0m -> [app/tickers/tickers_handler.py.tickers_handler.download_data.59]:                                    TICKER HANDLER Data is older than threshold: 1 days 01:30:59.233996
2025-05-03 21:30:59 [33mWARNING[0m -> [app/dataset/dataset_creator.py.dataset_creator.create_dataset.185]:                                  Ticker EXE has no data or not enough data for window size 1000.
2025-05-03 21:30:59 [31mERROR[0m -> [app/analysis/analysis.py.analysis.analyze.88]:                                                         ANALYZE => (scan) Dataset is None for ticker: EXE
2025-05-03 21:31:03 [33mWARNING[0m -> [app/tickers/tickers_handler.py.tickers_handler.download_data.59]:                                    TICKER HANDLER Data is older than threshold: 1 days 01:31:03.268658
2025-05-03 21:31:03 [33mWARNING[0m -> [app/dataset/dataset_creator.py.dataset_creator.create_dataset.185]:                                  Ticker SNDX has no data or not enough data for window size 1000.
2025-05-03 21:31:03 [31mERROR[0m -> [app/analysis/analysis.py.analysis.analyze.88]:                                                         ANALYZE => (scan) Dataset is None for ticker: SNDX
2025-05-03 21:31:03 [33mWARNING[0m -> [app/tickers/tickers_handler.py.tickers_handler.download_data.59]:                                    TICKER HANDLER Data is older than threshold: 1 days 01:31:03.719616
2025-05-03 21:31:03 [33mWARNING[0m -> [app/dataset/dataset_creator.py.dataset_creator.create_dataset.185]:                                  Ticker LLYVA has no data or not enough data for window size 1000.
2025-05-03 21:31:03 [31mERROR[0m -> [app/analysis/analysis.py.analysis.analyze.88]:                                                         ANALYZE => (scan) Dataset is None for ticker: LLYVA
2025-05-03 21:31:07 [33mWARNING[0m -> [app/tickers/tickers_handler.py.tickers_handler.download_data.59]:                                    TICKER HANDLER Data is older than threshold: 1 days 01:31:07.764096
2025-05-03 21:31:07 [33mWARNING[0m -> [app/dataset/dataset_creator.py.dataset_creator.create_dataset.185]:                                  Ticker OMF has no data or not enough data for window size 1000.
2025-05-03 21:31:07 [31mERROR[0m -> [app/analysis/analysis.py.analysis.analyze.88]:                                                         ANALYZE => (scan) Dataset is None for ticker: OMF
2025-05-03 21:31:11 [33mWARNING[0m -> [app/tickers/tickers_handler.py.tickers_handler.download_data.59]:                                    TICKER HANDLER Data is older than threshold: 1 days 01:31:11.831631
2025-05-03 21:31:11 [33mWARNING[0m -> [app/dataset/dataset_creator.py.dataset_creator.create_dataset.185]:                                  Ticker HOMB has no data or not enough data for window size 1000.
2025-05-03 21:31:11 [31mERROR[0m -> [app/analysis/analysis.py.analysis.analyze.88]:                                                         ANALYZE => (scan) Dataset is None for ticker: HOMB
2025-05-03 21:31:12 [33mWARNING[0m -> [app/tickers/tickers_handler.py.tickers_handler.download_data.59]:                                    TICKER HANDLER Data is older than threshold: 1 days 01:31:12.123826
2025-05-03 21:31:12 [33mWARNING[0m -> [app/dataset/dataset_creator.py.dataset_creator.create_dataset.185]:                                  Ticker YORW has no data or not enough data for window size 1000.
2025-05-03 21:31:12 [31mERROR[0m -> [app/analysis/analysis.py.analysis.analyze.88]:                                                         ANALYZE => (scan) Dataset is None for ticker: YORW
2025-05-03 21:31:13 [33mWARNING[0m -> [app/tickers/tickers_handler.py.tickers_handler.download_data.59]:                                    TICKER HANDLER Data is older than threshold: 1 days 01:31:13.035091
2025-05-03 21:31:13 [33mWARNING[0m -> [app/dataset/dataset_creator.py.dataset_creator.create_dataset.185]:                                  Ticker SAFE has no data or not enough data for window size 1000.
2025-05-03 21:31:13 [31mERROR[0m -> [app/analysis/analysis.py.analysis.analyze.88]:                                                         ANALYZE => (scan) Dataset is None for ticker: SAFE
2025-05-03 21:31:17 [33mWARNING[0m -> [app/tickers/tickers_handler.py.tickers_handler.download_data.59]:                                    TICKER HANDLER Data is older than threshold: 1 days 01:31:17.136780
2025-05-03 21:31:17 [33mWARNING[0m -> [app/dataset/dataset_creator.py.dataset_creator.create_dataset.185]:                                  Ticker DFS has no data or not enough data for window size 1000.
2025-05-03 21:31:17 [31mERROR[0m -> [app/analysis/analysis.py.analysis.analyze.88]:                                                         ANALYZE => (scan) Dataset is None for ticker: DFS
2025-05-03 21:31:17 [33mWARNING[0m -> [app/tickers/tickers_handler.py.tickers_handler.download_data.59]:                                    TICKER HANDLER Data is older than threshold: 0 days 22:31:17.323906
2025-05-03 21:31:17 [33mWARNING[0m -> [app/dataset/dataset_creator.py.dataset_creator.create_dataset.185]:                                  Ticker PKOH has no data or not enough data for window size 1000.
2025-05-03 21:31:17 [31mERROR[0m -> [app/analysis/analysis.py.analysis.analyze.88]:                                                         ANALYZE => (scan) Dataset is None for ticker: PKOH
2025-05-03 21:31:20 [33mWARNING[0m -> [app/tickers/tickers_handler.py.tickers_handler.download_data.59]:                                    TICKER HANDLER Data is older than threshold: 1 days 01:31:20.730477
2025-05-03 21:31:20 [33mWARNING[0m -> [app/dataset/dataset_creator.py.dataset_creator.create_dataset.185]:                                  Ticker ICFI has no data or not enough data for window size 1000.
2025-05-03 21:31:20 [31mERROR[0m -> [app/analysis/analysis.py.analysis.analyze.88]:                                                         ANALYZE => (scan) Dataset is None for ticker: ICFI
2025-05-03 21:31:21 [33mWARNING[0m -> [app/tickers/tickers_handler.py.tickers_handler.download_data.59]:                                    TICKER HANDLER Data is older than threshold: 1 days 01:31:21.910945
2025-05-03 21:31:21 [33mWARNING[0m -> [app/dataset/dataset_creator.py.dataset_creator.create_dataset.185]:                                  Ticker VOYA has no data or not enough data for window size 1000.
2025-05-03 21:31:21 [31mERROR[0m -> [app/analysis/analysis.py.analysis.analyze.88]:                                                         ANALYZE => (scan) Dataset is None for ticker: VOYA
2025-05-03 21:31:25 [33mWARNING[0m -> [app/tickers/tickers_handler.py.tickers_handler.download_data.59]:                                    TICKER HANDLER Data is older than threshold: 1 days 01:31:25.062426
2025-05-03 21:31:25 [33mWARNING[0m -> [app/dataset/dataset_creator.py.dataset_creator.create_dataset.185]:                                  Ticker AVR has no data or not enough data for window size 1000.
2025-05-03 21:31:25 [31mERROR[0m -> [app/analysis/analysis.py.analysis.analyze.88]:                                                         ANALYZE => (scan) Dataset is None for ticker: AVR
2025-05-03 21:31:26 [33mWARNING[0m -> [app/tickers/tickers_handler.py.tickers_handler.download_data.59]:                                    TICKER HANDLER Data is older than threshold: 1 days 01:31:26.331385
2025-05-03 21:31:26 [33mWARNING[0m -> [app/dataset/dataset_creator.py.dataset_creator.create_dataset.185]:                                  Ticker NSC has no data or not enough data for window size 1000.
2025-05-03 21:31:26 [31mERROR[0m -> [app/analysis/analysis.py.analysis.analyze.88]:                                                         ANALYZE => (scan) Dataset is None for ticker: NSC
2025-05-03 21:31:29 [33mWARNING[0m -> [app/tickers/tickers_handler.py.tickers_handler.download_data.59]:                                    TICKER HANDLER Data is older than threshold: 1 days 01:31:29.570293
2025-05-03 21:31:29 [33mWARNING[0m -> [app/dataset/dataset_creator.py.dataset_creator.create_dataset.185]:                                  Ticker GB has no data or not enough data for window size 1000.
2025-05-03 21:31:29 [31mERROR[0m -> [app/analysis/analysis.py.analysis.analyze.88]:                                                         ANALYZE => (scan) Dataset is None for ticker: GB
2025-05-03 21:31:29 [33mWARNING[0m -> [app/tickers/tickers_handler.py.tickers_handler.download_data.59]:                                    TICKER HANDLER Data is older than threshold: 1 days 02:31:29.707206
2025-05-03 21:31:29 [33mWARNING[0m -> [app/dataset/dataset_creator.py.dataset_creator.create_dataset.185]:                                  Ticker FCNCO has no data or not enough data for window size 1000.
2025-05-03 21:31:29 [31mERROR[0m -> [app/analysis/analysis.py.analysis.analyze.88]:                                                         ANALYZE => (scan) Dataset is None for ticker: FCNCO
2025-05-03 21:31:34 [33mWARNING[0m -> [app/tickers/tickers_handler.py.tickers_handler.download_data.59]:                                    TICKER HANDLER Data is older than threshold: 0 days 22:31:34.192771
2025-05-03 21:31:34 [33mWARNING[0m -> [app/dataset/dataset_creator.py.dataset_creator.create_dataset.185]:                                  Ticker KOS has no data or not enough data for window size 1000.
2025-05-03 21:31:34 [31mERROR[0m -> [app/analysis/analysis.py.analysis.analyze.88]:                                                         ANALYZE => (scan) Dataset is None for ticker: KOS
2025-05-03 21:31:34 [33mWARNING[0m -> [app/tickers/tickers_handler.py.tickers_handler.download_data.59]:                                    TICKER HANDLER Data is older than threshold: 1 days 01:31:34.602263
2025-05-03 21:31:34 [33mWARNING[0m -> [app/dataset/dataset_creator.py.dataset_creator.create_dataset.185]:                                  Ticker LANC has no data or not enough data for window size 1000.
2025-05-03 21:31:34 [31mERROR[0m -> [app/analysis/analysis.py.analysis.analyze.88]:                                                         ANALYZE => (scan) Dataset is None for ticker: LANC
2025-05-03 21:31:38 [33mWARNING[0m -> [app/tickers/tickers_handler.py.tickers_handler.download_data.59]:                                    TICKER HANDLER Data is older than threshold: 1 days 01:31:38.547943
2025-05-03 21:31:38 [33mWARNING[0m -> [app/dataset/dataset_creator.py.dataset_creator.create_dataset.185]:                                  Ticker DNOW has no data or not enough data for window size 1000.
2025-05-03 21:31:38 [31mERROR[0m -> [app/analysis/analysis.py.analysis.analyze.88]:                                                         ANALYZE => (scan) Dataset is None for ticker: DNOW
2025-05-03 21:31:42 [33mWARNING[0m -> [app/tickers/tickers_handler.py.tickers_handler.download_data.59]:                                    TICKER HANDLER Data is older than threshold: 1 days 01:31:42.587847
2025-05-03 21:31:42 [33mWARNING[0m -> [app/dataset/dataset_creator.py.dataset_creator.create_dataset.185]:                                  Ticker WAB has no data or not enough data for window size 1000.
2025-05-03 21:31:42 [31mERROR[0m -> [app/analysis/analysis.py.analysis.analyze.88]:                                                         ANALYZE => (scan) Dataset is None for ticker: WAB
2025-05-03 21:31:42 [33mWARNING[0m -> [app/tickers/tickers_handler.py.tickers_handler.download_data.59]:                                    TICKER HANDLER Data is older than threshold: 1 days 01:31:42.716368
2025-05-03 21:31:42 [33mWARNING[0m -> [app/dataset/dataset_creator.py.dataset_creator.create_dataset.185]:                                  Ticker WEYS has no data or not enough data for window size 1000.
2025-05-03 21:31:42 [31mERROR[0m -> [app/analysis/analysis.py.analysis.analyze.88]:                                                         ANALYZE => (scan) Dataset is None for ticker: WEYS
2025-05-03 21:31:43 [33mWARNING[0m -> [app/tickers/tickers_handler.py.tickers_handler.download_data.59]:                                    TICKER HANDLER Data is older than threshold: 1 days 01:31:43.318460
2025-05-03 21:31:43 [33mWARNING[0m -> [app/dataset/dataset_creator.py.dataset_creator.create_dataset.185]:                                  Ticker R has no data or not enough data for window size 1000.
2025-05-03 21:31:43 [31mERROR[0m -> [app/analysis/analysis.py.analysis.analyze.88]:                                                         ANALYZE => (scan) Dataset is None for ticker: R
2025-05-03 21:31:46 [33mWARNING[0m -> [app/tickers/tickers_handler.py.tickers_handler.download_data.59]:                                    TICKER HANDLER Data is older than threshold: 33 days 01:31:46.915090
2025-05-03 21:31:46 [33mWARNING[0m -> [app/dataset/dataset_creator.py.dataset_creator.create_dataset.185]:                                  Ticker SASR has no data or not enough data for window size 1000.
2025-05-03 21:31:46 [31mERROR[0m -> [app/analysis/analysis.py.analysis.analyze.88]:                                                         ANALYZE => (scan) Dataset is None for ticker: SASR
2025-05-03 21:31:50 [33mWARNING[0m -> [app/tickers/tickers_handler.py.tickers_handler.download_data.59]:                                    TICKER HANDLER Data is older than threshold: 0 days 22:31:50.989495
2025-05-03 21:31:50 [33mWARNING[0m -> [app/dataset/dataset_creator.py.dataset_creator.create_dataset.185]:                                  Ticker CPB has no data or not enough data for window size 1000.
2025-05-03 21:31:50 [31mERROR[0m -> [app/analysis/analysis.py.analysis.analyze.88]:                                                         ANALYZE => (scan) Dataset is None for ticker: CPB
2025-05-03 21:31:51 [33mWARNING[0m -> [app/tickers/tickers_handler.py.tickers_handler.download_data.59]:                                    TICKER HANDLER Data is older than threshold: 1 days 01:31:51.733502
2025-05-03 21:31:51 [33mWARNING[0m -> [app/dataset/dataset_creator.py.dataset_creator.create_dataset.185]:                                  Ticker WOW has no data or not enough data for window size 1000.
2025-05-03 21:31:51 [31mERROR[0m -> [app/analysis/analysis.py.analysis.analyze.88]:                                                         ANALYZE => (scan) Dataset is None for ticker: WOW
2025-05-03 21:31:55 [92mINFO[0m -> [app/alpaca/alpaca_handler.py.alpaca_handler.get_positions.263]:                                         ALPACA =>Fetching positions.
2025-05-03 21:31:55 [92mINFO[0m -> [app/trader/trader.py.trader.monitor_positions.153]:                                                     TRADER => BLDP drawdown = -1.57% (vs high 1.27)
2025-05-03 21:31:59 [33mWARNING[0m -> [app/tickers/tickers_handler.py.tickers_handler.download_data.59]:                                    TICKER HANDLER Data is older than threshold: 1 days 01:31:59.077167
2025-05-03 21:31:59 [33mWARNING[0m -> [app/dataset/dataset_creator.py.dataset_creator.create_dataset.185]:                                  Ticker APH has no data or not enough data for window size 1000.
2025-05-03 21:31:59 [31mERROR[0m -> [app/analysis/analysis.py.analysis.analyze.88]:                                                         ANALYZE => (scan) Dataset is None for ticker: APH
2025-05-03 21:32:02 [33mWARNING[0m -> [app/tickers/tickers_handler.py.tickers_handler.download_data.59]:                                    TICKER HANDLER Data is older than threshold: 0 days 22:32:02.644151
2025-05-03 21:32:02 [33mWARNING[0m -> [app/dataset/dataset_creator.py.dataset_creator.create_dataset.185]:                                  Ticker BLDP has no data or not enough data for window size 1000.
2025-05-03 21:32:02 [31mERROR[0m -> [app/analysis/analysis.py.analysis.analyze.88]:                                                         ANALYZE => (monitor) Dataset is None for ticker: BLDP
2025-05-03 21:32:02 [92mINFO[0m -> [app/trader/trader.py.trader.monitor_positions.153]:                                                     TRADER => CTOS drawdown = 0.00% (vs high 4.10)
2025-05-03 21:32:06 [33mWARNING[0m -> [app/tickers/tickers_handler.py.tickers_handler.download_data.59]:                                    TICKER HANDLER Data is older than threshold: 0 days 22:32:06.275309
2025-05-03 21:32:06 [33mWARNING[0m -> [app/dataset/dataset_creator.py.dataset_creator.create_dataset.185]:                                  Ticker LEG has no data or not enough data for window size 1000.
2025-05-03 21:32:06 [31mERROR[0m -> [app/analysis/analysis.py.analysis.analyze.88]:                                                         ANALYZE => (scan) Dataset is None for ticker: LEG
2025-05-03 21:32:09 [33mWARNING[0m -> [app/tickers/tickers_handler.py.tickers_handler.download_data.59]:                                    TICKER HANDLER Data is older than threshold: 1 days 01:32:09.573692
2025-05-03 21:32:09 [33mWARNING[0m -> [app/dataset/dataset_creator.py.dataset_creator.create_dataset.185]:                                  Ticker CTOS has no data or not enough data for window size 1000.
2025-05-03 21:32:09 [31mERROR[0m -> [app/analysis/analysis.py.analysis.analyze.88]:                                                         ANALYZE => (monitor) Dataset is None for ticker: CTOS
2025-05-03 21:32:09 [92mINFO[0m -> [app/trader/trader.py.trader.monitor_positions.153]:                                                     TRADER => EGY drawdown = -0.29% (vs high 3.39)
2025-05-03 21:32:10 [33mWARNING[0m -> [app/tickers/tickers_handler.py.tickers_handler.download_data.59]:                                    TICKER HANDLER Data is older than threshold: 1 days 01:32:10.112614
2025-05-03 21:32:10 [33mWARNING[0m -> [app/dataset/dataset_creator.py.dataset_creator.create_dataset.185]:                                  Ticker RACE has no data or not enough data for window size 1000.
2025-05-03 21:32:10 [31mERROR[0m -> [app/analysis/analysis.py.analysis.analyze.88]:                                                         ANALYZE => (scan) Dataset is None for ticker: RACE
2025-05-03 21:32:16 [33mWARNING[0m -> [app/tickers/tickers_handler.py.tickers_handler.download_data.59]:                                    TICKER HANDLER Data is older than threshold: 1 days 01:32:16.761831
2025-05-03 21:32:16 [33mWARNING[0m -> [app/dataset/dataset_creator.py.dataset_creator.create_dataset.185]:                                  Ticker EGY has no data or not enough data for window size 1000.
2025-05-03 21:32:16 [31mERROR[0m -> [app/analysis/analysis.py.analysis.analyze.88]:                                                         ANALYZE => (monitor) Dataset is None for ticker: EGY
2025-05-03 21:32:16 [92mINFO[0m -> [app/trader/trader.py.trader.monitor_positions.153]:                                                     TRADER => HROW drawdown = -0.40% (vs high 25.94)
2025-05-03 21:32:20 [33mWARNING[0m -> [app/tickers/tickers_handler.py.tickers_handler.download_data.59]:                                    TICKER HANDLER Data is older than threshold: 0 days 23:32:20.300792
2025-05-03 21:32:20 [33mWARNING[0m -> [app/dataset/dataset_creator.py.dataset_creator.create_dataset.185]:                                  Ticker PRCH has no data or not enough data for window size 1000.
2025-05-03 21:32:20 [31mERROR[0m -> [app/analysis/analysis.py.analysis.analyze.88]:                                                         ANALYZE => (scan) Dataset is None for ticker: PRCH
2025-05-03 21:32:20 [33mWARNING[0m -> [app/tickers/tickers_handler.py.tickers_handler.download_data.59]:                                    TICKER HANDLER Data is older than threshold: 1 days 00:32:20.547940
2025-05-03 21:32:20 [33mWARNING[0m -> [app/dataset/dataset_creator.py.dataset_creator.create_dataset.185]:                                  Ticker HROW has no data or not enough data for window size 1000.
2025-05-03 21:32:20 [31mERROR[0m -> [app/analysis/analysis.py.analysis.analyze.88]:                                                         ANALYZE => (monitor) Dataset is None for ticker: HROW
2025-05-03 21:32:20 [33mWARNING[0m -> [app/tickers/tickers_handler.py.tickers_handler.download_data.59]:                                    TICKER HANDLER Data is older than threshold: 1 days 01:32:20.898465
2025-05-03 21:32:20 [33mWARNING[0m -> [app/dataset/dataset_creator.py.dataset_creator.create_dataset.185]:                                  Ticker USM has no data or not enough data for window size 1000.
2025-05-03 21:32:20 [31mERROR[0m -> [app/analysis/analysis.py.analysis.analyze.88]:                                                         ANALYZE => (scan) Dataset is None for ticker: USM
2025-05-03 21:32:24 [33mWARNING[0m -> [app/tickers/tickers_handler.py.tickers_handler.download_data.59]:                                    TICKER HANDLER Data is older than threshold: 1 days 00:32:24.229232
2025-05-03 21:32:24 [33mWARNING[0m -> [app/dataset/dataset_creator.py.dataset_creator.create_dataset.185]:                                  Ticker DOGZ has no data or not enough data for window size 1000.
2025-05-03 21:32:24 [31mERROR[0m -> [app/analysis/analysis.py.analysis.analyze.88]:                                                         ANALYZE => (scan) Dataset is None for ticker: DOGZ
2025-05-03 21:32:24 [33mWARNING[0m -> [app/tickers/tickers_handler.py.tickers_handler.download_data.59]:                                    TICKER HANDLER Data is older than threshold: 1 days 01:32:24.920845
2025-05-03 21:32:24 [33mWARNING[0m -> [app/dataset/dataset_creator.py.dataset_creator.create_dataset.185]:                                  Ticker DCOM has no data or not enough data for window size 1000.
2025-05-03 21:32:24 [31mERROR[0m -> [app/analysis/analysis.py.analysis.analyze.88]:                                                         ANALYZE => (scan) Dataset is None for ticker: DCOM
2025-05-03 21:32:25 [33mWARNING[0m -> [app/tickers/tickers_handler.py.tickers_handler.download_data.59]:                                    TICKER HANDLER Data is older than threshold: 0 days 23:32:25.621864
2025-05-03 21:32:25 [33mWARNING[0m -> [app/dataset/dataset_creator.py.dataset_creator.create_dataset.185]:                                  Ticker TPVG has no data or not enough data for window size 1000.
2025-05-03 21:32:25 [31mERROR[0m -> [app/analysis/analysis.py.analysis.analyze.88]:                                                         ANALYZE => (scan) Dataset is None for ticker: TPVG
2025-05-03 21:32:29 [33mWARNING[0m -> [app/tickers/tickers_handler.py.tickers_handler.download_data.59]:                                    TICKER HANDLER Data is older than threshold: 1 days 01:32:29.460242
2025-05-03 21:32:29 [33mWARNING[0m -> [app/dataset/dataset_creator.py.dataset_creator.create_dataset.185]:                                  Ticker RXST has no data or not enough data for window size 1000.
2025-05-03 21:32:29 [31mERROR[0m -> [app/analysis/analysis.py.analysis.analyze.88]:                                                         ANALYZE => (scan) Dataset is None for ticker: RXST
2025-05-03 21:32:34 [33mWARNING[0m -> [app/tickers/tickers_handler.py.tickers_handler.download_data.59]:                                    TICKER HANDLER Data is older than threshold: 0 days 22:32:34.111489
2025-05-03 21:32:34 [33mWARNING[0m -> [app/dataset/dataset_creator.py.dataset_creator.create_dataset.185]:                                  Ticker QCOM has no data or not enough data for window size 1000.
2025-05-03 21:32:34 [31mERROR[0m -> [app/analysis/analysis.py.analysis.analyze.88]:                                                         ANALYZE => (scan) Dataset is None for ticker: QCOM
2025-05-03 21:32:37 [33mWARNING[0m -> [app/tickers/tickers_handler.py.tickers_handler.download_data.59]:                                    TICKER HANDLER Data is older than threshold: 1 days 01:32:37.982160
2025-05-03 21:32:37 [33mWARNING[0m -> [app/dataset/dataset_creator.py.dataset_creator.create_dataset.185]:                                  Ticker AXON has no data or not enough data for window size 1000.
2025-05-03 21:32:37 [31mERROR[0m -> [app/analysis/analysis.py.analysis.analyze.88]:                                                         ANALYZE => (scan) Dataset is None for ticker: AXON
2025-05-03 21:32:41 [33mWARNING[0m -> [app/tickers/tickers_handler.py.tickers_handler.download_data.59]:                                    TICKER HANDLER Data is older than threshold: 1 days 01:32:41.647477
2025-05-03 21:32:41 [33mWARNING[0m -> [app/dataset/dataset_creator.py.dataset_creator.create_dataset.185]:                                  Ticker PFSI has no data or not enough data for window size 1000.
2025-05-03 21:32:41 [31mERROR[0m -> [app/analysis/analysis.py.analysis.analyze.88]:                                                         ANALYZE => (scan) Dataset is None for ticker: PFSI
2025-05-03 21:32:42 [33mWARNING[0m -> [app/tickers/tickers_handler.py.tickers_handler.download_data.59]:                                    TICKER HANDLER Data is older than threshold: 1 days 01:32:42.690244
2025-05-03 21:32:42 [33mWARNING[0m -> [app/dataset/dataset_creator.py.dataset_creator.create_dataset.185]:                                  Ticker MTB has no data or not enough data for window size 1000.
2025-05-03 21:32:42 [31mERROR[0m -> [app/analysis/analysis.py.analysis.analyze.88]:                                                         ANALYZE => (scan) Dataset is None for ticker: MTB
2025-05-03 21:32:46 [33mWARNING[0m -> [app/tickers/tickers_handler.py.tickers_handler.download_data.59]:                                    TICKER HANDLER Data is older than threshold: 0 days 22:32:46.939286
2025-05-03 21:32:46 [33mWARNING[0m -> [app/dataset/dataset_creator.py.dataset_creator.create_dataset.185]:                                  Ticker DG has no data or not enough data for window size 1000.
2025-05-03 21:32:46 [31mERROR[0m -> [app/analysis/analysis.py.analysis.analyze.88]:                                                         ANALYZE => (scan) Dataset is None for ticker: DG
2025-05-03 21:32:51 [33mWARNING[0m -> [app/tickers/tickers_handler.py.tickers_handler.download_data.59]:                                    TICKER HANDLER Data is older than threshold: 1 days 01:32:51.133605
2025-05-03 21:32:51 [33mWARNING[0m -> [app/dataset/dataset_creator.py.dataset_creator.create_dataset.185]:                                  Ticker COLB has no data or not enough data for window size 1000.
2025-05-03 21:32:51 [31mERROR[0m -> [app/analysis/analysis.py.analysis.analyze.88]:                                                         ANALYZE => (scan) Dataset is None for ticker: COLB
2025-05-03 21:32:55 [33mWARNING[0m -> [app/tickers/tickers_handler.py.tickers_handler.download_data.59]:                                    TICKER HANDLER Data is older than threshold: 0 days 23:32:55.830954
2025-05-03 21:32:55 [33mWARNING[0m -> [app/dataset/dataset_creator.py.dataset_creator.create_dataset.185]:                                  Ticker DEO has no data or not enough data for window size 1000.
2025-05-03 21:32:55 [31mERROR[0m -> [app/analysis/analysis.py.analysis.analyze.88]:                                                         ANALYZE => (scan) Dataset is None for ticker: DEO
2025-05-03 21:32:55 [33mWARNING[0m -> [app/dataset/dataset_creator.py.dataset_creator.create_dataset.185]:                                  Ticker DISCK has no data or not enough data for window size 1000.
2025-05-03 21:32:55 [31mERROR[0m -> [app/analysis/analysis.py.analysis.analyze.88]:                                                         ANALYZE => (scan) Dataset is None for ticker: DISCK
2025-05-03 21:33:00 [33mWARNING[0m -> [app/tickers/tickers_handler.py.tickers_handler.download_data.59]:                                    TICKER HANDLER Data is older than threshold: 0 days 22:33:00.294570
2025-05-03 21:33:00 [33mWARNING[0m -> [app/dataset/dataset_creator.py.dataset_creator.create_dataset.185]:                                  Ticker KKR has no data or not enough data for window size 1000.
2025-05-03 21:33:00 [31mERROR[0m -> [app/analysis/analysis.py.analysis.analyze.88]:                                                         ANALYZE => (scan) Dataset is None for ticker: KKR
2025-05-03 21:33:04 [33mWARNING[0m -> [app/tickers/tickers_handler.py.tickers_handler.download_data.59]:                                    TICKER HANDLER Data is older than threshold: 0 days 23:33:04.624910
2025-05-03 21:33:04 [33mWARNING[0m -> [app/dataset/dataset_creator.py.dataset_creator.create_dataset.185]:                                  Ticker RCL has no data or not enough data for window size 1000.
2025-05-03 21:33:04 [31mERROR[0m -> [app/analysis/analysis.py.analysis.analyze.88]:                                                         ANALYZE => (scan) Dataset is None for ticker: RCL
2025-05-03 21:33:08 [33mWARNING[0m -> [app/tickers/tickers_handler.py.tickers_handler.download_data.59]:                                    TICKER HANDLER Data is older than threshold: 1 days 01:33:08.426798
2025-05-03 21:33:08 [33mWARNING[0m -> [app/dataset/dataset_creator.py.dataset_creator.create_dataset.185]:                                  Ticker EPC has no data or not enough data for window size 1000.
2025-05-03 21:33:08 [31mERROR[0m -> [app/analysis/analysis.py.analysis.analyze.88]:                                                         ANALYZE => (scan) Dataset is None for ticker: EPC
2025-05-03 21:33:09 [33mWARNING[0m -> [app/tickers/tickers_handler.py.tickers_handler.download_data.59]:                                    TICKER HANDLER Data is older than threshold: 1 days 01:33:09.159281
2025-05-03 21:33:09 [33mWARNING[0m -> [app/dataset/dataset_creator.py.dataset_creator.create_dataset.185]:                                  Ticker MEI has no data or not enough data for window size 1000.
2025-05-03 21:33:09 [31mERROR[0m -> [app/analysis/analysis.py.analysis.analyze.88]:                                                         ANALYZE => (scan) Dataset is None for ticker: MEI
2025-05-03 21:33:09 [33mWARNING[0m -> [app/tickers/tickers_handler.py.tickers_handler.download_data.59]:                                    TICKER HANDLER Data is older than threshold: 1 days 01:33:09.276917
2025-05-03 21:33:09 [33mWARNING[0m -> [app/dataset/dataset_creator.py.dataset_creator.create_dataset.185]:                                  Ticker ALX has no data or not enough data for window size 1000.
2025-05-03 21:33:09 [31mERROR[0m -> [app/analysis/analysis.py.analysis.analyze.88]:                                                         ANALYZE => (scan) Dataset is None for ticker: ALX
2025-05-03 21:33:12 [33mWARNING[0m -> [app/tickers/tickers_handler.py.tickers_handler.download_data.59]:                                    TICKER HANDLER Data is older than threshold: 1 days 01:33:12.984978
2025-05-03 21:33:12 [33mWARNING[0m -> [app/dataset/dataset_creator.py.dataset_creator.create_dataset.185]:                                  Ticker MMSI has no data or not enough data for window size 1000.
2025-05-03 21:33:12 [31mERROR[0m -> [app/analysis/analysis.py.analysis.analyze.88]:                                                         ANALYZE => (scan) Dataset is None for ticker: MMSI
2025-05-03 21:33:16 [33mWARNING[0m -> [app/tickers/tickers_handler.py.tickers_handler.download_data.59]:                                    TICKER HANDLER Data is older than threshold: 1 days 01:33:16.816591
2025-05-03 21:33:16 [33mWARNING[0m -> [app/dataset/dataset_creator.py.dataset_creator.create_dataset.185]:                                  Ticker SPT has no data or not enough data for window size 1000.
2025-05-03 21:33:16 [31mERROR[0m -> [app/analysis/analysis.py.analysis.analyze.88]:                                                         ANALYZE => (scan) Dataset is None for ticker: SPT
2025-05-03 21:33:20 [92mINFO[0m -> [app/alpaca/alpaca_handler.py.alpaca_handler.get_positions.263]:                                         ALPACA =>Fetching positions.
2025-05-03 21:33:20 [92mINFO[0m -> [app/trader/trader.py.trader.monitor_positions.153]:                                                     TRADER => BLDP drawdown = -1.57% (vs high 1.27)
2025-05-03 21:33:20 [33mWARNING[0m -> [app/tickers/tickers_handler.py.tickers_handler.download_data.59]:                                    TICKER HANDLER Data is older than threshold: 0 days 23:33:20.946587
2025-05-03 21:33:20 [33mWARNING[0m -> [app/dataset/dataset_creator.py.dataset_creator.create_dataset.185]:                                  Ticker OBDC has no data or not enough data for window size 1000.
2025-05-03 21:33:20 [31mERROR[0m -> [app/analysis/analysis.py.analysis.analyze.88]:                                                         ANALYZE => (scan) Dataset is None for ticker: OBDC
2025-05-03 21:33:27 [33mWARNING[0m -> [app/tickers/tickers_handler.py.tickers_handler.download_data.59]:                                    TICKER HANDLER Data is older than threshold: 0 days 22:33:27.850782
2025-05-03 21:33:27 [33mWARNING[0m -> [app/dataset/dataset_creator.py.dataset_creator.create_dataset.185]:                                  Ticker BLDP has no data or not enough data for window size 1000.
2025-05-03 21:33:27 [31mERROR[0m -> [app/analysis/analysis.py.analysis.analyze.88]:                                                         ANALYZE => (monitor) Dataset is None for ticker: BLDP
2025-05-03 21:33:27 [92mINFO[0m -> [app/trader/trader.py.trader.monitor_positions.153]:                                                     TRADER => CTOS drawdown = 0.00% (vs high 4.10)
2025-05-03 21:33:28 [33mWARNING[0m -> [app/tickers/tickers_handler.py.tickers_handler.download_data.59]:                                    TICKER HANDLER Data is older than threshold: 1 days 01:33:28.180290
2025-05-03 21:33:28 [33mWARNING[0m -> [app/dataset/dataset_creator.py.dataset_creator.create_dataset.185]:                                  Ticker PEG has no data or not enough data for window size 1000.
2025-05-03 21:33:28 [31mERROR[0m -> [app/analysis/analysis.py.analysis.analyze.88]:                                                         ANALYZE => (scan) Dataset is None for ticker: PEG
2025-05-03 21:33:31 [33mWARNING[0m -> [app/tickers/tickers_handler.py.tickers_handler.download_data.59]:                                    TICKER HANDLER Data is older than threshold: 1 days 01:33:31.855188
2025-05-03 21:33:31 [33mWARNING[0m -> [app/dataset/dataset_creator.py.dataset_creator.create_dataset.185]:                                  Ticker CTOS has no data or not enough data for window size 1000.
2025-05-03 21:33:31 [31mERROR[0m -> [app/analysis/analysis.py.analysis.analyze.88]:                                                         ANALYZE => (monitor) Dataset is None for ticker: CTOS
2025-05-03 21:33:31 [92mINFO[0m -> [app/trader/trader.py.trader.monitor_positions.153]:                                                     TRADER => EGY drawdown = -0.29% (vs high 3.39)
2025-05-03 21:33:35 [33mWARNING[0m -> [app/tickers/tickers_handler.py.tickers_handler.download_data.59]:                                    TICKER HANDLER Data is older than threshold: 0 days 22:33:35.466318
2025-05-03 21:33:35 [33mWARNING[0m -> [app/dataset/dataset_creator.py.dataset_creator.create_dataset.185]:                                  Ticker WFRD has no data or not enough data for window size 1000.
2025-05-03 21:33:35 [31mERROR[0m -> [app/analysis/analysis.py.analysis.analyze.88]:                                                         ANALYZE => (scan) Dataset is None for ticker: WFRD
2025-05-03 21:33:39 [33mWARNING[0m -> [app/tickers/tickers_handler.py.tickers_handler.download_data.59]:                                    TICKER HANDLER Data is older than threshold: 1 days 01:33:39.081848
2025-05-03 21:33:39 [33mWARNING[0m -> [app/dataset/dataset_creator.py.dataset_creator.create_dataset.185]:                                  Ticker EGY has no data or not enough data for window size 1000.
2025-05-03 21:33:39 [31mERROR[0m -> [app/analysis/analysis.py.analysis.analyze.88]:                                                         ANALYZE => (monitor) Dataset is None for ticker: EGY
2025-05-03 21:33:39 [92mINFO[0m -> [app/trader/trader.py.trader.monitor_positions.153]:                                                     TRADER => HROW drawdown = -0.40% (vs high 25.94)
2025-05-03 21:33:45 [33mWARNING[0m -> [app/tickers/tickers_handler.py.tickers_handler.download_data.59]:                                    TICKER HANDLER Data is older than threshold: 1 days 00:33:45.943215
2025-05-03 21:33:45 [33mWARNING[0m -> [app/dataset/dataset_creator.py.dataset_creator.create_dataset.185]:                                  Ticker HROW has no data or not enough data for window size 1000.
2025-05-03 21:33:45 [31mERROR[0m -> [app/analysis/analysis.py.analysis.analyze.88]:                                                         ANALYZE => (monitor) Dataset is None for ticker: HROW
2025-05-03 21:33:45 [33mWARNING[0m -> [app/tickers/tickers_handler.py.tickers_handler.download_data.59]:                                    TICKER HANDLER Data is older than threshold: 0 days 22:33:45.966576
2025-05-03 21:33:45 [33mWARNING[0m -> [app/dataset/dataset_creator.py.dataset_creator.create_dataset.185]:                                  Ticker ON has no data or not enough data for window size 1000.
2025-05-03 21:33:45 [31mERROR[0m -> [app/analysis/analysis.py.analysis.analyze.88]:                                                         ANALYZE => (scan) Dataset is None for ticker: ON
2025-05-03 21:33:50 [33mWARNING[0m -> [app/tickers/tickers_handler.py.tickers_handler.download_data.59]:                                    TICKER HANDLER Data is older than threshold: 0 days 22:33:50.185483
2025-05-03 21:33:50 [33mWARNING[0m -> [app/dataset/dataset_creator.py.dataset_creator.create_dataset.185]:                                  Ticker HE has no data or not enough data for window size 1000.
2025-05-03 21:33:50 [31mERROR[0m -> [app/analysis/analysis.py.analysis.analyze.88]:                                                         ANALYZE => (scan) Dataset is None for ticker: HE
2025-05-03 21:33:54 [33mWARNING[0m -> [app/tickers/tickers_handler.py.tickers_handler.download_data.59]:                                    TICKER HANDLER Data is older than threshold: 0 days 22:33:54.759810
2025-05-03 21:33:54 [33mWARNING[0m -> [app/dataset/dataset_creator.py.dataset_creator.create_dataset.185]:                                  Ticker IOVA has no data or not enough data for window size 1000.
2025-05-03 21:33:54 [31mERROR[0m -> [app/analysis/analysis.py.analysis.analyze.88]:                                                         ANALYZE => (scan) Dataset is None for ticker: IOVA
2025-05-03 21:33:59 [33mWARNING[0m -> [app/tickers/tickers_handler.py.tickers_handler.download_data.59]:                                    TICKER HANDLER Data is older than threshold: 0 days 22:33:59.127778
2025-05-03 21:33:59 [33mWARNING[0m -> [app/dataset/dataset_creator.py.dataset_creator.create_dataset.185]:                                  Ticker COMM has no data or not enough data for window size 1000.
2025-05-03 21:33:59 [31mERROR[0m -> [app/analysis/analysis.py.analysis.analyze.88]:                                                         ANALYZE => (scan) Dataset is None for ticker: COMM
2025-05-03 21:33:59 [33mWARNING[0m -> [app/tickers/tickers_handler.py.tickers_handler.download_data.59]:                                    TICKER HANDLER Data is older than threshold: 1 days 01:33:59.579754
2025-05-03 21:33:59 [33mWARNING[0m -> [app/dataset/dataset_creator.py.dataset_creator.create_dataset.185]:                                  Ticker TFIN has no data or not enough data for window size 1000.
2025-05-03 21:33:59 [31mERROR[0m -> [app/analysis/analysis.py.analysis.analyze.88]:                                                         ANALYZE => (scan) Dataset is None for ticker: TFIN
2025-05-03 21:34:03 [33mWARNING[0m -> [app/tickers/tickers_handler.py.tickers_handler.download_data.59]:                                    TICKER HANDLER Data is older than threshold: 1 days 01:34:03.524087
2025-05-03 21:34:03 [33mWARNING[0m -> [app/dataset/dataset_creator.py.dataset_creator.create_dataset.185]:                                  Ticker MATV has no data or not enough data for window size 1000.
2025-05-03 21:34:03 [31mERROR[0m -> [app/analysis/analysis.py.analysis.analyze.88]:                                                         ANALYZE => (scan) Dataset is None for ticker: MATV
2025-05-03 21:34:03 [33mWARNING[0m -> [app/tickers/tickers_handler.py.tickers_handler.download_data.59]:                                    TICKER HANDLER Data is older than threshold: 1 days 01:34:03.918674
2025-05-03 21:34:03 [33mWARNING[0m -> [app/dataset/dataset_creator.py.dataset_creator.create_dataset.185]:                                  Ticker REFI has no data or not enough data for window size 1000.
2025-05-03 21:34:03 [31mERROR[0m -> [app/analysis/analysis.py.analysis.analyze.88]:                                                         ANALYZE => (scan) Dataset is None for ticker: REFI
2025-05-03 21:34:07 [33mWARNING[0m -> [app/tickers/tickers_handler.py.tickers_handler.download_data.59]:                                    TICKER HANDLER Data is older than threshold: 1 days 01:34:07.587221
2025-05-03 21:34:07 [33mWARNING[0m -> [app/dataset/dataset_creator.py.dataset_creator.create_dataset.185]:                                  Ticker ORLY has no data or not enough data for window size 1000.
2025-05-03 21:34:07 [31mERROR[0m -> [app/analysis/analysis.py.analysis.analyze.88]:                                                         ANALYZE => (scan) Dataset is None for ticker: ORLY
2025-05-03 21:34:16 [33mWARNING[0m -> [app/tickers/tickers_handler.py.tickers_handler.download_data.59]:                                    TICKER HANDLER Data is older than threshold: 0 days 22:34:16.241055
2025-05-03 21:34:16 [33mWARNING[0m -> [app/dataset/dataset_creator.py.dataset_creator.create_dataset.185]:                                  Ticker PLTR has no data or not enough data for window size 1000.
2025-05-03 21:34:16 [31mERROR[0m -> [app/analysis/analysis.py.analysis.analyze.88]:                                                         ANALYZE => (scan) Dataset is None for ticker: PLTR
2025-05-03 21:34:20 [33mWARNING[0m -> [app/tickers/tickers_handler.py.tickers_handler.download_data.59]:                                    TICKER HANDLER Data is older than threshold: 1 days 00:34:20.615965
2025-05-03 21:34:20 [33mWARNING[0m -> [app/dataset/dataset_creator.py.dataset_creator.create_dataset.185]:                                  Ticker BHP has no data or not enough data for window size 1000.
2025-05-03 21:34:20 [31mERROR[0m -> [app/analysis/analysis.py.analysis.analyze.88]:                                                         ANALYZE => (scan) Dataset is None for ticker: BHP
2025-05-03 21:34:20 [33mWARNING[0m -> [app/tickers/tickers_handler.py.tickers_handler.download_data.59]:                                    TICKER HANDLER Data is older than threshold: 1 days 01:34:20.786106
2025-05-03 21:34:20 [33mWARNING[0m -> [app/dataset/dataset_creator.py.dataset_creator.create_dataset.185]:                                  Ticker COFS has no data or not enough data for window size 1000.
2025-05-03 21:34:20 [31mERROR[0m -> [app/analysis/analysis.py.analysis.analyze.88]:                                                         ANALYZE => (scan) Dataset is None for ticker: COFS
2025-05-03 21:34:24 [33mWARNING[0m -> [app/tickers/tickers_handler.py.tickers_handler.download_data.59]:                                    TICKER HANDLER Data is older than threshold: 1 days 01:34:24.829614
2025-05-03 21:34:24 [33mWARNING[0m -> [app/dataset/dataset_creator.py.dataset_creator.create_dataset.185]:                                  Ticker CHRD has no data or not enough data for window size 1000.
2025-05-03 21:34:24 [31mERROR[0m -> [app/analysis/analysis.py.analysis.analyze.88]:                                                         ANALYZE => (scan) Dataset is None for ticker: CHRD
2025-05-03 21:34:29 [33mWARNING[0m -> [app/tickers/tickers_handler.py.tickers_handler.download_data.59]:                                    TICKER HANDLER Data is older than threshold: 0 days 22:34:29.265616
2025-05-03 21:34:29 [33mWARNING[0m -> [app/dataset/dataset_creator.py.dataset_creator.create_dataset.185]:                                  Ticker KMI has no data or not enough data for window size 1000.
2025-05-03 21:34:29 [31mERROR[0m -> [app/analysis/analysis.py.analysis.analyze.88]:                                                         ANALYZE => (scan) Dataset is None for ticker: KMI
2025-05-03 21:34:33 [33mWARNING[0m -> [app/tickers/tickers_handler.py.tickers_handler.download_data.59]:                                    TICKER HANDLER Data is older than threshold: 1 days 01:34:33.383798
2025-05-03 21:34:33 [33mWARNING[0m -> [app/dataset/dataset_creator.py.dataset_creator.create_dataset.185]:                                  Ticker WT has no data or not enough data for window size 1000.
2025-05-03 21:34:33 [31mERROR[0m -> [app/analysis/analysis.py.analysis.analyze.88]:                                                         ANALYZE => (scan) Dataset is None for ticker: WT
2025-05-03 21:34:37 [33mWARNING[0m -> [app/tickers/tickers_handler.py.tickers_handler.download_data.59]:                                    TICKER HANDLER Data is older than threshold: 0 days 22:34:37.821152
2025-05-03 21:34:37 [33mWARNING[0m -> [app/dataset/dataset_creator.py.dataset_creator.create_dataset.185]:                                  Ticker FTNT has no data or not enough data for window size 1000.
2025-05-03 21:34:37 [31mERROR[0m -> [app/analysis/analysis.py.analysis.analyze.88]:                                                         ANALYZE => (scan) Dataset is None for ticker: FTNT
2025-05-03 21:34:41 [33mWARNING[0m -> [app/tickers/tickers_handler.py.tickers_handler.download_data.59]:                                    TICKER HANDLER Data is older than threshold: 1 days 01:34:41.641139
2025-05-03 21:34:41 [33mWARNING[0m -> [app/dataset/dataset_creator.py.dataset_creator.create_dataset.185]:                                  Ticker CAE has no data or not enough data for window size 1000.
2025-05-03 21:34:41 [31mERROR[0m -> [app/analysis/analysis.py.analysis.analyze.88]:                                                         ANALYZE => (scan) Dataset is None for ticker: CAE
2025-05-03 21:34:41 [33mWARNING[0m -> [app/tickers/tickers_handler.py.tickers_handler.download_data.59]:                                    TICKER HANDLER Data is older than threshold: 1 days 08:34:41.691380
2025-05-03 21:34:41 [33mWARNING[0m -> [app/dataset/dataset_creator.py.dataset_creator.create_dataset.185]:                                  Ticker LPBB has no data or not enough data for window size 1000.
2025-05-03 21:34:41 [31mERROR[0m -> [app/analysis/analysis.py.analysis.analyze.88]:                                                         ANALYZE => (scan) Dataset is None for ticker: LPBB
2025-05-03 21:34:42 [33mWARNING[0m -> [app/tickers/tickers_handler.py.tickers_handler.download_data.59]:                                    TICKER HANDLER Data is older than threshold: 0 days 22:34:42.735906
2025-05-03 21:34:42 [33mWARNING[0m -> [app/dataset/dataset_creator.py.dataset_creator.create_dataset.185]:                                  Ticker QFIN has no data or not enough data for window size 1000.
2025-05-03 21:34:42 [31mERROR[0m -> [app/analysis/analysis.py.analysis.analyze.88]:                                                         ANALYZE => (scan) Dataset is None for ticker: QFIN
2025-05-03 21:34:46 [92mINFO[0m -> [app/alpaca/alpaca_handler.py.alpaca_handler.get_positions.263]:                                         ALPACA =>Fetching positions.
2025-05-03 21:34:46 [92mINFO[0m -> [app/trader/trader.py.trader.monitor_positions.153]:                                                     TRADER => BLDP drawdown = -1.57% (vs high 1.27)
2025-05-03 21:34:49 [33mWARNING[0m -> [app/tickers/tickers_handler.py.tickers_handler.download_data.59]:                                    TICKER HANDLER Data is older than threshold: 1 days 01:34:49.797214
2025-05-03 21:34:49 [33mWARNING[0m -> [app/dataset/dataset_creator.py.dataset_creator.create_dataset.185]:                                  Ticker ELV has no data or not enough data for window size 1000.
2025-05-03 21:34:49 [31mERROR[0m -> [app/analysis/analysis.py.analysis.analyze.88]:                                                         ANALYZE => (scan) Dataset is None for ticker: ELV
2025-05-03 21:34:53 [33mWARNING[0m -> [app/tickers/tickers_handler.py.tickers_handler.download_data.59]:                                    TICKER HANDLER Data is older than threshold: 0 days 22:34:53.205947
2025-05-03 21:34:53 [33mWARNING[0m -> [app/dataset/dataset_creator.py.dataset_creator.create_dataset.185]:                                  Ticker BLDP has no data or not enough data for window size 1000.
2025-05-03 21:34:53 [31mERROR[0m -> [app/analysis/analysis.py.analysis.analyze.88]:                                                         ANALYZE => (monitor) Dataset is None for ticker: BLDP
2025-05-03 21:34:53 [92mINFO[0m -> [app/trader/trader.py.trader.monitor_positions.153]:                                                     TRADER => CTOS drawdown = 0.00% (vs high 4.10)
2025-05-03 21:34:57 [33mWARNING[0m -> [app/tickers/tickers_handler.py.tickers_handler.download_data.59]:                                    TICKER HANDLER Data is older than threshold: 1 days 01:34:57.080572
2025-05-03 21:34:57 [33mWARNING[0m -> [app/dataset/dataset_creator.py.dataset_creator.create_dataset.185]:                                  Ticker CTOS has no data or not enough data for window size 1000.
2025-05-03 21:34:57 [31mERROR[0m -> [app/analysis/analysis.py.analysis.analyze.88]:                                                         ANALYZE => (monitor) Dataset is None for ticker: CTOS
2025-05-03 21:34:57 [92mINFO[0m -> [app/trader/trader.py.trader.monitor_positions.153]:                                                     TRADER => EGY drawdown = -0.29% (vs high 3.39)
2025-05-03 21:35:00 [33mWARNING[0m -> [app/tickers/tickers_handler.py.tickers_handler.download_data.59]:                                    TICKER HANDLER Data is older than threshold: 0 days 22:35:00.529652
2025-05-03 21:35:00 [33mWARNING[0m -> [app/dataset/dataset_creator.py.dataset_creator.create_dataset.185]:                                  Ticker T has no data or not enough data for window size 1000.
2025-05-03 21:35:00 [31mERROR[0m -> [app/analysis/analysis.py.analysis.analyze.88]:                                                         ANALYZE => (scan) Dataset is None for ticker: T
2025-05-03 21:35:07 [33mWARNING[0m -> [app/tickers/tickers_handler.py.tickers_handler.download_data.59]:                                    TICKER HANDLER Data is older than threshold: 1 days 01:35:07.535427
2025-05-03 21:35:07 [33mWARNING[0m -> [app/dataset/dataset_creator.py.dataset_creator.create_dataset.185]:                                  Ticker EGY has no data or not enough data for window size 1000.
2025-05-03 21:35:07 [31mERROR[0m -> [app/analysis/analysis.py.analysis.analyze.88]:                                                         ANALYZE => (monitor) Dataset is None for ticker: EGY
2025-05-03 21:35:07 [92mINFO[0m -> [app/trader/trader.py.trader.monitor_positions.153]:                                                     TRADER => HROW drawdown = -0.40% (vs high 25.94)
2025-05-03 21:35:07 [33mWARNING[0m -> [app/tickers/tickers_handler.py.tickers_handler.download_data.59]:                                    TICKER HANDLER Data is older than threshold: 1 days 01:35:07.911622
2025-05-03 21:35:07 [33mWARNING[0m -> [app/dataset/dataset_creator.py.dataset_creator.create_dataset.185]:                                  Ticker STZ has no data or not enough data for window size 1000.
2025-05-03 21:35:07 [31mERROR[0m -> [app/analysis/analysis.py.analysis.analyze.88]:                                                         ANALYZE => (scan) Dataset is None for ticker: STZ
2025-05-03 21:35:08 [33mWARNING[0m -> [app/tickers/tickers_handler.py.tickers_handler.download_data.59]:                                    TICKER HANDLER Data is older than threshold: 1 days 01:35:08.076032
2025-05-03 21:35:08 [33mWARNING[0m -> [app/dataset/dataset_creator.py.dataset_creator.create_dataset.185]:                                  Ticker BCML has no data or not enough data for window size 1000.
2025-05-03 21:35:08 [31mERROR[0m -> [app/analysis/analysis.py.analysis.analyze.88]:                                                         ANALYZE => (scan) Dataset is None for ticker: BCML
2025-05-03 21:35:11 [33mWARNING[0m -> [app/tickers/tickers_handler.py.tickers_handler.download_data.59]:                                    TICKER HANDLER Data is older than threshold: 1 days 00:35:11.423200
2025-05-03 21:35:11 [33mWARNING[0m -> [app/dataset/dataset_creator.py.dataset_creator.create_dataset.185]:                                  Ticker HROW has no data or not enough data for window size 1000.
2025-05-03 21:35:11 [31mERROR[0m -> [app/analysis/analysis.py.analysis.analyze.88]:                                                         ANALYZE => (monitor) Dataset is None for ticker: HROW
2025-05-03 21:35:11 [33mWARNING[0m -> [app/tickers/tickers_handler.py.tickers_handler.download_data.59]:                                    TICKER HANDLER Data is older than threshold: 1 days 01:35:11.707494
2025-05-03 21:35:11 [33mWARNING[0m -> [app/dataset/dataset_creator.py.dataset_creator.create_dataset.185]:                                  Ticker PBPB has no data or not enough data for window size 1000.
2025-05-03 21:35:11 [31mERROR[0m -> [app/analysis/analysis.py.analysis.analyze.88]:                                                         ANALYZE => (scan) Dataset is None for ticker: PBPB
2025-05-03 21:35:15 [33mWARNING[0m -> [app/tickers/tickers_handler.py.tickers_handler.download_data.59]:                                    TICKER HANDLER Data is older than threshold: 0 days 23:35:15.990855
2025-05-03 21:35:15 [33mWARNING[0m -> [app/dataset/dataset_creator.py.dataset_creator.create_dataset.185]:                                  Ticker HDB has no data or not enough data for window size 1000.
2025-05-03 21:35:15 [31mERROR[0m -> [app/analysis/analysis.py.analysis.analyze.88]:                                                         ANALYZE => (scan) Dataset is None for ticker: HDB
2025-05-03 21:35:16 [33mWARNING[0m -> [app/tickers/tickers_handler.py.tickers_handler.download_data.59]:                                    TICKER HANDLER Data is older than threshold: 1 days 01:35:16.131172
2025-05-03 21:35:16 [33mWARNING[0m -> [app/dataset/dataset_creator.py.dataset_creator.create_dataset.185]:                                  Ticker MLP has no data or not enough data for window size 1000.
2025-05-03 21:35:16 [31mERROR[0m -> [app/analysis/analysis.py.analysis.analyze.88]:                                                         ANALYZE => (scan) Dataset is None for ticker: MLP
2025-05-03 21:35:20 [33mWARNING[0m -> [app/tickers/tickers_handler.py.tickers_handler.download_data.59]:                                    TICKER HANDLER Data is older than threshold: 1 days 01:35:20.052520
2025-05-03 21:35:20 [33mWARNING[0m -> [app/dataset/dataset_creator.py.dataset_creator.create_dataset.185]:                                  Ticker ALNY has no data or not enough data for window size 1000.
2025-05-03 21:35:20 [31mERROR[0m -> [app/analysis/analysis.py.analysis.analyze.88]:                                                         ANALYZE => (scan) Dataset is None for ticker: ALNY
2025-05-03 21:35:24 [33mWARNING[0m -> [app/tickers/tickers_handler.py.tickers_handler.download_data.59]:                                    TICKER HANDLER Data is older than threshold: 0 days 22:35:24.061086
2025-05-03 21:35:24 [33mWARNING[0m -> [app/dataset/dataset_creator.py.dataset_creator.create_dataset.185]:                                  Ticker GOSS has no data or not enough data for window size 1000.
2025-05-03 21:35:24 [31mERROR[0m -> [app/analysis/analysis.py.analysis.analyze.88]:                                                         ANALYZE => (scan) Dataset is None for ticker: GOSS
2025-05-03 21:35:28 [33mWARNING[0m -> [app/tickers/tickers_handler.py.tickers_handler.download_data.59]:                                    TICKER HANDLER Data is older than threshold: 0 days 22:35:28.267002
2025-05-03 21:35:28 [33mWARNING[0m -> [app/dataset/dataset_creator.py.dataset_creator.create_dataset.185]:                                  Ticker EMR has no data or not enough data for window size 1000.
2025-05-03 21:35:28 [31mERROR[0m -> [app/analysis/analysis.py.analysis.analyze.88]:                                                         ANALYZE => (scan) Dataset is None for ticker: EMR
2025-05-03 21:35:31 [33mWARNING[0m -> [app/tickers/tickers_handler.py.tickers_handler.download_data.59]:                                    TICKER HANDLER Data is older than threshold: 1 days 01:35:31.996335
2025-05-03 21:35:31 [33mWARNING[0m -> [app/dataset/dataset_creator.py.dataset_creator.create_dataset.185]:                                  Ticker ANSS has no data or not enough data for window size 1000.
2025-05-03 21:35:31 [31mERROR[0m -> [app/analysis/analysis.py.analysis.analyze.88]:                                                         ANALYZE => (scan) Dataset is None for ticker: ANSS
2025-05-03 21:35:33 [33mWARNING[0m -> [app/tickers/tickers_handler.py.tickers_handler.download_data.59]:                                    TICKER HANDLER Data is older than threshold: 0 days 22:35:33.045568
2025-05-03 21:35:33 [33mWARNING[0m -> [app/dataset/dataset_creator.py.dataset_creator.create_dataset.185]:                                  Ticker OUST has no data or not enough data for window size 1000.
2025-05-03 21:35:33 [31mERROR[0m -> [app/analysis/analysis.py.analysis.analyze.88]:                                                         ANALYZE => (scan) Dataset is None for ticker: OUST
2025-05-03 21:35:37 [33mWARNING[0m -> [app/tickers/tickers_handler.py.tickers_handler.download_data.59]:                                    TICKER HANDLER Data is older than threshold: 1 days 01:35:37.039540
2025-05-03 21:35:37 [33mWARNING[0m -> [app/dataset/dataset_creator.py.dataset_creator.create_dataset.185]:                                  Ticker LPLA has no data or not enough data for window size 1000.
2025-05-03 21:35:37 [31mERROR[0m -> [app/analysis/analysis.py.analysis.analyze.88]:                                                         ANALYZE => (scan) Dataset is None for ticker: LPLA
2025-05-03 21:35:41 [33mWARNING[0m -> [app/tickers/tickers_handler.py.tickers_handler.download_data.59]:                                    TICKER HANDLER Data is older than threshold: 0 days 22:35:41.170404
2025-05-03 21:35:41 [33mWARNING[0m -> [app/dataset/dataset_creator.py.dataset_creator.create_dataset.185]:                                  Ticker UNIT has no data or not enough data for window size 1000.
2025-05-03 21:35:41 [31mERROR[0m -> [app/analysis/analysis.py.analysis.analyze.88]:                                                         ANALYZE => (scan) Dataset is None for ticker: UNIT
2025-05-03 21:35:41 [33mWARNING[0m -> [app/dataset/dataset_creator.py.dataset_creator.create_dataset.185]:                                  Ticker IMKT.A has no data or not enough data for window size 1000.
2025-05-03 21:35:41 [31mERROR[0m -> [app/analysis/analysis.py.analysis.analyze.88]:                                                         ANALYZE => (scan) Dataset is None for ticker: IMKT.A
2025-05-03 21:35:44 [33mWARNING[0m -> [app/tickers/tickers_handler.py.tickers_handler.download_data.59]:                                    TICKER HANDLER Data is older than threshold: 1 days 01:35:44.919470
2025-05-03 21:35:44 [33mWARNING[0m -> [app/dataset/dataset_creator.py.dataset_creator.create_dataset.185]:                                  Ticker MDGL has no data or not enough data for window size 1000.
2025-05-03 21:35:44 [31mERROR[0m -> [app/analysis/analysis.py.analysis.analyze.88]:                                                         ANALYZE => (scan) Dataset is None for ticker: MDGL
2025-05-03 21:35:45 [33mWARNING[0m -> [app/tickers/tickers_handler.py.tickers_handler.download_data.59]:                                    TICKER HANDLER Data is older than threshold: 1 days 01:35:45.473226
2025-05-03 21:35:45 [33mWARNING[0m -> [app/dataset/dataset_creator.py.dataset_creator.create_dataset.185]:                                  Ticker ZIMV has no data or not enough data for window size 1000.
2025-05-03 21:35:45 [31mERROR[0m -> [app/analysis/analysis.py.analysis.analyze.88]:                                                         ANALYZE => (scan) Dataset is None for ticker: ZIMV
2025-05-03 21:35:49 [33mWARNING[0m -> [app/tickers/tickers_handler.py.tickers_handler.download_data.59]:                                    TICKER HANDLER Data is older than threshold: 1 days 00:35:49.532779
2025-05-03 21:35:49 [33mWARNING[0m -> [app/dataset/dataset_creator.py.dataset_creator.create_dataset.185]:                                  Ticker HR has no data or not enough data for window size 1000.
2025-05-03 21:35:49 [31mERROR[0m -> [app/analysis/analysis.py.analysis.analyze.88]:                                                         ANALYZE => (scan) Dataset is None for ticker: HR
2025-05-03 21:35:53 [33mWARNING[0m -> [app/tickers/tickers_handler.py.tickers_handler.download_data.59]:                                    TICKER HANDLER Data is older than threshold: 1 days 01:35:53.477982
2025-05-03 21:35:53 [33mWARNING[0m -> [app/dataset/dataset_creator.py.dataset_creator.create_dataset.185]:                                  Ticker AGCO has no data or not enough data for window size 1000.
2025-05-03 21:35:53 [31mERROR[0m -> [app/analysis/analysis.py.analysis.analyze.88]:                                                         ANALYZE => (scan) Dataset is None for ticker: AGCO
2025-05-03 21:35:57 [33mWARNING[0m -> [app/tickers/tickers_handler.py.tickers_handler.download_data.59]:                                    TICKER HANDLER Data is older than threshold: 1 days 01:35:57.277383
2025-05-03 21:35:57 [33mWARNING[0m -> [app/dataset/dataset_creator.py.dataset_creator.create_dataset.185]:                                  Ticker RRR has no data or not enough data for window size 1000.
2025-05-03 21:35:57 [31mERROR[0m -> [app/analysis/analysis.py.analysis.analyze.88]:                                                         ANALYZE => (scan) Dataset is None for ticker: RRR
2025-05-03 21:35:58 [33mWARNING[0m -> [app/tickers/tickers_handler.py.tickers_handler.download_data.59]:                                    TICKER HANDLER Data is older than threshold: 1 days 01:35:58.437745
2025-05-03 21:35:58 [33mWARNING[0m -> [app/dataset/dataset_creator.py.dataset_creator.create_dataset.185]:                                  Ticker LIN has no data or not enough data for window size 1000.
2025-05-03 21:35:58 [31mERROR[0m -> [app/analysis/analysis.py.analysis.analyze.88]:                                                         ANALYZE => (scan) Dataset is None for ticker: LIN
2025-05-03 21:36:02 [33mWARNING[0m -> [app/tickers/tickers_handler.py.tickers_handler.download_data.59]:                                    TICKER HANDLER Data is older than threshold: 1 days 01:36:02.581730
2025-05-03 21:36:02 [33mWARNING[0m -> [app/dataset/dataset_creator.py.dataset_creator.create_dataset.185]:                                  Ticker CTVA has no data or not enough data for window size 1000.
2025-05-03 21:36:02 [31mERROR[0m -> [app/analysis/analysis.py.analysis.analyze.88]:                                                         ANALYZE => (scan) Dataset is None for ticker: CTVA
2025-05-03 21:36:05 [33mWARNING[0m -> [app/tickers/tickers_handler.py.tickers_handler.download_data.59]:                                    TICKER HANDLER Data is older than threshold: 0 days 22:36:05.729305
2025-05-03 21:36:05 [33mWARNING[0m -> [app/dataset/dataset_creator.py.dataset_creator.create_dataset.185]:                                  Ticker CCIR has no data or not enough data for window size 1000.
2025-05-03 21:36:05 [31mERROR[0m -> [app/analysis/analysis.py.analysis.analyze.88]:                                                         ANALYZE => (scan) Dataset is None for ticker: CCIR
2025-05-03 21:36:06 [33mWARNING[0m -> [app/tickers/tickers_handler.py.tickers_handler.download_data.59]:                                    TICKER HANDLER Data is older than threshold: 1 days 00:36:06.738450
2025-05-03 21:36:06 [33mWARNING[0m -> [app/dataset/dataset_creator.py.dataset_creator.create_dataset.185]:                                  Ticker NOC has no data or not enough data for window size 1000.
2025-05-03 21:36:06 [31mERROR[0m -> [app/analysis/analysis.py.analysis.analyze.88]:                                                         ANALYZE => (scan) Dataset is None for ticker: NOC
2025-05-03 21:36:10 [33mWARNING[0m -> [app/tickers/tickers_handler.py.tickers_handler.download_data.59]:                                    TICKER HANDLER Data is older than threshold: 1 days 01:36:10.577102
2025-05-03 21:36:10 [33mWARNING[0m -> [app/dataset/dataset_creator.py.dataset_creator.create_dataset.185]:                                  Ticker CLPT has no data or not enough data for window size 1000.
2025-05-03 21:36:10 [31mERROR[0m -> [app/analysis/analysis.py.analysis.analyze.88]:                                                         ANALYZE => (scan) Dataset is None for ticker: CLPT
2025-05-03 21:36:11 [33mWARNING[0m -> [app/tickers/tickers_handler.py.tickers_handler.download_data.59]:                                    TICKER HANDLER Data is older than threshold: 23 days 01:36:11.437995
2025-05-03 21:36:11 [33mWARNING[0m -> [app/dataset/dataset_creator.py.dataset_creator.create_dataset.185]:                                  Ticker ATSG has no data or not enough data for window size 1000.
2025-05-03 21:36:11 [31mERROR[0m -> [app/analysis/analysis.py.analysis.analyze.88]:                                                         ANALYZE => (scan) Dataset is None for ticker: ATSG
2025-05-03 21:36:11 [92mINFO[0m -> [app/alpaca/alpaca_handler.py.alpaca_handler.get_positions.263]:                                         ALPACA =>Fetching positions.
2025-05-03 21:36:11 [92mINFO[0m -> [app/trader/trader.py.trader.monitor_positions.153]:                                                     TRADER => BLDP drawdown = -1.57% (vs high 1.27)
2025-05-03 21:36:21 [33mWARNING[0m -> [app/tickers/tickers_handler.py.tickers_handler.download_data.59]:                                    TICKER HANDLER Data is older than threshold: 0 days 22:36:21.723660
2025-05-03 21:36:21 [33mWARNING[0m -> [app/dataset/dataset_creator.py.dataset_creator.create_dataset.185]:                                  Ticker BLDP has no data or not enough data for window size 1000.
2025-05-03 21:36:21 [31mERROR[0m -> [app/analysis/analysis.py.analysis.analyze.88]:                                                         ANALYZE => (monitor) Dataset is None for ticker: BLDP
2025-05-03 21:36:21 [92mINFO[0m -> [app/trader/trader.py.trader.monitor_positions.153]:                                                     TRADER => CTOS drawdown = 0.00% (vs high 4.10)
2025-05-03 21:36:21 [33mWARNING[0m -> [app/tickers/tickers_handler.py.tickers_handler.download_data.59]:                                    TICKER HANDLER Data is older than threshold: 1 days 01:36:21.734528
2025-05-03 21:36:21 [33mWARNING[0m -> [app/dataset/dataset_creator.py.dataset_creator.create_dataset.185]:                                  Ticker HWM has no data or not enough data for window size 1000.
2025-05-03 21:36:21 [31mERROR[0m -> [app/analysis/analysis.py.analysis.analyze.88]:                                                         ANALYZE => (scan) Dataset is None for ticker: HWM
2025-05-03 21:36:25 [33mWARNING[0m -> [app/tickers/tickers_handler.py.tickers_handler.download_data.59]:                                    TICKER HANDLER Data is older than threshold: 1 days 01:36:25.511803
2025-05-03 21:36:25 [33mWARNING[0m -> [app/dataset/dataset_creator.py.dataset_creator.create_dataset.185]:                                  Ticker CTOS has no data or not enough data for window size 1000.
2025-05-03 21:36:25 [31mERROR[0m -> [app/analysis/analysis.py.analysis.analyze.88]:                                                         ANALYZE => (monitor) Dataset is None for ticker: CTOS
2025-05-03 21:36:25 [92mINFO[0m -> [app/trader/trader.py.trader.monitor_positions.153]:                                                     TRADER => EGY drawdown = -0.29% (vs high 3.39)
2025-05-03 21:36:25 [33mWARNING[0m -> [app/tickers/tickers_handler.py.tickers_handler.download_data.59]:                                    TICKER HANDLER Data is older than threshold: 1 days 01:36:25.599496
2025-05-03 21:36:25 [33mWARNING[0m -> [app/dataset/dataset_creator.py.dataset_creator.create_dataset.185]:                                  Ticker SUN has no data or not enough data for window size 1000.
2025-05-03 21:36:25 [31mERROR[0m -> [app/analysis/analysis.py.analysis.analyze.88]:                                                         ANALYZE => (scan) Dataset is None for ticker: SUN
2025-05-03 21:36:29 [33mWARNING[0m -> [app/tickers/tickers_handler.py.tickers_handler.download_data.59]:                                    TICKER HANDLER Data is older than threshold: 1 days 01:36:29.149399
2025-05-03 21:36:29 [33mWARNING[0m -> [app/dataset/dataset_creator.py.dataset_creator.create_dataset.185]:                                  Ticker RMNI has no data or not enough data for window size 1000.
2025-05-03 21:36:29 [31mERROR[0m -> [app/analysis/analysis.py.analysis.analyze.88]:                                                         ANALYZE => (scan) Dataset is None for ticker: RMNI
2025-05-03 21:36:32 [33mWARNING[0m -> [app/tickers/tickers_handler.py.tickers_handler.download_data.59]:                                    TICKER HANDLER Data is older than threshold: 1 days 01:36:32.733479
2025-05-03 21:36:32 [33mWARNING[0m -> [app/dataset/dataset_creator.py.dataset_creator.create_dataset.185]:                                  Ticker RLI has no data or not enough data for window size 1000.
2025-05-03 21:36:32 [31mERROR[0m -> [app/analysis/analysis.py.analysis.analyze.88]:                                                         ANALYZE => (scan) Dataset is None for ticker: RLI
2025-05-03 21:36:32 [33mWARNING[0m -> [app/tickers/tickers_handler.py.tickers_handler.download_data.59]:                                    TICKER HANDLER Data is older than threshold: 1 days 01:36:32.742741
2025-05-03 21:36:32 [33mWARNING[0m -> [app/dataset/dataset_creator.py.dataset_creator.create_dataset.185]:                                  Ticker EGY has no data or not enough data for window size 1000.
2025-05-03 21:36:32 [31mERROR[0m -> [app/analysis/analysis.py.analysis.analyze.88]:                                                         ANALYZE => (monitor) Dataset is None for ticker: EGY
2025-05-03 21:36:32 [92mINFO[0m -> [app/trader/trader.py.trader.monitor_positions.153]:                                                     TRADER => HROW drawdown = -0.40% (vs high 25.94)
2025-05-03 21:36:36 [33mWARNING[0m -> [app/tickers/tickers_handler.py.tickers_handler.download_data.59]:                                    TICKER HANDLER Data is older than threshold: 1 days 01:36:36.589020
2025-05-03 21:36:36 [33mWARNING[0m -> [app/dataset/dataset_creator.py.dataset_creator.create_dataset.185]:                                  Ticker RDUS has no data or not enough data for window size 1000.
2025-05-03 21:36:36 [31mERROR[0m -> [app/analysis/analysis.py.analysis.analyze.88]:                                                         ANALYZE => (scan) Dataset is None for ticker: RDUS
2025-05-03 21:36:39 [33mWARNING[0m -> [app/tickers/tickers_handler.py.tickers_handler.download_data.59]:                                    TICKER HANDLER Data is older than threshold: 1 days 00:36:39.752874
2025-05-03 21:36:39 [33mWARNING[0m -> [app/dataset/dataset_creator.py.dataset_creator.create_dataset.185]:                                  Ticker HROW has no data or not enough data for window size 1000.
2025-05-03 21:36:39 [31mERROR[0m -> [app/analysis/analysis.py.analysis.analyze.88]:                                                         ANALYZE => (monitor) Dataset is None for ticker: HROW
2025-05-03 21:36:44 [33mWARNING[0m -> [app/tickers/tickers_handler.py.tickers_handler.download_data.59]:                                    TICKER HANDLER Data is older than threshold: 0 days 23:36:44.120862
2025-05-03 21:36:44 [33mWARNING[0m -> [app/dataset/dataset_creator.py.dataset_creator.create_dataset.185]:                                  Ticker GSK has no data or not enough data for window size 1000.
2025-05-03 21:36:44 [31mERROR[0m -> [app/analysis/analysis.py.analysis.analyze.88]:                                                         ANALYZE => (scan) Dataset is None for ticker: GSK
2025-05-03 21:36:44 [33mWARNING[0m -> [app/tickers/tickers_handler.py.tickers_handler.download_data.59]:                                    TICKER HANDLER Data is older than threshold: 1 days 01:36:44.547450
2025-05-03 21:36:44 [33mWARNING[0m -> [app/dataset/dataset_creator.py.dataset_creator.create_dataset.185]:                                  Ticker ECPG has no data or not enough data for window size 1000.
2025-05-03 21:36:44 [31mERROR[0m -> [app/analysis/analysis.py.analysis.analyze.88]:                                                         ANALYZE => (scan) Dataset is None for ticker: ECPG
2025-05-03 21:36:48 [33mWARNING[0m -> [app/tickers/tickers_handler.py.tickers_handler.download_data.59]:                                    TICKER HANDLER Data is older than threshold: 0 days 22:36:48.880981
2025-05-03 21:36:48 [33mWARNING[0m -> [app/dataset/dataset_creator.py.dataset_creator.create_dataset.185]:                                  Ticker ABNB has no data or not enough data for window size 1000.
2025-05-03 21:36:48 [31mERROR[0m -> [app/analysis/analysis.py.analysis.analyze.88]:                                                         ANALYZE => (scan) Dataset is None for ticker: ABNB
2025-05-03 21:36:48 [33mWARNING[0m -> [app/tickers/tickers_handler.py.tickers_handler.download_data.59]:                                    TICKER HANDLER Data is older than threshold: 1 days 01:36:48.995401
2025-05-03 21:36:48 [33mWARNING[0m -> [app/dataset/dataset_creator.py.dataset_creator.create_dataset.185]:                                  Ticker GHG has no data or not enough data for window size 1000.
2025-05-03 21:36:48 [31mERROR[0m -> [app/analysis/analysis.py.analysis.analyze.88]:                                                         ANALYZE => (scan) Dataset is None for ticker: GHG
2025-05-03 21:36:53 [33mWARNING[0m -> [app/tickers/tickers_handler.py.tickers_handler.download_data.59]:                                    TICKER HANDLER Data is older than threshold: 0 days 22:36:53.969170
2025-05-03 21:36:53 [33mWARNING[0m -> [app/dataset/dataset_creator.py.dataset_creator.create_dataset.185]:                                  Ticker AAL has no data or not enough data for window size 1000.
2025-05-03 21:36:53 [31mERROR[0m -> [app/analysis/analysis.py.analysis.analyze.88]:                                                         ANALYZE => (scan) Dataset is None for ticker: AAL
2025-05-03 21:36:57 [33mWARNING[0m -> [app/tickers/tickers_handler.py.tickers_handler.download_data.59]:                                    TICKER HANDLER Data is older than threshold: 0 days 22:36:57.781148
2025-05-03 21:36:57 [33mWARNING[0m -> [app/dataset/dataset_creator.py.dataset_creator.create_dataset.185]:                                  Ticker PNNT has no data or not enough data for window size 1000.
2025-05-03 21:36:57 [31mERROR[0m -> [app/analysis/analysis.py.analysis.analyze.88]:                                                         ANALYZE => (scan) Dataset is None for ticker: PNNT
2025-05-03 21:36:58 [33mWARNING[0m -> [app/tickers/tickers_handler.py.tickers_handler.download_data.59]:                                    TICKER HANDLER Data is older than threshold: 1 days 01:36:58.186408
2025-05-03 21:36:58 [33mWARNING[0m -> [app/dataset/dataset_creator.py.dataset_creator.create_dataset.185]:                                  Ticker BMI has no data or not enough data for window size 1000.
2025-05-03 21:36:58 [31mERROR[0m -> [app/analysis/analysis.py.analysis.analyze.88]:                                                         ANALYZE => (scan) Dataset is None for ticker: BMI
2025-05-03 21:37:02 [33mWARNING[0m -> [app/tickers/tickers_handler.py.tickers_handler.download_data.59]:                                    TICKER HANDLER Data is older than threshold: 1 days 01:37:02.352363
2025-05-03 21:37:02 [33mWARNING[0m -> [app/dataset/dataset_creator.py.dataset_creator.create_dataset.185]:                                  Ticker CADE has no data or not enough data for window size 1000.
2025-05-03 21:37:02 [31mERROR[0m -> [app/analysis/analysis.py.analysis.analyze.88]:                                                         ANALYZE => (scan) Dataset is None for ticker: CADE
2025-05-03 21:37:06 [33mWARNING[0m -> [app/tickers/tickers_handler.py.tickers_handler.download_data.59]:                                    TICKER HANDLER Data is older than threshold: 1 days 01:37:06.147786
2025-05-03 21:37:06 [33mWARNING[0m -> [app/dataset/dataset_creator.py.dataset_creator.create_dataset.185]:                                  Ticker UMH has no data or not enough data for window size 1000.
2025-05-03 21:37:06 [31mERROR[0m -> [app/analysis/analysis.py.analysis.analyze.88]:                                                         ANALYZE => (scan) Dataset is None for ticker: UMH
2025-05-03 21:37:10 [33mWARNING[0m -> [app/tickers/tickers_handler.py.tickers_handler.download_data.59]:                                    TICKER HANDLER Data is older than threshold: 0 days 22:37:10.370391
2025-05-03 21:37:10 [33mWARNING[0m -> [app/dataset/dataset_creator.py.dataset_creator.create_dataset.185]:                                  Ticker ASPI has no data or not enough data for window size 1000.
2025-05-03 21:37:10 [31mERROR[0m -> [app/analysis/analysis.py.analysis.analyze.88]:                                                         ANALYZE => (scan) Dataset is None for ticker: ASPI
2025-05-03 21:37:14 [33mWARNING[0m -> [app/tickers/tickers_handler.py.tickers_handler.download_data.59]:                                    TICKER HANDLER Data is older than threshold: 1 days 01:37:14.549643
2025-05-03 21:37:14 [33mWARNING[0m -> [app/dataset/dataset_creator.py.dataset_creator.create_dataset.185]:                                  Ticker ETR has no data or not enough data for window size 1000.
2025-05-03 21:37:14 [31mERROR[0m -> [app/analysis/analysis.py.analysis.analyze.88]:                                                         ANALYZE => (scan) Dataset is None for ticker: ETR
2025-05-03 21:37:15 [33mWARNING[0m -> [app/tickers/tickers_handler.py.tickers_handler.download_data.59]:                                    TICKER HANDLER Data is older than threshold: 1 days 01:37:15.305728
2025-05-03 21:37:15 [33mWARNING[0m -> [app/dataset/dataset_creator.py.dataset_creator.create_dataset.185]:                                  Ticker BKH has no data or not enough data for window size 1000.
2025-05-03 21:37:15 [31mERROR[0m -> [app/analysis/analysis.py.analysis.analyze.88]:                                                         ANALYZE => (scan) Dataset is None for ticker: BKH
2025-05-03 21:37:19 [33mWARNING[0m -> [app/tickers/tickers_handler.py.tickers_handler.download_data.59]:                                    TICKER HANDLER Data is older than threshold: 0 days 22:37:19.096387
2025-05-03 21:37:19 [33mWARNING[0m -> [app/dataset/dataset_creator.py.dataset_creator.create_dataset.185]:                                  Ticker MSI has no data or not enough data for window size 1000.
2025-05-03 21:37:19 [31mERROR[0m -> [app/analysis/analysis.py.analysis.analyze.88]:                                                         ANALYZE => (scan) Dataset is None for ticker: MSI
2025-05-03 21:37:22 [33mWARNING[0m -> [app/tickers/tickers_handler.py.tickers_handler.download_data.59]:                                    TICKER HANDLER Data is older than threshold: 1 days 01:37:22.902549
2025-05-03 21:37:22 [33mWARNING[0m -> [app/dataset/dataset_creator.py.dataset_creator.create_dataset.185]:                                  Ticker SGHC has no data or not enough data for window size 1000.
2025-05-03 21:37:22 [31mERROR[0m -> [app/analysis/analysis.py.analysis.analyze.88]:                                                         ANALYZE => (scan) Dataset is None for ticker: SGHC
2025-05-03 21:37:27 [33mWARNING[0m -> [app/tickers/tickers_handler.py.tickers_handler.download_data.59]:                                    TICKER HANDLER Data is older than threshold: 0 days 22:37:27.715521
2025-05-03 21:37:27 [33mWARNING[0m -> [app/dataset/dataset_creator.py.dataset_creator.create_dataset.185]:                                  Ticker CCL has no data or not enough data for window size 1000.
2025-05-03 21:37:27 [31mERROR[0m -> [app/analysis/analysis.py.analysis.analyze.88]:                                                         ANALYZE => (scan) Dataset is None for ticker: CCL
2025-05-03 21:37:31 [33mWARNING[0m -> [app/tickers/tickers_handler.py.tickers_handler.download_data.59]:                                    TICKER HANDLER Data is older than threshold: 0 days 23:37:31.618230
2025-05-03 21:37:31 [33mWARNING[0m -> [app/dataset/dataset_creator.py.dataset_creator.create_dataset.185]:                                  Ticker SVV has no data or not enough data for window size 1000.
2025-05-03 21:37:31 [31mERROR[0m -> [app/analysis/analysis.py.analysis.analyze.88]:                                                         ANALYZE => (scan) Dataset is None for ticker: SVV
2025-05-03 21:37:35 [33mWARNING[0m -> [app/tickers/tickers_handler.py.tickers_handler.download_data.59]:                                    TICKER HANDLER Data is older than threshold: 1 days 01:37:35.935575
2025-05-03 21:37:35 [33mWARNING[0m -> [app/dataset/dataset_creator.py.dataset_creator.create_dataset.185]:                                  Ticker GNTX has no data or not enough data for window size 1000.
2025-05-03 21:37:35 [31mERROR[0m -> [app/analysis/analysis.py.analysis.analyze.88]:                                                         ANALYZE => (scan) Dataset is None for ticker: GNTX
2025-05-03 21:37:36 [33mWARNING[0m -> [app/tickers/tickers_handler.py.tickers_handler.download_data.59]:                                    TICKER HANDLER Data is older than threshold: 0 days 22:37:36.823989
2025-05-03 21:37:36 [33mWARNING[0m -> [app/dataset/dataset_creator.py.dataset_creator.create_dataset.185]:                                  Ticker LRN has no data or not enough data for window size 1000.
2025-05-03 21:37:36 [31mERROR[0m -> [app/analysis/analysis.py.analysis.analyze.88]:                                                         ANALYZE => (scan) Dataset is None for ticker: LRN
2025-05-03 21:37:39 [92mINFO[0m -> [app/alpaca/alpaca_handler.py.alpaca_handler.get_positions.263]:                                         ALPACA =>Fetching positions.
2025-05-03 21:37:39 [92mINFO[0m -> [app/trader/trader.py.trader.monitor_positions.153]:                                                     TRADER => BLDP drawdown = -1.57% (vs high 1.27)
2025-05-03 21:37:40 [33mWARNING[0m -> [app/tickers/tickers_handler.py.tickers_handler.download_data.59]:                                    TICKER HANDLER Data is older than threshold: 1 days 01:37:40.091012
2025-05-03 21:37:40 [33mWARNING[0m -> [app/dataset/dataset_creator.py.dataset_creator.create_dataset.185]:                                  Ticker UPB has no data or not enough data for window size 1000.
2025-05-03 21:37:40 [31mERROR[0m -> [app/analysis/analysis.py.analysis.analyze.88]:                                                         ANALYZE => (scan) Dataset is None for ticker: UPB
2025-05-03 21:37:47 [33mWARNING[0m -> [app/tickers/tickers_handler.py.tickers_handler.download_data.59]:                                    TICKER HANDLER Data is older than threshold: 1 days 01:37:47.135369
2025-05-03 21:37:47 [33mWARNING[0m -> [app/dataset/dataset_creator.py.dataset_creator.create_dataset.185]:                                  Ticker FWONK has no data or not enough data for window size 1000.
2025-05-03 21:37:47 [31mERROR[0m -> [app/analysis/analysis.py.analysis.analyze.88]:                                                         ANALYZE => (scan) Dataset is None for ticker: FWONK
2025-05-03 21:37:47 [33mWARNING[0m -> [app/tickers/tickers_handler.py.tickers_handler.download_data.59]:                                    TICKER HANDLER Data is older than threshold: 0 days 22:37:47.383905
2025-05-03 21:37:47 [33mWARNING[0m -> [app/dataset/dataset_creator.py.dataset_creator.create_dataset.185]:                                  Ticker BLDP has no data or not enough data for window size 1000.
2025-05-03 21:37:47 [31mERROR[0m -> [app/analysis/analysis.py.analysis.analyze.88]:                                                         ANALYZE => (monitor) Dataset is None for ticker: BLDP
2025-05-03 21:37:47 [92mINFO[0m -> [app/trader/trader.py.trader.monitor_positions.153]:                                                     TRADER => CTOS drawdown = 0.00% (vs high 4.10)
2025-05-03 21:37:51 [33mWARNING[0m -> [app/tickers/tickers_handler.py.tickers_handler.download_data.59]:                                    TICKER HANDLER Data is older than threshold: 1 days 01:37:51.224005
2025-05-03 21:37:51 [33mWARNING[0m -> [app/dataset/dataset_creator.py.dataset_creator.create_dataset.185]:                                  Ticker CTOS has no data or not enough data for window size 1000.
2025-05-03 21:37:51 [31mERROR[0m -> [app/analysis/analysis.py.analysis.analyze.88]:                                                         ANALYZE => (monitor) Dataset is None for ticker: CTOS
2025-05-03 21:37:51 [92mINFO[0m -> [app/trader/trader.py.trader.monitor_positions.153]:                                                     TRADER => EGY drawdown = -0.29% (vs high 3.39)
2025-05-03 21:37:54 [33mWARNING[0m -> [app/tickers/tickers_handler.py.tickers_handler.download_data.59]:                                    TICKER HANDLER Data is older than threshold: 1 days 01:37:54.794861
2025-05-03 21:37:54 [33mWARNING[0m -> [app/dataset/dataset_creator.py.dataset_creator.create_dataset.185]:                                  Ticker AZN has no data or not enough data for window size 1000.
2025-05-03 21:37:54 [31mERROR[0m -> [app/analysis/analysis.py.analysis.analyze.88]:                                                         ANALYZE => (scan) Dataset is None for ticker: AZN
2025-05-03 21:37:58 [33mWARNING[0m -> [app/tickers/tickers_handler.py.tickers_handler.download_data.59]:                                    TICKER HANDLER Data is older than threshold: 1 days 06:37:58.237453
2025-05-03 21:37:58 [33mWARNING[0m -> [app/dataset/dataset_creator.py.dataset_creator.create_dataset.185]:                                  Ticker HYAC has no data or not enough data for window size 1000.
2025-05-03 21:37:58 [31mERROR[0m -> [app/analysis/analysis.py.analysis.analyze.88]:                                                         ANALYZE => (scan) Dataset is None for ticker: HYAC
2025-05-03 21:37:58 [33mWARNING[0m -> [app/tickers/tickers_handler.py.tickers_handler.download_data.59]:                                    TICKER HANDLER Data is older than threshold: 1 days 01:37:58.463713
2025-05-03 21:37:58 [33mWARNING[0m -> [app/dataset/dataset_creator.py.dataset_creator.create_dataset.185]:                                  Ticker EGY has no data or not enough data for window size 1000.
2025-05-03 21:37:58 [31mERROR[0m -> [app/analysis/analysis.py.analysis.analyze.88]:                                                         ANALYZE => (monitor) Dataset is None for ticker: EGY
2025-05-03 21:37:58 [92mINFO[0m -> [app/trader/trader.py.trader.monitor_positions.153]:                                                     TRADER => HROW drawdown = -0.40% (vs high 25.94)
2025-05-03 21:37:58 [33mWARNING[0m -> [app/tickers/tickers_handler.py.tickers_handler.download_data.59]:                                    TICKER HANDLER Data is older than threshold: 1 days 01:37:58.643795
2025-05-03 21:37:58 [33mWARNING[0m -> [app/dataset/dataset_creator.py.dataset_creator.create_dataset.185]:                                  Ticker CBL has no data or not enough data for window size 1000.
2025-05-03 21:37:58 [31mERROR[0m -> [app/analysis/analysis.py.analysis.analyze.88]:                                                         ANALYZE => (scan) Dataset is None for ticker: CBL
2025-05-03 21:38:05 [33mWARNING[0m -> [app/tickers/tickers_handler.py.tickers_handler.download_data.59]:                                    TICKER HANDLER Data is older than threshold: 1 days 00:38:05.282205
2025-05-03 21:38:05 [33mWARNING[0m -> [app/dataset/dataset_creator.py.dataset_creator.create_dataset.185]:                                  Ticker HROW has no data or not enough data for window size 1000.
2025-05-03 21:38:05 [31mERROR[0m -> [app/analysis/analysis.py.analysis.analyze.88]:                                                         ANALYZE => (monitor) Dataset is None for ticker: HROW
2025-05-03 21:38:05 [33mWARNING[0m -> [app/tickers/tickers_handler.py.tickers_handler.download_data.59]:                                    TICKER HANDLER Data is older than threshold: 1 days 01:38:05.664897
2025-05-03 21:38:05 [33mWARNING[0m -> [app/dataset/dataset_creator.py.dataset_creator.create_dataset.185]:                                  Ticker REG has no data or not enough data for window size 1000.
2025-05-03 21:38:05 [31mERROR[0m -> [app/analysis/analysis.py.analysis.analyze.88]:                                                         ANALYZE => (scan) Dataset is None for ticker: REG
2025-05-03 21:38:06 [33mWARNING[0m -> [app/tickers/tickers_handler.py.tickers_handler.download_data.59]:                                    TICKER HANDLER Data is older than threshold: 1 days 01:38:06.001386
2025-05-03 21:38:06 [33mWARNING[0m -> [app/dataset/dataset_creator.py.dataset_creator.create_dataset.185]:                                  Ticker INSE has no data or not enough data for window size 1000.
2025-05-03 21:38:06 [31mERROR[0m -> [app/analysis/analysis.py.analysis.analyze.88]:                                                         ANALYZE => (scan) Dataset is None for ticker: INSE
2025-05-03 21:38:06 [33mWARNING[0m -> [app/tickers/tickers_handler.py.tickers_handler.download_data.59]:                                    TICKER HANDLER Data is older than threshold: 1 days 01:38:06.277473
2025-05-03 21:38:06 [33mWARNING[0m -> [app/dataset/dataset_creator.py.dataset_creator.create_dataset.185]:                                  Ticker KBDC has no data or not enough data for window size 1000.
2025-05-03 21:38:06 [31mERROR[0m -> [app/analysis/analysis.py.analysis.analyze.88]:                                                         ANALYZE => (scan) Dataset is None for ticker: KBDC
2025-05-03 21:38:09 [33mWARNING[0m -> [app/tickers/tickers_handler.py.tickers_handler.download_data.59]:                                    TICKER HANDLER Data is older than threshold: 1 days 01:38:09.888765
2025-05-03 21:38:09 [33mWARNING[0m -> [app/dataset/dataset_creator.py.dataset_creator.create_dataset.185]:                                  Ticker IRON has no data or not enough data for window size 1000.
2025-05-03 21:38:09 [31mERROR[0m -> [app/analysis/analysis.py.analysis.analyze.88]:                                                         ANALYZE => (scan) Dataset is None for ticker: IRON
2025-05-03 21:38:14 [33mWARNING[0m -> [app/tickers/tickers_handler.py.tickers_handler.download_data.59]:                                    TICKER HANDLER Data is older than threshold: 0 days 22:38:14.003160
2025-05-03 21:38:14 [33mWARNING[0m -> [app/dataset/dataset_creator.py.dataset_creator.create_dataset.185]:                                  Ticker LQDA has no data or not enough data for window size 1000.
2025-05-03 21:38:14 [31mERROR[0m -> [app/analysis/analysis.py.analysis.analyze.88]:                                                         ANALYZE => (scan) Dataset is None for ticker: LQDA
2025-05-03 21:38:18 [33mWARNING[0m -> [app/tickers/tickers_handler.py.tickers_handler.download_data.59]:                                    TICKER HANDLER Data is older than threshold: 1 days 01:38:18.161778
2025-05-03 21:38:18 [33mWARNING[0m -> [app/dataset/dataset_creator.py.dataset_creator.create_dataset.185]:                                  Ticker DHI has no data or not enough data for window size 1000.
2025-05-03 21:38:18 [31mERROR[0m -> [app/analysis/analysis.py.analysis.analyze.88]:                                                         ANALYZE => (scan) Dataset is None for ticker: DHI
2025-05-03 21:38:18 [33mWARNING[0m -> [app/tickers/tickers_handler.py.tickers_handler.download_data.59]:                                    TICKER HANDLER Data is older than threshold: 0 days 22:38:18.517359
2025-05-03 21:38:18 [33mWARNING[0m -> [app/dataset/dataset_creator.py.dataset_creator.create_dataset.185]:                                  Ticker ONEW has no data or not enough data for window size 1000.
2025-05-03 21:38:18 [31mERROR[0m -> [app/analysis/analysis.py.analysis.analyze.88]:                                                         ANALYZE => (scan) Dataset is None for ticker: ONEW
2025-05-03 21:38:22 [33mWARNING[0m -> [app/tickers/tickers_handler.py.tickers_handler.download_data.59]:                                    TICKER HANDLER Data is older than threshold: 1 days 01:38:22.382881
2025-05-03 21:38:22 [33mWARNING[0m -> [app/dataset/dataset_creator.py.dataset_creator.create_dataset.185]:                                  Ticker HWC has no data or not enough data for window size 1000.
2025-05-03 21:38:22 [31mERROR[0m -> [app/analysis/analysis.py.analysis.analyze.88]:                                                         ANALYZE => (scan) Dataset is None for ticker: HWC
2025-05-03 21:38:26 [33mWARNING[0m -> [app/tickers/tickers_handler.py.tickers_handler.download_data.59]:                                    TICKER HANDLER Data is older than threshold: 1 days 01:38:26.571145
2025-05-03 21:38:26 [33mWARNING[0m -> [app/dataset/dataset_creator.py.dataset_creator.create_dataset.185]:                                  Ticker CSGP has no data or not enough data for window size 1000.
2025-05-03 21:38:26 [31mERROR[0m -> [app/analysis/analysis.py.analysis.analyze.88]:                                                         ANALYZE => (scan) Dataset is None for ticker: CSGP
2025-05-03 21:38:30 [33mWARNING[0m -> [app/tickers/tickers_handler.py.tickers_handler.download_data.59]:                                    TICKER HANDLER Data is older than threshold: 0 days 22:38:30.819942
2025-05-03 21:38:30 [33mWARNING[0m -> [app/dataset/dataset_creator.py.dataset_creator.create_dataset.185]:                                  Ticker QSI has no data or not enough data for window size 1000.
2025-05-03 21:38:30 [31mERROR[0m -> [app/analysis/analysis.py.analysis.analyze.88]:                                                         ANALYZE => (scan) Dataset is None for ticker: QSI
2025-05-03 21:38:30 [33mWARNING[0m -> [app/tickers/tickers_handler.py.tickers_handler.download_data.59]:                                    TICKER HANDLER Data is older than threshold: 1 days 01:38:30.956860
2025-05-03 21:38:30 [33mWARNING[0m -> [app/dataset/dataset_creator.py.dataset_creator.create_dataset.185]:                                  Ticker BBU has no data or not enough data for window size 1000.
2025-05-03 21:38:30 [31mERROR[0m -> [app/analysis/analysis.py.analysis.analyze.88]:                                                         ANALYZE => (scan) Dataset is None for ticker: BBU
2025-05-03 21:38:31 [33mWARNING[0m -> [app/tickers/tickers_handler.py.tickers_handler.download_data.59]:                                    TICKER HANDLER Data is older than threshold: 1 days 01:38:31.111975
2025-05-03 21:38:31 [33mWARNING[0m -> [app/dataset/dataset_creator.py.dataset_creator.create_dataset.185]:                                  Ticker INV has no data or not enough data for window size 1000.
2025-05-03 21:38:31 [31mERROR[0m -> [app/analysis/analysis.py.analysis.analyze.88]:                                                         ANALYZE => (scan) Dataset is None for ticker: INV
2025-05-03 21:38:31 [33mWARNING[0m -> [app/tickers/tickers_handler.py.tickers_handler.download_data.59]:                                    TICKER HANDLER Data is older than threshold: 1 days 01:38:31.470754
2025-05-03 21:38:31 [33mWARNING[0m -> [app/dataset/dataset_creator.py.dataset_creator.create_dataset.185]:                                  Ticker RLGT has no data or not enough data for window size 1000.
2025-05-03 21:38:31 [31mERROR[0m -> [app/analysis/analysis.py.analysis.analyze.88]:                                                         ANALYZE => (scan) Dataset is None for ticker: RLGT
2025-05-03 21:38:39 [33mWARNING[0m -> [app/tickers/tickers_handler.py.tickers_handler.download_data.59]:                                    TICKER HANDLER Data is older than threshold: 0 days 22:38:39.563523
2025-05-03 21:38:39 [33mWARNING[0m -> [app/dataset/dataset_creator.py.dataset_creator.create_dataset.185]:                                  Ticker SMR has no data or not enough data for window size 1000.
2025-05-03 21:38:39 [31mERROR[0m -> [app/analysis/analysis.py.analysis.analyze.88]:                                                         ANALYZE => (scan) Dataset is None for ticker: SMR
2025-05-03 21:38:43 [33mWARNING[0m -> [app/tickers/tickers_handler.py.tickers_handler.download_data.59]:                                    TICKER HANDLER Data is older than threshold: 1 days 01:38:43.779751
2025-05-03 21:38:43 [33mWARNING[0m -> [app/dataset/dataset_creator.py.dataset_creator.create_dataset.185]:                                  Ticker CNC has no data or not enough data for window size 1000.
2025-05-03 21:38:43 [31mERROR[0m -> [app/analysis/analysis.py.analysis.analyze.88]:                                                         ANALYZE => (scan) Dataset is None for ticker: CNC
2025-05-03 21:38:44 [33mWARNING[0m -> [app/tickers/tickers_handler.py.tickers_handler.download_data.59]:                                    TICKER HANDLER Data is older than threshold: 1 days 01:38:44.532402
2025-05-03 21:38:44 [33mWARNING[0m -> [app/dataset/dataset_creator.py.dataset_creator.create_dataset.185]:                                  Ticker MATX has no data or not enough data for window size 1000.
2025-05-03 21:38:44 [31mERROR[0m -> [app/analysis/analysis.py.analysis.analyze.88]:                                                         ANALYZE => (scan) Dataset is None for ticker: MATX
2025-05-03 21:38:48 [33mWARNING[0m -> [app/tickers/tickers_handler.py.tickers_handler.download_data.59]:                                    TICKER HANDLER Data is older than threshold: 1 days 00:38:48.818567
2025-05-03 21:38:48 [33mWARNING[0m -> [app/dataset/dataset_creator.py.dataset_creator.create_dataset.185]:                                  Ticker MDB has no data or not enough data for window size 1000.
2025-05-03 21:38:48 [31mERROR[0m -> [app/analysis/analysis.py.analysis.analyze.88]:                                                         ANALYZE => (scan) Dataset is None for ticker: MDB
2025-05-03 21:38:53 [33mWARNING[0m -> [app/tickers/tickers_handler.py.tickers_handler.download_data.59]:                                    TICKER HANDLER Data is older than threshold: 1 days 01:38:53.119802
2025-05-03 21:38:53 [33mWARNING[0m -> [app/dataset/dataset_creator.py.dataset_creator.create_dataset.185]:                                  Ticker CL has no data or not enough data for window size 1000.
2025-05-03 21:38:53 [31mERROR[0m -> [app/analysis/analysis.py.analysis.analyze.88]:                                                         ANALYZE => (scan) Dataset is None for ticker: CL
2025-05-03 21:38:57 [33mWARNING[0m -> [app/tickers/tickers_handler.py.tickers_handler.download_data.59]:                                    TICKER HANDLER Data is older than threshold: 1 days 00:38:57.253553
2025-05-03 21:38:57 [33mWARNING[0m -> [app/dataset/dataset_creator.py.dataset_creator.create_dataset.185]:                                  Ticker COUR has no data or not enough data for window size 1000.
2025-05-03 21:38:57 [31mERROR[0m -> [app/analysis/analysis.py.analysis.analyze.88]:                                                         ANALYZE => (scan) Dataset is None for ticker: COUR
2025-05-03 21:38:57 [33mWARNING[0m -> [app/tickers/tickers_handler.py.tickers_handler.download_data.59]:                                    TICKER HANDLER Data is older than threshold: 1 days 01:38:57.551896
2025-05-03 21:38:57 [33mWARNING[0m -> [app/dataset/dataset_creator.py.dataset_creator.create_dataset.185]:                                  Ticker VPG has no data or not enough data for window size 1000.
2025-05-03 21:38:57 [31mERROR[0m -> [app/analysis/analysis.py.analysis.analyze.88]:                                                         ANALYZE => (scan) Dataset is None for ticker: VPG
2025-05-03 21:39:01 [33mWARNING[0m -> [app/tickers/tickers_handler.py.tickers_handler.download_data.59]:                                    TICKER HANDLER Data is older than threshold: 0 days 22:39:01.844029
2025-05-03 21:39:01 [33mWARNING[0m -> [app/dataset/dataset_creator.py.dataset_creator.create_dataset.185]:                                  Ticker SES has no data or not enough data for window size 1000.
2025-05-03 21:39:01 [31mERROR[0m -> [app/analysis/analysis.py.analysis.analyze.88]:                                                         ANALYZE => (scan) Dataset is None for ticker: SES
2025-05-03 21:39:05 [92mINFO[0m -> [app/alpaca/alpaca_handler.py.alpaca_handler.get_positions.263]:                                         ALPACA =>Fetching positions.
2025-05-03 21:39:05 [92mINFO[0m -> [app/trader/trader.py.trader.monitor_positions.153]:                                                     TRADER => BLDP drawdown = -1.57% (vs high 1.27)
2025-05-03 21:39:05 [33mWARNING[0m -> [app/tickers/tickers_handler.py.tickers_handler.download_data.59]:                                    TICKER HANDLER Data is older than threshold: 1 days 01:39:05.440005
2025-05-03 21:39:05 [33mWARNING[0m -> [app/dataset/dataset_creator.py.dataset_creator.create_dataset.185]:                                  Ticker LOB has no data or not enough data for window size 1000.
2025-05-03 21:39:05 [31mERROR[0m -> [app/analysis/analysis.py.analysis.analyze.88]:                                                         ANALYZE => (scan) Dataset is None for ticker: LOB
2025-05-03 21:39:09 [33mWARNING[0m -> [app/tickers/tickers_handler.py.tickers_handler.download_data.59]:                                    TICKER HANDLER Data is older than threshold: 1 days 01:39:09.238959
2025-05-03 21:39:09 [33mWARNING[0m -> [app/dataset/dataset_creator.py.dataset_creator.create_dataset.185]:                                  Ticker MTH has no data or not enough data for window size 1000.
2025-05-03 21:39:09 [31mERROR[0m -> [app/analysis/analysis.py.analysis.analyze.88]:                                                         ANALYZE => (scan) Dataset is None for ticker: MTH
2025-05-03 21:39:12 [33mWARNING[0m -> [app/tickers/tickers_handler.py.tickers_handler.download_data.59]:                                    TICKER HANDLER Data is older than threshold: 0 days 22:39:12.575920
2025-05-03 21:39:12 [33mWARNING[0m -> [app/dataset/dataset_creator.py.dataset_creator.create_dataset.185]:                                  Ticker BLDP has no data or not enough data for window size 1000.
2025-05-03 21:39:12 [31mERROR[0m -> [app/analysis/analysis.py.analysis.analyze.88]:                                                         ANALYZE => (monitor) Dataset is None for ticker: BLDP
2025-05-03 21:39:12 [92mINFO[0m -> [app/trader/trader.py.trader.monitor_positions.153]:                                                     TRADER => CTOS drawdown = 0.00% (vs high 4.10)
2025-05-03 21:39:16 [33mWARNING[0m -> [app/tickers/tickers_handler.py.tickers_handler.download_data.59]:                                    TICKER HANDLER Data is older than threshold: 1 days 01:39:16.454930
2025-05-03 21:39:16 [33mWARNING[0m -> [app/dataset/dataset_creator.py.dataset_creator.create_dataset.185]:                                  Ticker CTOS has no data or not enough data for window size 1000.
2025-05-03 21:39:16 [31mERROR[0m -> [app/analysis/analysis.py.analysis.analyze.88]:                                                         ANALYZE => (monitor) Dataset is None for ticker: CTOS
2025-05-03 21:39:16 [92mINFO[0m -> [app/trader/trader.py.trader.monitor_positions.153]:                                                     TRADER => EGY drawdown = -0.29% (vs high 3.39)
2025-05-03 21:39:23 [33mWARNING[0m -> [app/tickers/tickers_handler.py.tickers_handler.download_data.59]:                                    TICKER HANDLER Data is older than threshold: 0 days 22:39:23.712060
2025-05-03 21:39:23 [33mWARNING[0m -> [app/dataset/dataset_creator.py.dataset_creator.create_dataset.185]:                                  Ticker PLUG has no data or not enough data for window size 1000.
2025-05-03 21:39:23 [31mERROR[0m -> [app/analysis/analysis.py.analysis.analyze.88]:                                                         ANALYZE => (scan) Dataset is None for ticker: PLUG
2025-05-03 21:39:26 [33mWARNING[0m -> [app/tickers/tickers_handler.py.tickers_handler.download_data.59]:                                    TICKER HANDLER Data is older than threshold: 1 days 01:39:26.953620
2025-05-03 21:39:26 [33mWARNING[0m -> [app/dataset/dataset_creator.py.dataset_creator.create_dataset.185]:                                  Ticker EGY has no data or not enough data for window size 1000.
2025-05-03 21:39:26 [31mERROR[0m -> [app/analysis/analysis.py.analysis.analyze.88]:                                                         ANALYZE => (monitor) Dataset is None for ticker: EGY
2025-05-03 21:39:26 [92mINFO[0m -> [app/trader/trader.py.trader.monitor_positions.153]:                                                     TRADER => HROW drawdown = -0.40% (vs high 25.94)
2025-05-03 21:39:30 [33mWARNING[0m -> [app/tickers/tickers_handler.py.tickers_handler.download_data.59]:                                    TICKER HANDLER Data is older than threshold: 1 days 00:39:30.830114
2025-05-03 21:39:30 [33mWARNING[0m -> [app/dataset/dataset_creator.py.dataset_creator.create_dataset.185]:                                  Ticker HROW has no data or not enough data for window size 1000.
2025-05-03 21:39:30 [31mERROR[0m -> [app/analysis/analysis.py.analysis.analyze.88]:                                                         ANALYZE => (monitor) Dataset is None for ticker: HROW
2025-05-03 21:39:30 [33mWARNING[0m -> [app/tickers/tickers_handler.py.tickers_handler.download_data.59]:                                    TICKER HANDLER Data is older than threshold: 1 days 00:39:30.837738
2025-05-03 21:39:30 [33mWARNING[0m -> [app/dataset/dataset_creator.py.dataset_creator.create_dataset.185]:                                  Ticker VEEV has no data or not enough data for window size 1000.
2025-05-03 21:39:30 [31mERROR[0m -> [app/analysis/analysis.py.analysis.analyze.88]:                                                         ANALYZE => (scan) Dataset is None for ticker: VEEV
2025-05-03 21:39:35 [33mWARNING[0m -> [app/tickers/tickers_handler.py.tickers_handler.download_data.59]:                                    TICKER HANDLER Data is older than threshold: 0 days 22:39:35.376840
2025-05-03 21:39:35 [33mWARNING[0m -> [app/dataset/dataset_creator.py.dataset_creator.create_dataset.185]:                                  Ticker AAOI has no data or not enough data for window size 1000.
2025-05-03 21:39:35 [31mERROR[0m -> [app/analysis/analysis.py.analysis.analyze.88]:                                                         ANALYZE => (scan) Dataset is None for ticker: AAOI
2025-05-03 21:39:39 [33mWARNING[0m -> [app/tickers/tickers_handler.py.tickers_handler.download_data.59]:                                    TICKER HANDLER Data is older than threshold: 0 days 23:39:39.422285
2025-05-03 21:39:39 [33mWARNING[0m -> [app/dataset/dataset_creator.py.dataset_creator.create_dataset.185]:                                  Ticker VRTX has no data or not enough data for window size 1000.
2025-05-03 21:39:39 [31mERROR[0m -> [app/analysis/analysis.py.analysis.analyze.88]:                                                         ANALYZE => (scan) Dataset is None for ticker: VRTX
2025-05-03 21:39:43 [33mWARNING[0m -> [app/tickers/tickers_handler.py.tickers_handler.download_data.59]:                                    TICKER HANDLER Data is older than threshold: 0 days 23:39:43.230934
2025-05-03 21:39:43 [33mWARNING[0m -> [app/dataset/dataset_creator.py.dataset_creator.create_dataset.185]:                                  Ticker E has no data or not enough data for window size 1000.
2025-05-03 21:39:43 [31mERROR[0m -> [app/analysis/analysis.py.analysis.analyze.88]:                                                         ANALYZE => (scan) Dataset is None for ticker: E
2025-05-03 21:39:44 [33mWARNING[0m -> [app/tickers/tickers_handler.py.tickers_handler.download_data.59]:                                    TICKER HANDLER Data is older than threshold: 0 days 22:39:44.177971
2025-05-03 21:39:44 [33mWARNING[0m -> [app/dataset/dataset_creator.py.dataset_creator.create_dataset.185]:                                  Ticker ARVN has no data or not enough data for window size 1000.
2025-05-03 21:39:44 [31mERROR[0m -> [app/analysis/analysis.py.analysis.analyze.88]:                                                         ANALYZE => (scan) Dataset is None for ticker: ARVN
2025-05-03 21:39:48 [33mWARNING[0m -> [app/tickers/tickers_handler.py.tickers_handler.download_data.59]:                                    TICKER HANDLER Data is older than threshold: 0 days 22:39:48.369914
2025-05-03 21:39:48 [33mWARNING[0m -> [app/dataset/dataset_creator.py.dataset_creator.create_dataset.185]:                                  Ticker FNB has no data or not enough data for window size 1000.
2025-05-03 21:39:48 [31mERROR[0m -> [app/analysis/analysis.py.analysis.analyze.88]:                                                         ANALYZE => (scan) Dataset is None for ticker: FNB
2025-05-03 21:39:52 [33mWARNING[0m -> [app/tickers/tickers_handler.py.tickers_handler.download_data.59]:                                    TICKER HANDLER Data is older than threshold: 65 days 00:39:52.185009
2025-05-03 21:39:52 [33mWARNING[0m -> [app/dataset/dataset_creator.py.dataset_creator.create_dataset.185]:                                  Ticker MPLN has no data or not enough data for window size 1000.
2025-05-03 21:39:52 [31mERROR[0m -> [app/analysis/analysis.py.analysis.analyze.88]:                                                         ANALYZE => (scan) Dataset is None for ticker: MPLN
2025-05-03 21:39:55 [33mWARNING[0m -> [app/tickers/tickers_handler.py.tickers_handler.download_data.59]:                                    TICKER HANDLER Data is older than threshold: 1 days 01:39:55.866140
2025-05-03 21:39:55 [33mWARNING[0m -> [app/dataset/dataset_creator.py.dataset_creator.create_dataset.185]:                                  Ticker EXP has no data or not enough data for window size 1000.
2025-05-03 21:39:55 [31mERROR[0m -> [app/analysis/analysis.py.analysis.analyze.88]:                                                         ANALYZE => (scan) Dataset is None for ticker: EXP
2025-05-03 21:39:56 [33mWARNING[0m -> [app/tickers/tickers_handler.py.tickers_handler.download_data.59]:                                    TICKER HANDLER Data is older than threshold: 1 days 01:39:56.320057
2025-05-03 21:39:56 [33mWARNING[0m -> [app/dataset/dataset_creator.py.dataset_creator.create_dataset.185]:                                  Ticker ABG has no data or not enough data for window size 1000.
2025-05-03 21:39:56 [31mERROR[0m -> [app/analysis/analysis.py.analysis.analyze.88]:                                                         ANALYZE => (scan) Dataset is None for ticker: ABG
2025-05-03 21:39:56 [33mWARNING[0m -> [app/tickers/tickers_handler.py.tickers_handler.download_data.59]:                                    TICKER HANDLER Data is older than threshold: 4 days 02:39:56.363631
2025-05-03 21:39:56 [33mWARNING[0m -> [app/dataset/dataset_creator.py.dataset_creator.create_dataset.185]:                                  Ticker MOG.B has no data or not enough data for window size 1000.
2025-05-03 21:39:56 [31mERROR[0m -> [app/analysis/analysis.py.analysis.analyze.88]:                                                         ANALYZE => (scan) Dataset is None for ticker: MOG.B
2025-05-03 21:39:57 [33mWARNING[0m -> [app/tickers/tickers_handler.py.tickers_handler.download_data.59]:                                    TICKER HANDLER Data is older than threshold: 0 days 23:39:57.336656
2025-05-03 21:39:57 [33mWARNING[0m -> [app/dataset/dataset_creator.py.dataset_creator.create_dataset.185]:                                  Ticker MFIC has no data or not enough data for window size 1000.
2025-05-03 21:39:57 [31mERROR[0m -> [app/analysis/analysis.py.analysis.analyze.88]:                                                         ANALYZE => (scan) Dataset is None for ticker: MFIC
2025-05-03 21:40:01 [33mWARNING[0m -> [app/tickers/tickers_handler.py.tickers_handler.download_data.59]:                                    TICKER HANDLER Data is older than threshold: 1 days 01:40:01.432775
2025-05-03 21:40:01 [33mWARNING[0m -> [app/dataset/dataset_creator.py.dataset_creator.create_dataset.185]:                                  Ticker PAYX has no data or not enough data for window size 1000.
2025-05-03 21:40:01 [31mERROR[0m -> [app/analysis/analysis.py.analysis.analyze.88]:                                                         ANALYZE => (scan) Dataset is None for ticker: PAYX
2025-05-03 21:40:05 [33mWARNING[0m -> [app/tickers/tickers_handler.py.tickers_handler.download_data.59]:                                    TICKER HANDLER Data is older than threshold: 1 days 01:40:05.666261
2025-05-03 21:40:05 [33mWARNING[0m -> [app/dataset/dataset_creator.py.dataset_creator.create_dataset.185]:                                  Ticker GTES has no data or not enough data for window size 1000.
2025-05-03 21:40:05 [31mERROR[0m -> [app/analysis/analysis.py.analysis.analyze.88]:                                                         ANALYZE => (scan) Dataset is None for ticker: GTES
2025-05-03 21:40:09 [33mWARNING[0m -> [app/tickers/tickers_handler.py.tickers_handler.download_data.59]:                                    TICKER HANDLER Data is older than threshold: 1 days 01:40:09.798603
2025-05-03 21:40:09 [33mWARNING[0m -> [app/dataset/dataset_creator.py.dataset_creator.create_dataset.185]:                                  Ticker DNB has no data or not enough data for window size 1000.
2025-05-03 21:40:09 [31mERROR[0m -> [app/analysis/analysis.py.analysis.analyze.88]:                                                         ANALYZE => (scan) Dataset is None for ticker: DNB
2025-05-03 21:40:14 [33mWARNING[0m -> [app/tickers/tickers_handler.py.tickers_handler.download_data.59]:                                    TICKER HANDLER Data is older than threshold: 1 days 01:40:14.056324
2025-05-03 21:40:14 [33mWARNING[0m -> [app/dataset/dataset_creator.py.dataset_creator.create_dataset.185]:                                  Ticker CZR has no data or not enough data for window size 1000.
2025-05-03 21:40:14 [31mERROR[0m -> [app/analysis/analysis.py.analysis.analyze.88]:                                                         ANALYZE => (scan) Dataset is None for ticker: CZR
2025-05-03 21:40:18 [33mWARNING[0m -> [app/tickers/tickers_handler.py.tickers_handler.download_data.59]:                                    TICKER HANDLER Data is older than threshold: 1 days 01:40:18.207207
2025-05-03 21:40:18 [33mWARNING[0m -> [app/dataset/dataset_creator.py.dataset_creator.create_dataset.185]:                                  Ticker PEB has no data or not enough data for window size 1000.
2025-05-03 21:40:18 [31mERROR[0m -> [app/analysis/analysis.py.analysis.analyze.88]:                                                         ANALYZE => (scan) Dataset is None for ticker: PEB
2025-05-03 21:40:22 [33mWARNING[0m -> [app/tickers/tickers_handler.py.tickers_handler.download_data.59]:                                    TICKER HANDLER Data is older than threshold: 0 days 23:40:22.632952
2025-05-03 21:40:22 [33mWARNING[0m -> [app/dataset/dataset_creator.py.dataset_creator.create_dataset.185]:                                  Ticker OKTA has no data or not enough data for window size 1000.
2025-05-03 21:40:22 [31mERROR[0m -> [app/analysis/analysis.py.analysis.analyze.88]:                                                         ANALYZE => (scan) Dataset is None for ticker: OKTA
2025-05-03 21:40:26 [33mWARNING[0m -> [app/tickers/tickers_handler.py.tickers_handler.download_data.59]:                                    TICKER HANDLER Data is older than threshold: 0 days 23:40:26.591845
2025-05-03 21:40:26 [33mWARNING[0m -> [app/dataset/dataset_creator.py.dataset_creator.create_dataset.185]:                                  Ticker SFL has no data or not enough data for window size 1000.
2025-05-03 21:40:26 [31mERROR[0m -> [app/analysis/analysis.py.analysis.analyze.88]:                                                         ANALYZE => (scan) Dataset is None for ticker: SFL
2025-05-03 21:40:30 [33mWARNING[0m -> [app/tickers/tickers_handler.py.tickers_handler.download_data.59]:                                    TICKER HANDLER Data is older than threshold: 1 days 01:40:30.812839
2025-05-03 21:40:30 [33mWARNING[0m -> [app/dataset/dataset_creator.py.dataset_creator.create_dataset.185]:                                  Ticker SLM has no data or not enough data for window size 1000.
2025-05-03 21:40:30 [31mERROR[0m -> [app/analysis/analysis.py.analysis.analyze.88]:                                                         ANALYZE => (scan) Dataset is None for ticker: SLM
2025-05-03 21:40:30 [92mINFO[0m -> [app/alpaca/alpaca_handler.py.alpaca_handler.get_positions.263]:                                         ALPACA =>Fetching positions.
2025-05-03 21:40:30 [92mINFO[0m -> [app/trader/trader.py.trader.monitor_positions.153]:                                                     TRADER => BLDP drawdown = -1.57% (vs high 1.27)
2025-05-03 21:40:34 [33mWARNING[0m -> [app/tickers/tickers_handler.py.tickers_handler.download_data.59]:                                    TICKER HANDLER Data is older than threshold: 0 days 22:40:34.754660
2025-05-03 21:40:34 [33mWARNING[0m -> [app/dataset/dataset_creator.py.dataset_creator.create_dataset.185]:                                  Ticker CRDF has no data or not enough data for window size 1000.
2025-05-03 21:40:34 [31mERROR[0m -> [app/analysis/analysis.py.analysis.analyze.88]:                                                         ANALYZE => (scan) Dataset is None for ticker: CRDF
2025-05-03 21:40:38 [33mWARNING[0m -> [app/tickers/tickers_handler.py.tickers_handler.download_data.59]:                                    TICKER HANDLER Data is older than threshold: 0 days 22:40:38.100237
2025-05-03 21:40:38 [33mWARNING[0m -> [app/dataset/dataset_creator.py.dataset_creator.create_dataset.185]:                                  Ticker BLDP has no data or not enough data for window size 1000.
2025-05-03 21:40:38 [31mERROR[0m -> [app/analysis/analysis.py.analysis.analyze.88]:                                                         ANALYZE => (monitor) Dataset is None for ticker: BLDP
2025-05-03 21:40:38 [92mINFO[0m -> [app/trader/trader.py.trader.monitor_positions.153]:                                                     TRADER => CTOS drawdown = 0.00% (vs high 4.10)
2025-05-03 21:40:38 [33mWARNING[0m -> [app/tickers/tickers_handler.py.tickers_handler.download_data.59]:                                    TICKER HANDLER Data is older than threshold: 0 days 22:40:38.395017
2025-05-03 21:40:38 [33mWARNING[0m -> [app/dataset/dataset_creator.py.dataset_creator.create_dataset.185]:                                  Ticker LUNG has no data or not enough data for window size 1000.
2025-05-03 21:40:38 [31mERROR[0m -> [app/analysis/analysis.py.analysis.analyze.88]:                                                         ANALYZE => (scan) Dataset is None for ticker: LUNG
2025-05-03 21:40:45 [33mWARNING[0m -> [app/tickers/tickers_handler.py.tickers_handler.download_data.59]:                                    TICKER HANDLER Data is older than threshold: 1 days 01:40:45.038457
2025-05-03 21:40:45 [33mWARNING[0m -> [app/dataset/dataset_creator.py.dataset_creator.create_dataset.185]:                                  Ticker CTOS has no data or not enough data for window size 1000.
2025-05-03 21:40:45 [31mERROR[0m -> [app/analysis/analysis.py.analysis.analyze.88]:                                                         ANALYZE => (monitor) Dataset is None for ticker: CTOS
2025-05-03 21:40:45 [92mINFO[0m -> [app/trader/trader.py.trader.monitor_positions.153]:                                                     TRADER => EGY drawdown = -0.29% (vs high 3.39)
2025-05-03 21:40:45 [33mWARNING[0m -> [app/tickers/tickers_handler.py.tickers_handler.download_data.59]:                                    TICKER HANDLER Data is older than threshold: 1 days 01:40:45.326682
2025-05-03 21:40:45 [33mWARNING[0m -> [app/dataset/dataset_creator.py.dataset_creator.create_dataset.185]:                                  Ticker L has no data or not enough data for window size 1000.
2025-05-03 21:40:45 [31mERROR[0m -> [app/analysis/analysis.py.analysis.analyze.88]:                                                         ANALYZE => (scan) Dataset is None for ticker: L
2025-05-03 21:40:52 [33mWARNING[0m -> [app/tickers/tickers_handler.py.tickers_handler.download_data.59]:                                    TICKER HANDLER Data is older than threshold: 1 days 01:40:52.233328
2025-05-03 21:40:52 [33mWARNING[0m -> [app/dataset/dataset_creator.py.dataset_creator.create_dataset.185]:                                  Ticker EGY has no data or not enough data for window size 1000.
2025-05-03 21:40:52 [31mERROR[0m -> [app/analysis/analysis.py.analysis.analyze.88]:                                                         ANALYZE => (monitor) Dataset is None for ticker: EGY
2025-05-03 21:40:52 [92mINFO[0m -> [app/trader/trader.py.trader.monitor_positions.153]:                                                     TRADER => HROW drawdown = -0.40% (vs high 25.94)
2025-05-03 21:40:52 [33mWARNING[0m -> [app/tickers/tickers_handler.py.tickers_handler.download_data.59]:                                    TICKER HANDLER Data is older than threshold: 1 days 01:40:52.430677
2025-05-03 21:40:52 [33mWARNING[0m -> [app/dataset/dataset_creator.py.dataset_creator.create_dataset.185]:                                  Ticker ATAI has no data or not enough data for window size 1000.
2025-05-03 21:40:52 [31mERROR[0m -> [app/analysis/analysis.py.analysis.analyze.88]:                                                         ANALYZE => (scan) Dataset is None for ticker: ATAI
2025-05-03 21:40:56 [33mWARNING[0m -> [app/tickers/tickers_handler.py.tickers_handler.download_data.59]:                                    TICKER HANDLER Data is older than threshold: 1 days 00:40:56.041818
2025-05-03 21:40:56 [33mWARNING[0m -> [app/dataset/dataset_creator.py.dataset_creator.create_dataset.185]:                                  Ticker HROW has no data or not enough data for window size 1000.
2025-05-03 21:40:56 [31mERROR[0m -> [app/analysis/analysis.py.analysis.analyze.88]:                                                         ANALYZE => (monitor) Dataset is None for ticker: HROW
2025-05-03 21:40:59 [33mWARNING[0m -> [app/tickers/tickers_handler.py.tickers_handler.download_data.59]:                                    TICKER HANDLER Data is older than threshold: 1 days 01:40:59.557714
2025-05-03 21:40:59 [33mWARNING[0m -> [app/dataset/dataset_creator.py.dataset_creator.create_dataset.185]:                                  Ticker NNN has no data or not enough data for window size 1000.
2025-05-03 21:40:59 [31mERROR[0m -> [app/analysis/analysis.py.analysis.analyze.88]:                                                         ANALYZE => (scan) Dataset is None for ticker: NNN
2025-05-03 21:41:03 [33mWARNING[0m -> [app/tickers/tickers_handler.py.tickers_handler.download_data.59]:                                    TICKER HANDLER Data is older than threshold: 1 days 01:41:03.655775
2025-05-03 21:41:03 [33mWARNING[0m -> [app/dataset/dataset_creator.py.dataset_creator.create_dataset.185]:                                  Ticker ESI has no data or not enough data for window size 1000.
2025-05-03 21:41:03 [31mERROR[0m -> [app/analysis/analysis.py.analysis.analyze.88]:                                                         ANALYZE => (scan) Dataset is None for ticker: ESI
2025-05-03 21:41:04 [33mWARNING[0m -> [app/tickers/tickers_handler.py.tickers_handler.download_data.59]:                                    TICKER HANDLER Data is older than threshold: 1 days 01:41:04.647710
2025-05-03 21:41:04 [33mWARNING[0m -> [app/dataset/dataset_creator.py.dataset_creator.create_dataset.185]:                                  Ticker EWCZ has no data or not enough data for window size 1000.
2025-05-03 21:41:04 [31mERROR[0m -> [app/analysis/analysis.py.analysis.analyze.88]:                                                         ANALYZE => (scan) Dataset is None for ticker: EWCZ
2025-05-03 21:41:08 [33mWARNING[0m -> [app/tickers/tickers_handler.py.tickers_handler.download_data.59]:                                    TICKER HANDLER Data is older than threshold: 1 days 01:41:08.424144
2025-05-03 21:41:08 [33mWARNING[0m -> [app/dataset/dataset_creator.py.dataset_creator.create_dataset.185]:                                  Ticker GDYN has no data or not enough data for window size 1000.
2025-05-03 21:41:08 [31mERROR[0m -> [app/analysis/analysis.py.analysis.analyze.88]:                                                         ANALYZE => (scan) Dataset is None for ticker: GDYN
2025-05-03 21:41:12 [33mWARNING[0m -> [app/tickers/tickers_handler.py.tickers_handler.download_data.59]:                                    TICKER HANDLER Data is older than threshold: 1 days 01:41:12.252862
2025-05-03 21:41:12 [33mWARNING[0m -> [app/dataset/dataset_creator.py.dataset_creator.create_dataset.185]:                                  Ticker IDXX has no data or not enough data for window size 1000.
2025-05-03 21:41:12 [31mERROR[0m -> [app/analysis/analysis.py.analysis.analyze.88]:                                                         ANALYZE => (scan) Dataset is None for ticker: IDXX
2025-05-03 21:41:16 [33mWARNING[0m -> [app/tickers/tickers_handler.py.tickers_handler.download_data.59]:                                    TICKER HANDLER Data is older than threshold: 0 days 22:41:16.979141
2025-05-03 21:41:16 [33mWARNING[0m -> [app/dataset/dataset_creator.py.dataset_creator.create_dataset.185]:                                  Ticker CVNA has no data or not enough data for window size 1000.
2025-05-03 21:41:16 [31mERROR[0m -> [app/analysis/analysis.py.analysis.analyze.88]:                                                         ANALYZE => (scan) Dataset is None for ticker: CVNA
2025-05-03 21:41:17 [33mWARNING[0m -> [app/tickers/tickers_handler.py.tickers_handler.download_data.59]:                                    TICKER HANDLER Data is older than threshold: 1 days 01:41:17.712869
2025-05-03 21:41:17 [33mWARNING[0m -> [app/dataset/dataset_creator.py.dataset_creator.create_dataset.185]:                                  Ticker ZVRA has no data or not enough data for window size 1000.
2025-05-03 21:41:17 [31mERROR[0m -> [app/analysis/analysis.py.analysis.analyze.88]:                                                         ANALYZE => (scan) Dataset is None for ticker: ZVRA
2025-05-03 21:41:21 [33mWARNING[0m -> [app/tickers/tickers_handler.py.tickers_handler.download_data.59]:                                    TICKER HANDLER Data is older than threshold: 65 days 21:41:21.770351
2025-05-03 21:41:21 [33mWARNING[0m -> [app/dataset/dataset_creator.py.dataset_creator.create_dataset.185]:                                  Ticker HCP has no data or not enough data for window size 1000.
2025-05-03 21:41:21 [31mERROR[0m -> [app/analysis/analysis.py.analysis.analyze.88]:                                                         ANALYZE => (scan) Dataset is None for ticker: HCP
2025-05-03 21:41:25 [33mWARNING[0m -> [app/tickers/tickers_handler.py.tickers_handler.download_data.59]:                                    TICKER HANDLER Data is older than threshold: 1 days 01:41:25.825385
2025-05-03 21:41:25 [33mWARNING[0m -> [app/dataset/dataset_creator.py.dataset_creator.create_dataset.185]:                                  Ticker MTG has no data or not enough data for window size 1000.
2025-05-03 21:41:25 [31mERROR[0m -> [app/analysis/analysis.py.analysis.analyze.88]:                                                         ANALYZE => (scan) Dataset is None for ticker: MTG
2025-05-03 21:41:29 [33mWARNING[0m -> [app/tickers/tickers_handler.py.tickers_handler.download_data.59]:                                    TICKER HANDLER Data is older than threshold: 1 days 01:41:29.818811
2025-05-03 21:41:29 [33mWARNING[0m -> [app/dataset/dataset_creator.py.dataset_creator.create_dataset.185]:                                  Ticker TENB has no data or not enough data for window size 1000.
2025-05-03 21:41:29 [31mERROR[0m -> [app/analysis/analysis.py.analysis.analyze.88]:                                                         ANALYZE => (scan) Dataset is None for ticker: TENB
2025-05-03 21:41:34 [33mWARNING[0m -> [app/tickers/tickers_handler.py.tickers_handler.download_data.59]:                                    TICKER HANDLER Data is older than threshold: 0 days 22:41:34.437798
2025-05-03 21:41:34 [33mWARNING[0m -> [app/dataset/dataset_creator.py.dataset_creator.create_dataset.185]:                                  Ticker KO has no data or not enough data for window size 1000.
2025-05-03 21:41:34 [31mERROR[0m -> [app/analysis/analysis.py.analysis.analyze.88]:                                                         ANALYZE => (scan) Dataset is None for ticker: KO
2025-05-03 21:41:34 [33mWARNING[0m -> [app/tickers/tickers_handler.py.tickers_handler.download_data.59]:                                    TICKER HANDLER Data is older than threshold: 1 days 01:41:34.806140
2025-05-03 21:41:34 [33mWARNING[0m -> [app/dataset/dataset_creator.py.dataset_creator.create_dataset.185]:                                  Ticker CWBC has no data or not enough data for window size 1000.
2025-05-03 21:41:34 [31mERROR[0m -> [app/analysis/analysis.py.analysis.analyze.88]:                                                         ANALYZE => (scan) Dataset is None for ticker: CWBC
2025-05-03 21:41:39 [33mWARNING[0m -> [app/tickers/tickers_handler.py.tickers_handler.download_data.59]:                                    TICKER HANDLER Data is older than threshold: 1 days 01:41:39.088544
2025-05-03 21:41:39 [33mWARNING[0m -> [app/dataset/dataset_creator.py.dataset_creator.create_dataset.185]:                                  Ticker VRNS has no data or not enough data for window size 1000.
2025-05-03 21:41:39 [31mERROR[0m -> [app/analysis/analysis.py.analysis.analyze.88]:                                                         ANALYZE => (scan) Dataset is None for ticker: VRNS
2025-05-03 21:41:43 [33mWARNING[0m -> [app/tickers/tickers_handler.py.tickers_handler.download_data.59]:                                    TICKER HANDLER Data is older than threshold: 1 days 01:41:43.298332
2025-05-03 21:41:43 [33mWARNING[0m -> [app/dataset/dataset_creator.py.dataset_creator.create_dataset.185]:                                  Ticker LEN has no data or not enough data for window size 1000.
2025-05-03 21:41:43 [31mERROR[0m -> [app/analysis/analysis.py.analysis.analyze.88]:                                                         ANALYZE => (scan) Dataset is None for ticker: LEN
2025-05-03 21:41:47 [33mWARNING[0m -> [app/tickers/tickers_handler.py.tickers_handler.download_data.59]:                                    TICKER HANDLER Data is older than threshold: 1 days 00:41:47.499745
2025-05-03 21:41:47 [33mWARNING[0m -> [app/dataset/dataset_creator.py.dataset_creator.create_dataset.185]:                                  Ticker MS has no data or not enough data for window size 1000.
2025-05-03 21:41:47 [31mERROR[0m -> [app/analysis/analysis.py.analysis.analyze.88]:                                                         ANALYZE => (scan) Dataset is None for ticker: MS
2025-05-03 21:41:47 [33mWARNING[0m -> [app/tickers/tickers_handler.py.tickers_handler.download_data.59]:                                    TICKER HANDLER Data is older than threshold: 1 days 01:41:47.703721
2025-05-03 21:41:47 [33mWARNING[0m -> [app/dataset/dataset_creator.py.dataset_creator.create_dataset.185]:                                  Ticker CHCO has no data or not enough data for window size 1000.
2025-05-03 21:41:47 [31mERROR[0m -> [app/analysis/analysis.py.analysis.analyze.88]:                                                         ANALYZE => (scan) Dataset is None for ticker: CHCO
2025-05-03 21:41:47 [33mWARNING[0m -> [app/tickers/tickers_handler.py.tickers_handler.download_data.59]:                                    TICKER HANDLER Data is older than threshold: 1 days 01:41:47.796448
2025-05-03 21:41:47 [33mWARNING[0m -> [app/dataset/dataset_creator.py.dataset_creator.create_dataset.185]:                                  Ticker WTM has no data or not enough data for window size 1000.
2025-05-03 21:41:47 [31mERROR[0m -> [app/analysis/analysis.py.analysis.analyze.88]:                                                         ANALYZE => (scan) Dataset is None for ticker: WTM
2025-05-03 21:41:51 [33mWARNING[0m -> [app/tickers/tickers_handler.py.tickers_handler.download_data.59]:                                    TICKER HANDLER Data is older than threshold: 0 days 22:41:51.640842
2025-05-03 21:41:51 [33mWARNING[0m -> [app/dataset/dataset_creator.py.dataset_creator.create_dataset.185]:                                  Ticker SNBR has no data or not enough data for window size 1000.
2025-05-03 21:41:51 [31mERROR[0m -> [app/analysis/analysis.py.analysis.analyze.88]:                                                         ANALYZE => (scan) Dataset is None for ticker: SNBR
2025-05-03 21:41:51 [33mWARNING[0m -> [app/tickers/tickers_handler.py.tickers_handler.download_data.59]:                                    TICKER HANDLER Data is older than threshold: 1 days 01:41:51.829369
2025-05-03 21:41:51 [33mWARNING[0m -> [app/dataset/dataset_creator.py.dataset_creator.create_dataset.185]:                                  Ticker RM has no data or not enough data for window size 1000.
2025-05-03 21:41:51 [31mERROR[0m -> [app/analysis/analysis.py.analysis.analyze.88]:                                                         ANALYZE => (scan) Dataset is None for ticker: RM
2025-05-03 21:41:51 [33mWARNING[0m -> [app/tickers/tickers_handler.py.tickers_handler.download_data.59]:                                    TICKER HANDLER Data is older than threshold: 1 days 06:41:51.896285
2025-05-03 21:41:51 [33mWARNING[0m -> [app/dataset/dataset_creator.py.dataset_creator.create_dataset.185]:                                  Ticker AAM has no data or not enough data for window size 1000.
2025-05-03 21:41:51 [31mERROR[0m -> [app/analysis/analysis.py.analysis.analyze.88]:                                                         ANALYZE => (scan) Dataset is None for ticker: AAM
2025-05-03 21:41:56 [33mWARNING[0m -> [app/tickers/tickers_handler.py.tickers_handler.download_data.59]:                                    TICKER HANDLER Data is older than threshold: 1 days 00:41:56.020392
2025-05-03 21:41:56 [33mWARNING[0m -> [app/dataset/dataset_creator.py.dataset_creator.create_dataset.185]:                                  Ticker IBKR has no data or not enough data for window size 1000.
2025-05-03 21:41:56 [31mERROR[0m -> [app/analysis/analysis.py.analysis.analyze.88]:                                                         ANALYZE => (scan) Dataset is None for ticker: IBKR
2025-05-03 21:41:56 [92mINFO[0m -> [app/alpaca/alpaca_handler.py.alpaca_handler.get_positions.263]:                                         ALPACA =>Fetching positions.
2025-05-03 21:41:56 [92mINFO[0m -> [app/trader/trader.py.trader.monitor_positions.153]:                                                     TRADER => BLDP drawdown = -1.57% (vs high 1.27)
2025-05-03 21:42:00 [33mWARNING[0m -> [app/tickers/tickers_handler.py.tickers_handler.download_data.59]:                                    TICKER HANDLER Data is older than threshold: 0 days 23:42:00.201806
2025-05-03 21:42:00 [33mWARNING[0m -> [app/dataset/dataset_creator.py.dataset_creator.create_dataset.185]:                                  Ticker ATEN has no data or not enough data for window size 1000.
2025-05-03 21:42:00 [31mERROR[0m -> [app/analysis/analysis.py.analysis.analyze.88]:                                                         ANALYZE => (scan) Dataset is None for ticker: ATEN
2025-05-03 21:42:03 [33mWARNING[0m -> [app/tickers/tickers_handler.py.tickers_handler.download_data.59]:                                    TICKER HANDLER Data is older than threshold: 0 days 22:42:03.683863
2025-05-03 21:42:03 [33mWARNING[0m -> [app/dataset/dataset_creator.py.dataset_creator.create_dataset.185]:                                  Ticker BLDP has no data or not enough data for window size 1000.
2025-05-03 21:42:03 [31mERROR[0m -> [app/analysis/analysis.py.analysis.analyze.88]:                                                         ANALYZE => (monitor) Dataset is None for ticker: BLDP
2025-05-03 21:42:03 [92mINFO[0m -> [app/trader/trader.py.trader.monitor_positions.153]:                                                     TRADER => CTOS drawdown = 0.00% (vs high 4.10)
2025-05-03 21:42:10 [33mWARNING[0m -> [app/tickers/tickers_handler.py.tickers_handler.download_data.59]:                                    TICKER HANDLER Data is older than threshold: 0 days 22:42:10.597041
2025-05-03 21:42:10 [33mWARNING[0m -> [app/dataset/dataset_creator.py.dataset_creator.create_dataset.185]:                                  Ticker PLD has no data or not enough data for window size 1000.
2025-05-03 21:42:10 [31mERROR[0m -> [app/analysis/analysis.py.analysis.analyze.88]:                                                         ANALYZE => (scan) Dataset is None for ticker: PLD
2025-05-03 21:42:10 [33mWARNING[0m -> [app/tickers/tickers_handler.py.tickers_handler.download_data.59]:                                    TICKER HANDLER Data is older than threshold: 1 days 01:42:10.676376
2025-05-03 21:42:10 [33mWARNING[0m -> [app/dataset/dataset_creator.py.dataset_creator.create_dataset.185]:                                  Ticker CTOS has no data or not enough data for window size 1000.
2025-05-03 21:42:10 [31mERROR[0m -> [app/analysis/analysis.py.analysis.analyze.88]:                                                         ANALYZE => (monitor) Dataset is None for ticker: CTOS
2025-05-03 21:42:10 [92mINFO[0m -> [app/trader/trader.py.trader.monitor_positions.153]:                                                     TRADER => EGY drawdown = -0.29% (vs high 3.39)
2025-05-03 21:42:17 [33mWARNING[0m -> [app/tickers/tickers_handler.py.tickers_handler.download_data.59]:                                    TICKER HANDLER Data is older than threshold: 1 days 01:42:17.836035
2025-05-03 21:42:17 [33mWARNING[0m -> [app/dataset/dataset_creator.py.dataset_creator.create_dataset.185]:                                  Ticker EGY has no data or not enough data for window size 1000.
2025-05-03 21:42:17 [31mERROR[0m -> [app/analysis/analysis.py.analysis.analyze.88]:                                                         ANALYZE => (monitor) Dataset is None for ticker: EGY
2025-05-03 21:42:17 [92mINFO[0m -> [app/trader/trader.py.trader.monitor_positions.153]:                                                     TRADER => HROW drawdown = -0.40% (vs high 25.94)
2025-05-03 21:42:17 [33mWARNING[0m -> [app/tickers/tickers_handler.py.tickers_handler.download_data.59]:                                    TICKER HANDLER Data is older than threshold: 1 days 01:42:17.964848
2025-05-03 21:42:17 [33mWARNING[0m -> [app/dataset/dataset_creator.py.dataset_creator.create_dataset.185]:                                  Ticker WELL has no data or not enough data for window size 1000.
2025-05-03 21:42:17 [31mERROR[0m -> [app/analysis/analysis.py.analysis.analyze.88]:                                                         ANALYZE => (scan) Dataset is None for ticker: WELL
2025-05-03 21:42:18 [33mWARNING[0m -> [app/tickers/tickers_handler.py.tickers_handler.download_data.59]:                                    TICKER HANDLER Data is older than threshold: 1 days 01:42:18.121431
2025-05-03 21:42:18 [33mWARNING[0m -> [app/dataset/dataset_creator.py.dataset_creator.create_dataset.185]:                                  Ticker WINA has no data or not enough data for window size 1000.
2025-05-03 21:42:18 [31mERROR[0m -> [app/analysis/analysis.py.analysis.analyze.88]:                                                         ANALYZE => (scan) Dataset is None for ticker: WINA
2025-05-03 21:42:21 [33mWARNING[0m -> [app/tickers/tickers_handler.py.tickers_handler.download_data.59]:                                    TICKER HANDLER Data is older than threshold: 1 days 00:42:21.714510
2025-05-03 21:42:21 [33mWARNING[0m -> [app/dataset/dataset_creator.py.dataset_creator.create_dataset.185]:                                  Ticker HROW has no data or not enough data for window size 1000.
2025-05-03 21:42:21 [31mERROR[0m -> [app/analysis/analysis.py.analysis.analyze.88]:                                                         ANALYZE => (monitor) Dataset is None for ticker: HROW
2025-05-03 21:42:21 [33mWARNING[0m -> [app/tickers/tickers_handler.py.tickers_handler.download_data.59]:                                    TICKER HANDLER Data is older than threshold: 1 days 01:42:21.866814
2025-05-03 21:42:21 [33mWARNING[0m -> [app/dataset/dataset_creator.py.dataset_creator.create_dataset.185]:                                  Ticker DOMO has no data or not enough data for window size 1000.
2025-05-03 21:42:21 [31mERROR[0m -> [app/analysis/analysis.py.analysis.analyze.88]:                                                         ANALYZE => (scan) Dataset is None for ticker: DOMO
2025-05-03 21:42:25 [33mWARNING[0m -> [app/tickers/tickers_handler.py.tickers_handler.download_data.59]:                                    TICKER HANDLER Data is older than threshold: 1 days 01:42:25.687341
2025-05-03 21:42:25 [33mWARNING[0m -> [app/dataset/dataset_creator.py.dataset_creator.create_dataset.185]:                                  Ticker OABI has no data or not enough data for window size 1000.
2025-05-03 21:42:25 [31mERROR[0m -> [app/analysis/analysis.py.analysis.analyze.88]:                                                         ANALYZE => (scan) Dataset is None for ticker: OABI
2025-05-03 21:42:30 [33mWARNING[0m -> [app/tickers/tickers_handler.py.tickers_handler.download_data.59]:                                    TICKER HANDLER Data is older than threshold: 0 days 23:42:30.172300
2025-05-03 21:42:30 [33mWARNING[0m -> [app/dataset/dataset_creator.py.dataset_creator.create_dataset.185]:                                  Ticker PG has no data or not enough data for window size 1000.
2025-05-03 21:42:30 [31mERROR[0m -> [app/analysis/analysis.py.analysis.analyze.88]:                                                         ANALYZE => (scan) Dataset is None for ticker: PG
2025-05-03 21:42:33 [33mWARNING[0m -> [app/tickers/tickers_handler.py.tickers_handler.download_data.59]:                                    TICKER HANDLER Data is older than threshold: 1 days 01:42:33.998524
2025-05-03 21:42:33 [33mWARNING[0m -> [app/dataset/dataset_creator.py.dataset_creator.create_dataset.185]:                                  Ticker FFWM has no data or not enough data for window size 1000.
2025-05-03 21:42:33 [31mERROR[0m -> [app/analysis/analysis.py.analysis.analyze.88]:                                                         ANALYZE => (scan) Dataset is None for ticker: FFWM
2025-05-03 21:42:34 [33mWARNING[0m -> [app/tickers/tickers_handler.py.tickers_handler.download_data.59]:                                    TICKER HANDLER Data is older than threshold: 1 days 01:42:34.778741
2025-05-03 21:42:34 [33mWARNING[0m -> [app/dataset/dataset_creator.py.dataset_creator.create_dataset.185]:                                  Ticker AGO has no data or not enough data for window size 1000.
2025-05-03 21:42:34 [31mERROR[0m -> [app/analysis/analysis.py.analysis.analyze.88]:                                                         ANALYZE => (scan) Dataset is None for ticker: AGO
2025-05-03 21:42:38 [33mWARNING[0m -> [app/tickers/tickers_handler.py.tickers_handler.download_data.59]:                                    TICKER HANDLER Data is older than threshold: 1 days 01:42:38.914120
2025-05-03 21:42:38 [33mWARNING[0m -> [app/dataset/dataset_creator.py.dataset_creator.create_dataset.185]:                                  Ticker RMBS has no data or not enough data for window size 1000.
2025-05-03 21:42:38 [31mERROR[0m -> [app/analysis/analysis.py.analysis.analyze.88]:                                                         ANALYZE => (scan) Dataset is None for ticker: RMBS
2025-05-03 21:42:42 [33mWARNING[0m -> [app/tickers/tickers_handler.py.tickers_handler.download_data.59]:                                    TICKER HANDLER Data is older than threshold: 1 days 01:42:42.619826
2025-05-03 21:42:42 [33mWARNING[0m -> [app/dataset/dataset_creator.py.dataset_creator.create_dataset.185]:                                  Ticker PSFE has no data or not enough data for window size 1000.
2025-05-03 21:42:42 [31mERROR[0m -> [app/analysis/analysis.py.analysis.analyze.88]:                                                         ANALYZE => (scan) Dataset is None for ticker: PSFE
2025-05-03 21:42:47 [33mWARNING[0m -> [app/tickers/tickers_handler.py.tickers_handler.download_data.59]:                                    TICKER HANDLER Data is older than threshold: 0 days 22:42:47.761617
2025-05-03 21:42:47 [33mWARNING[0m -> [app/dataset/dataset_creator.py.dataset_creator.create_dataset.185]:                                  Ticker F has no data or not enough data for window size 1000.
2025-05-03 21:42:47 [31mERROR[0m -> [app/analysis/analysis.py.analysis.analyze.88]:                                                         ANALYZE => (scan) Dataset is None for ticker: F
2025-05-03 21:42:52 [33mWARNING[0m -> [app/tickers/tickers_handler.py.tickers_handler.download_data.59]:                                    TICKER HANDLER Data is older than threshold: 0 days 22:42:52.036718
2025-05-03 21:42:52 [33mWARNING[0m -> [app/dataset/dataset_creator.py.dataset_creator.create_dataset.185]:                                  Ticker HTZ has no data or not enough data for window size 1000.
2025-05-03 21:42:52 [31mERROR[0m -> [app/analysis/analysis.py.analysis.analyze.88]:                                                         ANALYZE => (scan) Dataset is None for ticker: HTZ
2025-05-03 21:42:56 [33mWARNING[0m -> [app/tickers/tickers_handler.py.tickers_handler.download_data.59]:                                    TICKER HANDLER Data is older than threshold: 1 days 01:42:56.244383
2025-05-03 21:42:56 [33mWARNING[0m -> [app/dataset/dataset_creator.py.dataset_creator.create_dataset.185]:                                  Ticker JXN has no data or not enough data for window size 1000.
2025-05-03 21:42:56 [31mERROR[0m -> [app/analysis/analysis.py.analysis.analyze.88]:                                                         ANALYZE => (scan) Dataset is None for ticker: JXN
2025-05-03 21:43:00 [33mWARNING[0m -> [app/tickers/tickers_handler.py.tickers_handler.download_data.59]:                                    TICKER HANDLER Data is older than threshold: 1 days 01:43:00.019264
2025-05-03 21:43:00 [33mWARNING[0m -> [app/dataset/dataset_creator.py.dataset_creator.create_dataset.185]:                                  Ticker SYRE has no data or not enough data for window size 1000.
2025-05-03 21:43:00 [31mERROR[0m -> [app/analysis/analysis.py.analysis.analyze.88]:                                                         ANALYZE => (scan) Dataset is None for ticker: SYRE
2025-05-03 21:43:00 [33mWARNING[0m -> [app/tickers/tickers_handler.py.tickers_handler.download_data.59]:                                    TICKER HANDLER Data is older than threshold: 1 days 01:43:00.309409
2025-05-03 21:43:00 [33mWARNING[0m -> [app/dataset/dataset_creator.py.dataset_creator.create_dataset.185]:                                  Ticker INGM has no data or not enough data for window size 1000.
2025-05-03 21:43:00 [31mERROR[0m -> [app/analysis/analysis.py.analysis.analyze.88]:                                                         ANALYZE => (scan) Dataset is None for ticker: INGM
2025-05-03 21:43:04 [33mWARNING[0m -> [app/tickers/tickers_handler.py.tickers_handler.download_data.59]:                                    TICKER HANDLER Data is older than threshold: 1 days 01:43:04.578482
2025-05-03 21:43:04 [33mWARNING[0m -> [app/dataset/dataset_creator.py.dataset_creator.create_dataset.185]:                                  Ticker AROC has no data or not enough data for window size 1000.
2025-05-03 21:43:04 [31mERROR[0m -> [app/analysis/analysis.py.analysis.analyze.88]:                                                         ANALYZE => (scan) Dataset is None for ticker: AROC
2025-05-03 21:43:08 [33mWARNING[0m -> [app/tickers/tickers_handler.py.tickers_handler.download_data.59]:                                    TICKER HANDLER Data is older than threshold: 1 days 01:43:08.725674
2025-05-03 21:43:08 [33mWARNING[0m -> [app/dataset/dataset_creator.py.dataset_creator.create_dataset.185]:                                  Ticker EB has no data or not enough data for window size 1000.
2025-05-03 21:43:08 [31mERROR[0m -> [app/analysis/analysis.py.analysis.analyze.88]:                                                         ANALYZE => (scan) Dataset is None for ticker: EB
2025-05-03 21:43:09 [33mWARNING[0m -> [app/tickers/tickers_handler.py.tickers_handler.download_data.59]:                                    TICKER HANDLER Data is older than threshold: 0 days 23:43:09.964934
2025-05-03 21:43:09 [33mWARNING[0m -> [app/dataset/dataset_creator.py.dataset_creator.create_dataset.185]:                                  Ticker VIPS has no data or not enough data for window size 1000.
2025-05-03 21:43:09 [31mERROR[0m -> [app/analysis/analysis.py.analysis.analyze.88]:                                                         ANALYZE => (scan) Dataset is None for ticker: VIPS
2025-05-03 21:43:13 [33mWARNING[0m -> [app/tickers/tickers_handler.py.tickers_handler.download_data.59]:                                    TICKER HANDLER Data is older than threshold: 1 days 01:43:13.621787
2025-05-03 21:43:13 [33mWARNING[0m -> [app/dataset/dataset_creator.py.dataset_creator.create_dataset.185]:                                  Ticker INVX has no data or not enough data for window size 1000.
2025-05-03 21:43:13 [31mERROR[0m -> [app/analysis/analysis.py.analysis.analyze.88]:                                                         ANALYZE => (scan) Dataset is None for ticker: INVX
2025-05-03 21:43:17 [33mWARNING[0m -> [app/tickers/tickers_handler.py.tickers_handler.download_data.59]:                                    TICKER HANDLER Data is older than threshold: 1 days 01:43:17.531484
2025-05-03 21:43:17 [33mWARNING[0m -> [app/dataset/dataset_creator.py.dataset_creator.create_dataset.185]:                                  Ticker NRIX has no data or not enough data for window size 1000.
2025-05-03 21:43:17 [31mERROR[0m -> [app/analysis/analysis.py.analysis.analyze.88]:                                                         ANALYZE => (scan) Dataset is None for ticker: NRIX
2025-05-03 21:43:21 [33mWARNING[0m -> [app/tickers/tickers_handler.py.tickers_handler.download_data.59]:                                    TICKER HANDLER Data is older than threshold: 1 days 00:43:21.638703
2025-05-03 21:43:21 [33mWARNING[0m -> [app/dataset/dataset_creator.py.dataset_creator.create_dataset.185]:                                  Ticker ECL has no data or not enough data for window size 1000.
2025-05-03 21:43:21 [31mERROR[0m -> [app/analysis/analysis.py.analysis.analyze.88]:                                                         ANALYZE => (scan) Dataset is None for ticker: ECL
2025-05-03 21:43:21 [92mINFO[0m -> [app/alpaca/alpaca_handler.py.alpaca_handler.get_positions.263]:                                         ALPACA =>Fetching positions.
2025-05-03 21:43:21 [92mINFO[0m -> [app/trader/trader.py.trader.monitor_positions.153]:                                                     TRADER => BLDP drawdown = -1.57% (vs high 1.27)
2025-05-03 21:43:21 [33mWARNING[0m -> [app/tickers/tickers_handler.py.tickers_handler.download_data.59]:                                    TICKER HANDLER Data is older than threshold: 1 days 01:43:21.984197
2025-05-03 21:43:21 [33mWARNING[0m -> [app/dataset/dataset_creator.py.dataset_creator.create_dataset.185]:                                  Ticker OOMA has no data or not enough data for window size 1000.
2025-05-03 21:43:21 [31mERROR[0m -> [app/analysis/analysis.py.analysis.analyze.88]:                                                         ANALYZE => (scan) Dataset is None for ticker: OOMA
2025-05-03 21:43:22 [33mWARNING[0m -> [app/tickers/tickers_handler.py.tickers_handler.download_data.59]:                                    TICKER HANDLER Data is older than threshold: 1 days 01:43:22.138528
2025-05-03 21:43:22 [33mWARNING[0m -> [app/dataset/dataset_creator.py.dataset_creator.create_dataset.185]:                                  Ticker BFC has no data or not enough data for window size 1000.
2025-05-03 21:43:22 [31mERROR[0m -> [app/analysis/analysis.py.analysis.analyze.88]:                                                         ANALYZE => (scan) Dataset is None for ticker: BFC
2025-05-03 21:43:29 [33mWARNING[0m -> [app/tickers/tickers_handler.py.tickers_handler.download_data.59]:                                    TICKER HANDLER Data is older than threshold: 0 days 22:43:29.014149
2025-05-03 21:43:29 [33mWARNING[0m -> [app/dataset/dataset_creator.py.dataset_creator.create_dataset.185]:                                  Ticker BLDP has no data or not enough data for window size 1000.
2025-05-03 21:43:29 [31mERROR[0m -> [app/analysis/analysis.py.analysis.analyze.88]:                                                         ANALYZE => (monitor) Dataset is None for ticker: BLDP
2025-05-03 21:43:29 [92mINFO[0m -> [app/trader/trader.py.trader.monitor_positions.153]:                                                     TRADER => CTOS drawdown = 0.00% (vs high 4.10)
2025-05-03 21:43:32 [33mWARNING[0m -> [app/tickers/tickers_handler.py.tickers_handler.download_data.59]:                                    TICKER HANDLER Data is older than threshold: 1 days 01:43:32.405412
2025-05-03 21:43:32 [33mWARNING[0m -> [app/dataset/dataset_creator.py.dataset_creator.create_dataset.185]:                                  Ticker NRG has no data or not enough data for window size 1000.
2025-05-03 21:43:32 [31mERROR[0m -> [app/analysis/analysis.py.analysis.analyze.88]:                                                         ANALYZE => (scan) Dataset is None for ticker: NRG
2025-05-03 21:43:35 [33mWARNING[0m -> [app/tickers/tickers_handler.py.tickers_handler.download_data.59]:                                    TICKER HANDLER Data is older than threshold: 1 days 01:43:35.867068
2025-05-03 21:43:35 [33mWARNING[0m -> [app/dataset/dataset_creator.py.dataset_creator.create_dataset.185]:                                  Ticker CTOS has no data or not enough data for window size 1000.
2025-05-03 21:43:35 [31mERROR[0m -> [app/analysis/analysis.py.analysis.analyze.88]:                                                         ANALYZE => (monitor) Dataset is None for ticker: CTOS
2025-05-03 21:43:35 [92mINFO[0m -> [app/trader/trader.py.trader.monitor_positions.153]:                                                     TRADER => EGY drawdown = -0.29% (vs high 3.39)
2025-05-03 21:43:39 [33mWARNING[0m -> [app/tickers/tickers_handler.py.tickers_handler.download_data.59]:                                    TICKER HANDLER Data is older than threshold: 0 days 23:43:39.837051
2025-05-03 21:43:39 [33mWARNING[0m -> [app/dataset/dataset_creator.py.dataset_creator.create_dataset.185]:                                  Ticker DNN has no data or not enough data for window size 1000.
2025-05-03 21:43:39 [31mERROR[0m -> [app/analysis/analysis.py.analysis.analyze.88]:                                                         ANALYZE => (scan) Dataset is None for ticker: DNN
2025-05-03 21:43:43 [33mWARNING[0m -> [app/tickers/tickers_handler.py.tickers_handler.download_data.59]:                                    TICKER HANDLER Data is older than threshold: 1 days 01:43:43.252333
2025-05-03 21:43:43 [33mWARNING[0m -> [app/dataset/dataset_creator.py.dataset_creator.create_dataset.185]:                                  Ticker EGY has no data or not enough data for window size 1000.
2025-05-03 21:43:43 [31mERROR[0m -> [app/analysis/analysis.py.analysis.analyze.88]:                                                         ANALYZE => (monitor) Dataset is None for ticker: EGY
2025-05-03 21:43:43 [92mINFO[0m -> [app/trader/trader.py.trader.monitor_positions.153]:                                                     TRADER => HROW drawdown = -0.40% (vs high 25.94)
2025-05-03 21:43:43 [33mWARNING[0m -> [app/tickers/tickers_handler.py.tickers_handler.download_data.59]:                                    TICKER HANDLER Data is older than threshold: 1 days 01:43:43.414195
2025-05-03 21:43:43 [33mWARNING[0m -> [app/dataset/dataset_creator.py.dataset_creator.create_dataset.185]:                                  Ticker AORT has no data or not enough data for window size 1000.
2025-05-03 21:43:43 [31mERROR[0m -> [app/analysis/analysis.py.analysis.analyze.88]:                                                         ANALYZE => (scan) Dataset is None for ticker: AORT
2025-05-03 21:43:47 [33mWARNING[0m -> [app/tickers/tickers_handler.py.tickers_handler.download_data.59]:                                    TICKER HANDLER Data is older than threshold: 1 days 00:43:47.063209
2025-05-03 21:43:47 [33mWARNING[0m -> [app/dataset/dataset_creator.py.dataset_creator.create_dataset.185]:                                  Ticker HROW has no data or not enough data for window size 1000.
2025-05-03 21:43:47 [31mERROR[0m -> [app/analysis/analysis.py.analysis.analyze.88]:                                                         ANALYZE => (monitor) Dataset is None for ticker: HROW
2025-05-03 21:43:50 [33mWARNING[0m -> [app/tickers/tickers_handler.py.tickers_handler.download_data.59]:                                    TICKER HANDLER Data is older than threshold: 1 days 01:43:50.439376
2025-05-03 21:43:50 [33mWARNING[0m -> [app/dataset/dataset_creator.py.dataset_creator.create_dataset.185]:                                  Ticker WHD has no data or not enough data for window size 1000.
2025-05-03 21:43:50 [31mERROR[0m -> [app/analysis/analysis.py.analysis.analyze.88]:                                                         ANALYZE => (scan) Dataset is None for ticker: WHD
2025-05-03 21:43:54 [33mWARNING[0m -> [app/tickers/tickers_handler.py.tickers_handler.download_data.59]:                                    TICKER HANDLER Data is older than threshold: 0 days 22:43:54.823222
2025-05-03 21:43:54 [33mWARNING[0m -> [app/dataset/dataset_creator.py.dataset_creator.create_dataset.185]:                                  Ticker SE has no data or not enough data for window size 1000.
2025-05-03 21:43:54 [31mERROR[0m -> [app/analysis/analysis.py.analysis.analyze.88]:                                                         ANALYZE => (scan) Dataset is None for ticker: SE
2025-05-03 21:43:55 [33mWARNING[0m -> [app/tickers/tickers_handler.py.tickers_handler.download_data.59]:                                    TICKER HANDLER Data is older than threshold: 1 days 01:43:55.508241
2025-05-03 21:43:55 [33mWARNING[0m -> [app/dataset/dataset_creator.py.dataset_creator.create_dataset.185]:                                  Ticker FSS has no data or not enough data for window size 1000.
2025-05-03 21:43:55 [31mERROR[0m -> [app/analysis/analysis.py.analysis.analyze.88]:                                                         ANALYZE => (scan) Dataset is None for ticker: FSS
2025-05-03 21:43:59 [33mWARNING[0m -> [app/tickers/tickers_handler.py.tickers_handler.download_data.59]:                                    TICKER HANDLER Data is older than threshold: 0 days 23:43:59.992813
2025-05-03 21:43:59 [33mWARNING[0m -> [app/dataset/dataset_creator.py.dataset_creator.create_dataset.185]:                                  Ticker TXN has no data or not enough data for window size 1000.
2025-05-03 21:43:59 [31mERROR[0m -> [app/analysis/analysis.py.analysis.analyze.88]:                                                         ANALYZE => (scan) Dataset is None for ticker: TXN
2025-05-03 21:44:03 [33mWARNING[0m -> [app/tickers/tickers_handler.py.tickers_handler.download_data.59]:                                    TICKER HANDLER Data is older than threshold: 1 days 01:44:03.206803
2025-05-03 21:44:03 [33mWARNING[0m -> [app/dataset/dataset_creator.py.dataset_creator.create_dataset.185]:                                  Ticker CET has no data or not enough data for window size 1000.
2025-05-03 21:44:03 [31mERROR[0m -> [app/analysis/analysis.py.analysis.analyze.88]:                                                         ANALYZE => (scan) Dataset is None for ticker: CET
2025-05-03 21:44:04 [33mWARNING[0m -> [app/tickers/tickers_handler.py.tickers_handler.download_data.59]:                                    TICKER HANDLER Data is older than threshold: 1 days 01:44:04.148555
2025-05-03 21:44:04 [33mWARNING[0m -> [app/dataset/dataset_creator.py.dataset_creator.create_dataset.185]:                                  Ticker SDGR has no data or not enough data for window size 1000.
2025-05-03 21:44:04 [31mERROR[0m -> [app/analysis/analysis.py.analysis.analyze.88]:                                                         ANALYZE => (scan) Dataset is None for ticker: SDGR
2025-05-03 21:44:07 [33mWARNING[0m -> [app/tickers/tickers_handler.py.tickers_handler.download_data.59]:                                    TICKER HANDLER Data is older than threshold: 1 days 01:44:07.799158
2025-05-03 21:44:07 [33mWARNING[0m -> [app/dataset/dataset_creator.py.dataset_creator.create_dataset.185]:                                  Ticker SHCO has no data or not enough data for window size 1000.
2025-05-03 21:44:07 [31mERROR[0m -> [app/analysis/analysis.py.analysis.analyze.88]:                                                         ANALYZE => (scan) Dataset is None for ticker: SHCO
2025-05-03 21:44:08 [33mWARNING[0m -> [app/tickers/tickers_handler.py.tickers_handler.download_data.59]:                                    TICKER HANDLER Data is older than threshold: 1 days 01:44:08.304523
2025-05-03 21:44:08 [33mWARNING[0m -> [app/dataset/dataset_creator.py.dataset_creator.create_dataset.185]:                                  Ticker SPH has no data or not enough data for window size 1000.
2025-05-03 21:44:08 [31mERROR[0m -> [app/analysis/analysis.py.analysis.analyze.88]:                                                         ANALYZE => (scan) Dataset is None for ticker: SPH
2025-05-03 21:44:12 [33mWARNING[0m -> [app/tickers/tickers_handler.py.tickers_handler.download_data.59]:                                    TICKER HANDLER Data is older than threshold: 1 days 01:44:12.491603
2025-05-03 21:44:12 [33mWARNING[0m -> [app/dataset/dataset_creator.py.dataset_creator.create_dataset.185]:                                  Ticker EW has no data or not enough data for window size 1000.
2025-05-03 21:44:12 [31mERROR[0m -> [app/analysis/analysis.py.analysis.analyze.88]:                                                         ANALYZE => (scan) Dataset is None for ticker: EW
2025-05-03 21:44:20 [33mWARNING[0m -> [app/tickers/tickers_handler.py.tickers_handler.download_data.59]:                                    TICKER HANDLER Data is older than threshold: 0 days 22:44:20.350861
2025-05-03 21:44:20 [33mWARNING[0m -> [app/dataset/dataset_creator.py.dataset_creator.create_dataset.185]:                                  Ticker JOBY has no data or not enough data for window size 1000.
2025-05-03 21:44:20 [31mERROR[0m -> [app/analysis/analysis.py.analysis.analyze.88]:                                                         ANALYZE => (scan) Dataset is None for ticker: JOBY
2025-05-03 21:44:25 [33mWARNING[0m -> [app/tickers/tickers_handler.py.tickers_handler.download_data.59]:                                    TICKER HANDLER Data is older than threshold: 0 days 22:44:25.160895
2025-05-03 21:44:25 [33mWARNING[0m -> [app/dataset/dataset_creator.py.dataset_creator.create_dataset.185]:                                  Ticker AMC has no data or not enough data for window size 1000.
2025-05-03 21:44:25 [31mERROR[0m -> [app/analysis/analysis.py.analysis.analyze.88]:                                                         ANALYZE => (scan) Dataset is None for ticker: AMC
2025-05-03 21:44:28 [33mWARNING[0m -> [app/tickers/tickers_handler.py.tickers_handler.download_data.59]:                                    TICKER HANDLER Data is older than threshold: 1 days 01:44:28.927598
2025-05-03 21:44:28 [33mWARNING[0m -> [app/dataset/dataset_creator.py.dataset_creator.create_dataset.185]:                                  Ticker PRO has no data or not enough data for window size 1000.
2025-05-03 21:44:28 [31mERROR[0m -> [app/analysis/analysis.py.analysis.analyze.88]:                                                         ANALYZE => (scan) Dataset is None for ticker: PRO
2025-05-03 21:44:29 [33mWARNING[0m -> [app/tickers/tickers_handler.py.tickers_handler.download_data.59]:                                    TICKER HANDLER Data is older than threshold: 1 days 01:44:29.578608
2025-05-03 21:44:29 [33mWARNING[0m -> [app/dataset/dataset_creator.py.dataset_creator.create_dataset.185]:                                  Ticker HPK has no data or not enough data for window size 1000.
2025-05-03 21:44:29 [31mERROR[0m -> [app/analysis/analysis.py.analysis.analyze.88]:                                                         ANALYZE => (scan) Dataset is None for ticker: HPK
2025-05-03 21:44:33 [33mWARNING[0m -> [app/tickers/tickers_handler.py.tickers_handler.download_data.59]:                                    TICKER HANDLER Data is older than threshold: 1 days 01:44:33.523672
2025-05-03 21:44:33 [33mWARNING[0m -> [app/dataset/dataset_creator.py.dataset_creator.create_dataset.185]:                                  Ticker OPRA has no data or not enough data for window size 1000.
2025-05-03 21:44:33 [31mERROR[0m -> [app/analysis/analysis.py.analysis.analyze.88]:                                                         ANALYZE => (scan) Dataset is None for ticker: OPRA
2025-05-03 21:44:37 [33mWARNING[0m -> [app/tickers/tickers_handler.py.tickers_handler.download_data.59]:                                    TICKER HANDLER Data is older than threshold: 1 days 01:44:37.532337
2025-05-03 21:44:37 [33mWARNING[0m -> [app/dataset/dataset_creator.py.dataset_creator.create_dataset.185]:                                  Ticker CERS has no data or not enough data for window size 1000.
2025-05-03 21:44:37 [31mERROR[0m -> [app/analysis/analysis.py.analysis.analyze.88]:                                                         ANALYZE => (scan) Dataset is None for ticker: CERS
2025-05-03 21:44:41 [33mWARNING[0m -> [app/tickers/tickers_handler.py.tickers_handler.download_data.59]:                                    TICKER HANDLER Data is older than threshold: 1 days 01:44:41.541741
2025-05-03 21:44:41 [33mWARNING[0m -> [app/dataset/dataset_creator.py.dataset_creator.create_dataset.185]:                                  Ticker PSA has no data or not enough data for window size 1000.
2025-05-03 21:44:41 [31mERROR[0m -> [app/analysis/analysis.py.analysis.analyze.88]:                                                         ANALYZE => (scan) Dataset is None for ticker: PSA
2025-05-03 21:44:45 [33mWARNING[0m -> [app/tickers/tickers_handler.py.tickers_handler.download_data.59]:                                    TICKER HANDLER Data is older than threshold: 0 days 23:44:45.686138
2025-05-03 21:44:45 [33mWARNING[0m -> [app/dataset/dataset_creator.py.dataset_creator.create_dataset.185]:                                  Ticker MGM has no data or not enough data for window size 1000.
2025-05-03 21:44:45 [31mERROR[0m -> [app/analysis/analysis.py.analysis.analyze.88]:                                                         ANALYZE => (scan) Dataset is None for ticker: MGM
2025-05-03 21:44:47 [92mINFO[0m -> [app/alpaca/alpaca_handler.py.alpaca_handler.get_positions.263]:                                         ALPACA =>Fetching positions.
2025-05-03 21:44:47 [92mINFO[0m -> [app/trader/trader.py.trader.monitor_positions.153]:                                                     TRADER => BLDP drawdown = -1.57% (vs high 1.27)
2025-05-03 21:44:49 [33mWARNING[0m -> [app/tickers/tickers_handler.py.tickers_handler.download_data.59]:                                    TICKER HANDLER Data is older than threshold: 1 days 01:44:49.789269
2025-05-03 21:44:49 [33mWARNING[0m -> [app/dataset/dataset_creator.py.dataset_creator.create_dataset.185]:                                  Ticker CP has no data or not enough data for window size 1000.
2025-05-03 21:44:49 [31mERROR[0m -> [app/analysis/analysis.py.analysis.analyze.88]:                                                         ANALYZE => (scan) Dataset is None for ticker: CP
2025-05-03 21:44:53 [33mWARNING[0m -> [app/tickers/tickers_handler.py.tickers_handler.download_data.59]:                                    TICKER HANDLER Data is older than threshold: 1 days 01:44:53.787498
2025-05-03 21:44:53 [33mWARNING[0m -> [app/dataset/dataset_creator.py.dataset_creator.create_dataset.185]:                                  Ticker MBC has no data or not enough data for window size 1000.
2025-05-03 21:44:53 [31mERROR[0m -> [app/analysis/analysis.py.analysis.analyze.88]:                                                         ANALYZE => (scan) Dataset is None for ticker: MBC
2025-05-03 21:44:57 [33mWARNING[0m -> [app/tickers/tickers_handler.py.tickers_handler.download_data.59]:                                    TICKER HANDLER Data is older than threshold: 1 days 01:44:56.999972
2025-05-03 21:44:57 [33mWARNING[0m -> [app/dataset/dataset_creator.py.dataset_creator.create_dataset.185]:                                  Ticker MFH has no data or not enough data for window size 1000.
2025-05-03 21:44:57 [31mERROR[0m -> [app/analysis/analysis.py.analysis.analyze.88]:                                                         ANALYZE => (scan) Dataset is None for ticker: MFH
2025-05-03 21:44:57 [33mWARNING[0m -> [app/tickers/tickers_handler.py.tickers_handler.download_data.59]:                                    TICKER HANDLER Data is older than threshold: 0 days 22:44:57.302326
2025-05-03 21:44:57 [33mWARNING[0m -> [app/dataset/dataset_creator.py.dataset_creator.create_dataset.185]:                                  Ticker BLDP has no data or not enough data for window size 1000.
2025-05-03 21:44:57 [31mERROR[0m -> [app/analysis/analysis.py.analysis.analyze.88]:                                                         ANALYZE => (monitor) Dataset is None for ticker: BLDP
2025-05-03 21:44:57 [92mINFO[0m -> [app/trader/trader.py.trader.monitor_positions.153]:                                                     TRADER => CTOS drawdown = 0.00% (vs high 4.10)
2025-05-03 21:45:00 [33mWARNING[0m -> [app/tickers/tickers_handler.py.tickers_handler.download_data.59]:                                    TICKER HANDLER Data is older than threshold: 1 days 01:45:00.602683
2025-05-03 21:45:00 [33mWARNING[0m -> [app/dataset/dataset_creator.py.dataset_creator.create_dataset.185]:                                  Ticker NBHC has no data or not enough data for window size 1000.
2025-05-03 21:45:00 [31mERROR[0m -> [app/analysis/analysis.py.analysis.analyze.88]:                                                         ANALYZE => (scan) Dataset is None for ticker: NBHC
2025-05-03 21:45:04 [33mWARNING[0m -> [app/tickers/tickers_handler.py.tickers_handler.download_data.59]:                                    TICKER HANDLER Data is older than threshold: 1 days 01:45:04.224499
2025-05-03 21:45:04 [33mWARNING[0m -> [app/dataset/dataset_creator.py.dataset_creator.create_dataset.185]:                                  Ticker CTOS has no data or not enough data for window size 1000.
2025-05-03 21:45:04 [31mERROR[0m -> [app/analysis/analysis.py.analysis.analyze.88]:                                                         ANALYZE => (monitor) Dataset is None for ticker: CTOS
2025-05-03 21:45:04 [92mINFO[0m -> [app/trader/trader.py.trader.monitor_positions.153]:                                                     TRADER => EGY drawdown = -0.29% (vs high 3.39)
2025-05-03 21:45:07 [33mWARNING[0m -> [app/tickers/tickers_handler.py.tickers_handler.download_data.59]:                                    TICKER HANDLER Data is older than threshold: 1 days 01:45:07.758809
2025-05-03 21:45:07 [33mWARNING[0m -> [app/dataset/dataset_creator.py.dataset_creator.create_dataset.185]:                                  Ticker VLTO has no data or not enough data for window size 1000.
2025-05-03 21:45:07 [31mERROR[0m -> [app/analysis/analysis.py.analysis.analyze.88]:                                                         ANALYZE => (scan) Dataset is None for ticker: VLTO
2025-05-03 21:45:11 [33mWARNING[0m -> [app/tickers/tickers_handler.py.tickers_handler.download_data.59]:                                    TICKER HANDLER Data is older than threshold: 1 days 01:45:11.547291
2025-05-03 21:45:11 [33mWARNING[0m -> [app/dataset/dataset_creator.py.dataset_creator.create_dataset.185]:                                  Ticker EGY has no data or not enough data for window size 1000.
2025-05-03 21:45:11 [31mERROR[0m -> [app/analysis/analysis.py.analysis.analyze.88]:                                                         ANALYZE => (monitor) Dataset is None for ticker: EGY
2025-05-03 21:45:11 [92mINFO[0m -> [app/trader/trader.py.trader.monitor_positions.153]:                                                     TRADER => HROW drawdown = -0.40% (vs high 25.94)
2025-05-03 21:45:15 [33mWARNING[0m -> [app/tickers/tickers_handler.py.tickers_handler.download_data.59]:                                    TICKER HANDLER Data is older than threshold: 0 days 22:45:15.307584
2025-05-03 21:45:15 [33mWARNING[0m -> [app/dataset/dataset_creator.py.dataset_creator.create_dataset.185]:                                  Ticker KHC has no data or not enough data for window size 1000.
2025-05-03 21:45:15 [31mERROR[0m -> [app/analysis/analysis.py.analysis.analyze.88]:                                                         ANALYZE => (scan) Dataset is None for ticker: KHC
2025-05-03 21:45:18 [33mWARNING[0m -> [app/tickers/tickers_handler.py.tickers_handler.download_data.59]:                                    TICKER HANDLER Data is older than threshold: 1 days 00:45:18.418163
2025-05-03 21:45:18 [33mWARNING[0m -> [app/dataset/dataset_creator.py.dataset_creator.create_dataset.185]:                                  Ticker HROW has no data or not enough data for window size 1000.
2025-05-03 21:45:18 [31mERROR[0m -> [app/analysis/analysis.py.analysis.analyze.88]:                                                         ANALYZE => (monitor) Dataset is None for ticker: HROW
2025-05-03 21:45:19 [33mWARNING[0m -> [app/tickers/tickers_handler.py.tickers_handler.download_data.59]:                                    TICKER HANDLER Data is older than threshold: 1 days 01:45:19.341450
2025-05-03 21:45:19 [33mWARNING[0m -> [app/dataset/dataset_creator.py.dataset_creator.create_dataset.185]:                                  Ticker BYD has no data or not enough data for window size 1000.
2025-05-03 21:45:19 [31mERROR[0m -> [app/analysis/analysis.py.analysis.analyze.88]:                                                         ANALYZE => (scan) Dataset is None for ticker: BYD
2025-05-03 21:45:23 [33mWARNING[0m -> [app/tickers/tickers_handler.py.tickers_handler.download_data.59]:                                    TICKER HANDLER Data is older than threshold: 1 days 01:45:23.735654
2025-05-03 21:45:23 [33mWARNING[0m -> [app/dataset/dataset_creator.py.dataset_creator.create_dataset.185]:                                  Ticker PGR has no data or not enough data for window size 1000.
2025-05-03 21:45:23 [31mERROR[0m -> [app/analysis/analysis.py.analysis.analyze.88]:                                                         ANALYZE => (scan) Dataset is None for ticker: PGR
2025-05-03 21:45:27 [33mWARNING[0m -> [app/tickers/tickers_handler.py.tickers_handler.download_data.59]:                                    TICKER HANDLER Data is older than threshold: 1 days 01:45:27.075402
2025-05-03 21:45:27 [33mWARNING[0m -> [app/dataset/dataset_creator.py.dataset_creator.create_dataset.185]:                                  Ticker BBSI has no data or not enough data for window size 1000.
2025-05-03 21:45:27 [31mERROR[0m -> [app/analysis/analysis.py.analysis.analyze.88]:                                                         ANALYZE => (scan) Dataset is None for ticker: BBSI
2025-05-03 21:45:27 [33mWARNING[0m -> [app/tickers/tickers_handler.py.tickers_handler.download_data.59]:                                    TICKER HANDLER Data is older than threshold: 1 days 01:45:27.684284
2025-05-03 21:45:27 [33mWARNING[0m -> [app/dataset/dataset_creator.py.dataset_creator.create_dataset.185]:                                  Ticker ELP has no data or not enough data for window size 1000.
2025-05-03 21:45:27 [31mERROR[0m -> [app/analysis/analysis.py.analysis.analyze.88]:                                                         ANALYZE => (scan) Dataset is None for ticker: ELP
2025-05-03 21:45:31 [33mWARNING[0m -> [app/tickers/tickers_handler.py.tickers_handler.download_data.59]:                                    TICKER HANDLER Data is older than threshold: 1 days 01:45:31.785519
2025-05-03 21:45:31 [33mWARNING[0m -> [app/dataset/dataset_creator.py.dataset_creator.create_dataset.185]:                                  Ticker TXT has no data or not enough data for window size 1000.
2025-05-03 21:45:31 [31mERROR[0m -> [app/analysis/analysis.py.analysis.analyze.88]:                                                         ANALYZE => (scan) Dataset is None for ticker: TXT
2025-05-03 21:45:36 [33mWARNING[0m -> [app/tickers/tickers_handler.py.tickers_handler.download_data.59]:                                    TICKER HANDLER Data is older than threshold: 1 days 01:45:36.028973
2025-05-03 21:45:36 [33mWARNING[0m -> [app/dataset/dataset_creator.py.dataset_creator.create_dataset.185]:                                  Ticker XEL has no data or not enough data for window size 1000.
2025-05-03 21:45:36 [31mERROR[0m -> [app/analysis/analysis.py.analysis.analyze.88]:                                                         ANALYZE => (scan) Dataset is None for ticker: XEL
2025-05-03 21:45:40 [33mWARNING[0m -> [app/tickers/tickers_handler.py.tickers_handler.download_data.59]:                                    TICKER HANDLER Data is older than threshold: 1 days 01:45:40.023671
2025-05-03 21:45:40 [33mWARNING[0m -> [app/dataset/dataset_creator.py.dataset_creator.create_dataset.185]:                                  Ticker VERX has no data or not enough data for window size 1000.
2025-05-03 21:45:40 [31mERROR[0m -> [app/analysis/analysis.py.analysis.analyze.88]:                                                         ANALYZE => (scan) Dataset is None for ticker: VERX
2025-05-03 21:45:40 [33mWARNING[0m -> [app/tickers/tickers_handler.py.tickers_handler.download_data.59]:                                    TICKER HANDLER Data is older than threshold: 0 days 23:45:40.735108
2025-05-03 21:45:40 [33mWARNING[0m -> [app/dataset/dataset_creator.py.dataset_creator.create_dataset.185]:                                  Ticker ENIC has no data or not enough data for window size 1000.
2025-05-03 21:45:40 [31mERROR[0m -> [app/analysis/analysis.py.analysis.analyze.88]:                                                         ANALYZE => (scan) Dataset is None for ticker: ENIC
2025-05-03 21:45:44 [33mWARNING[0m -> [app/tickers/tickers_handler.py.tickers_handler.download_data.59]:                                    TICKER HANDLER Data is older than threshold: 1 days 01:45:44.439874
2025-05-03 21:45:44 [33mWARNING[0m -> [app/dataset/dataset_creator.py.dataset_creator.create_dataset.185]:                                  Ticker SFBS has no data or not enough data for window size 1000.
2025-05-03 21:45:44 [31mERROR[0m -> [app/analysis/analysis.py.analysis.analyze.88]:                                                         ANALYZE => (scan) Dataset is None for ticker: SFBS
2025-05-03 21:45:45 [33mWARNING[0m -> [app/tickers/tickers_handler.py.tickers_handler.download_data.59]:                                    TICKER HANDLER Data is older than threshold: 1 days 01:45:45.368729
2025-05-03 21:45:45 [33mWARNING[0m -> [app/dataset/dataset_creator.py.dataset_creator.create_dataset.185]:                                  Ticker SKY has no data or not enough data for window size 1000.
2025-05-03 21:45:45 [31mERROR[0m -> [app/analysis/analysis.py.analysis.analyze.88]:                                                         ANALYZE => (scan) Dataset is None for ticker: SKY
2025-05-03 21:45:49 [33mWARNING[0m -> [app/tickers/tickers_handler.py.tickers_handler.download_data.59]:                                    TICKER HANDLER Data is older than threshold: 0 days 22:45:49.721352
2025-05-03 21:45:49 [33mWARNING[0m -> [app/dataset/dataset_creator.py.dataset_creator.create_dataset.185]:                                  Ticker IOT has no data or not enough data for window size 1000.
2025-05-03 21:45:49 [31mERROR[0m -> [app/analysis/analysis.py.analysis.analyze.88]:                                                         ANALYZE => (scan) Dataset is None for ticker: IOT
2025-05-03 21:45:53 [33mWARNING[0m -> [app/tickers/tickers_handler.py.tickers_handler.download_data.59]:                                    TICKER HANDLER Data is older than threshold: 1 days 01:45:53.948746
2025-05-03 21:45:53 [33mWARNING[0m -> [app/dataset/dataset_creator.py.dataset_creator.create_dataset.185]:                                  Ticker REVG has no data or not enough data for window size 1000.
2025-05-03 21:45:53 [31mERROR[0m -> [app/analysis/analysis.py.analysis.analyze.88]:                                                         ANALYZE => (scan) Dataset is None for ticker: REVG
2025-05-03 21:45:57 [33mWARNING[0m -> [app/tickers/tickers_handler.py.tickers_handler.download_data.59]:                                    TICKER HANDLER Data is older than threshold: 0 days 23:45:57.934653
2025-05-03 21:45:57 [33mWARNING[0m -> [app/dataset/dataset_creator.py.dataset_creator.create_dataset.185]:                                  Ticker TSEM has no data or not enough data for window size 1000.
2025-05-03 21:45:57 [31mERROR[0m -> [app/analysis/analysis.py.analysis.analyze.88]:                                                         ANALYZE => (scan) Dataset is None for ticker: TSEM
2025-05-03 21:45:58 [33mWARNING[0m -> [app/tickers/tickers_handler.py.tickers_handler.download_data.59]:                                    TICKER HANDLER Data is older than threshold: 1 days 01:45:58.150439
2025-05-03 21:45:58 [33mWARNING[0m -> [app/dataset/dataset_creator.py.dataset_creator.create_dataset.185]:                                  Ticker CRVL has no data or not enough data for window size 1000.
2025-05-03 21:45:58 [31mERROR[0m -> [app/analysis/analysis.py.analysis.analyze.88]:                                                         ANALYZE => (scan) Dataset is None for ticker: CRVL
2025-05-03 21:45:58 [33mWARNING[0m -> [app/tickers/tickers_handler.py.tickers_handler.download_data.59]:                                    TICKER HANDLER Data is older than threshold: 15 days 23:45:58.941416
2025-05-03 21:45:58 [33mWARNING[0m -> [app/dataset/dataset_creator.py.dataset_creator.create_dataset.185]:                                  Ticker FNA has no data or not enough data for window size 1000.
2025-05-03 21:45:58 [31mERROR[0m -> [app/analysis/analysis.py.analysis.analyze.88]:                                                         ANALYZE => (scan) Dataset is None for ticker: FNA
2025-05-03 21:46:02 [33mWARNING[0m -> [app/tickers/tickers_handler.py.tickers_handler.download_data.59]:                                    TICKER HANDLER Data is older than threshold: 0 days 23:46:02.517731
2025-05-03 21:46:02 [33mWARNING[0m -> [app/dataset/dataset_creator.py.dataset_creator.create_dataset.185]:                                  Ticker LB has no data or not enough data for window size 1000.
2025-05-03 21:46:02 [31mERROR[0m -> [app/analysis/analysis.py.analysis.analyze.88]:                                                         ANALYZE => (scan) Dataset is None for ticker: LB
2025-05-03 21:46:02 [33mWARNING[0m -> [app/tickers/tickers_handler.py.tickers_handler.download_data.59]:                                    TICKER HANDLER Data is older than threshold: 1 days 01:46:02.771547
2025-05-03 21:46:02 [33mWARNING[0m -> [app/dataset/dataset_creator.py.dataset_creator.create_dataset.185]:                                  Ticker SMC has no data or not enough data for window size 1000.
2025-05-03 21:46:02 [31mERROR[0m -> [app/analysis/analysis.py.analysis.analyze.88]:                                                         ANALYZE => (scan) Dataset is None for ticker: SMC
2025-05-03 21:46:06 [33mWARNING[0m -> [app/tickers/tickers_handler.py.tickers_handler.download_data.59]:                                    TICKER HANDLER Data is older than threshold: 1 days 01:46:06.845481
2025-05-03 21:46:06 [33mWARNING[0m -> [app/dataset/dataset_creator.py.dataset_creator.create_dataset.185]:                                  Ticker DVAX has no data or not enough data for window size 1000.
2025-05-03 21:46:06 [31mERROR[0m -> [app/analysis/analysis.py.analysis.analyze.88]:                                                         ANALYZE => (scan) Dataset is None for ticker: DVAX
2025-05-03 21:46:11 [33mWARNING[0m -> [app/tickers/tickers_handler.py.tickers_handler.download_data.59]:                                    TICKER HANDLER Data is older than threshold: 1 days 01:46:11.127785
2025-05-03 21:46:11 [33mWARNING[0m -> [app/dataset/dataset_creator.py.dataset_creator.create_dataset.185]:                                  Ticker PNC has no data or not enough data for window size 1000.
2025-05-03 21:46:11 [31mERROR[0m -> [app/analysis/analysis.py.analysis.analyze.88]:                                                         ANALYZE => (scan) Dataset is None for ticker: PNC
2025-05-03 21:46:15 [33mWARNING[0m -> [app/tickers/tickers_handler.py.tickers_handler.download_data.59]:                                    TICKER HANDLER Data is older than threshold: 0 days 22:46:15.976022
2025-05-03 21:46:15 [33mWARNING[0m -> [app/dataset/dataset_creator.py.dataset_creator.create_dataset.185]:                                  Ticker NVO has no data or not enough data for window size 1000.
2025-05-03 21:46:15 [31mERROR[0m -> [app/analysis/analysis.py.analysis.analyze.88]:                                                         ANALYZE => (scan) Dataset is None for ticker: NVO
2025-05-03 21:46:18 [92mINFO[0m -> [app/alpaca/alpaca_handler.py.alpaca_handler.get_positions.263]:                                         ALPACA =>Fetching positions.
2025-05-03 21:46:18 [92mINFO[0m -> [app/trader/trader.py.trader.monitor_positions.153]:                                                     TRADER => BLDP drawdown = -1.57% (vs high 1.27)
2025-05-03 21:46:20 [33mWARNING[0m -> [app/tickers/tickers_handler.py.tickers_handler.download_data.59]:                                    TICKER HANDLER Data is older than threshold: 1 days 01:46:20.130662
2025-05-03 21:46:20 [33mWARNING[0m -> [app/dataset/dataset_creator.py.dataset_creator.create_dataset.185]:                                  Ticker WWW has no data or not enough data for window size 1000.
2025-05-03 21:46:20 [31mERROR[0m -> [app/analysis/analysis.py.analysis.analyze.88]:                                                         ANALYZE => (scan) Dataset is None for ticker: WWW
2025-05-03 21:46:23 [33mWARNING[0m -> [app/tickers/tickers_handler.py.tickers_handler.download_data.59]:                                    TICKER HANDLER Data is older than threshold: 1 days 01:46:23.958351
2025-05-03 21:46:23 [33mWARNING[0m -> [app/dataset/dataset_creator.py.dataset_creator.create_dataset.185]:                                  Ticker KRP has no data or not enough data for window size 1000.
2025-05-03 21:46:23 [31mERROR[0m -> [app/analysis/analysis.py.analysis.analyze.88]:                                                         ANALYZE => (scan) Dataset is None for ticker: KRP
2025-05-03 21:46:30 [33mWARNING[0m -> [app/tickers/tickers_handler.py.tickers_handler.download_data.59]:                                    TICKER HANDLER Data is older than threshold: 0 days 22:46:30.629760
2025-05-03 21:46:30 [33mWARNING[0m -> [app/dataset/dataset_creator.py.dataset_creator.create_dataset.185]:                                  Ticker BLDP has no data or not enough data for window size 1000.
2025-05-03 21:46:30 [31mERROR[0m -> [app/analysis/analysis.py.analysis.analyze.88]:                                                         ANALYZE => (monitor) Dataset is None for ticker: BLDP
2025-05-03 21:46:30 [92mINFO[0m -> [app/trader/trader.py.trader.monitor_positions.153]:                                                     TRADER => CTOS drawdown = 0.00% (vs high 4.10)
2025-05-03 21:46:34 [33mWARNING[0m -> [app/tickers/tickers_handler.py.tickers_handler.download_data.59]:                                    TICKER HANDLER Data is older than threshold: 0 days 22:46:34.398361
2025-05-03 21:46:34 [33mWARNING[0m -> [app/dataset/dataset_creator.py.dataset_creator.create_dataset.185]:                                  Ticker CRM has no data or not enough data for window size 1000.
2025-05-03 21:46:34 [31mERROR[0m -> [app/analysis/analysis.py.analysis.analyze.88]:                                                         ANALYZE => (scan) Dataset is None for ticker: CRM
2025-05-03 21:46:34 [33mWARNING[0m -> [app/tickers/tickers_handler.py.tickers_handler.download_data.59]:                                    TICKER HANDLER Data is older than threshold: 1 days 01:46:34.531615
2025-05-03 21:46:34 [33mWARNING[0m -> [app/dataset/dataset_creator.py.dataset_creator.create_dataset.185]:                                  Ticker CTOS has no data or not enough data for window size 1000.
2025-05-03 21:46:34 [31mERROR[0m -> [app/analysis/analysis.py.analysis.analyze.88]:                                                         ANALYZE => (monitor) Dataset is None for ticker: CTOS
2025-05-03 21:46:34 [92mINFO[0m -> [app/trader/trader.py.trader.monitor_positions.153]:                                                     TRADER => EGY drawdown = -0.29% (vs high 3.39)
2025-05-03 21:46:41 [33mWARNING[0m -> [app/tickers/tickers_handler.py.tickers_handler.download_data.59]:                                    TICKER HANDLER Data is older than threshold: 0 days 22:46:41.741361
2025-05-03 21:46:41 [33mWARNING[0m -> [app/dataset/dataset_creator.py.dataset_creator.create_dataset.185]:                                  Ticker TCOM has no data or not enough data for window size 1000.
2025-05-03 21:46:41 [31mERROR[0m -> [app/analysis/analysis.py.analysis.analyze.88]:                                                         ANALYZE => (scan) Dataset is None for ticker: TCOM
2025-05-03 21:46:44 [33mWARNING[0m -> [app/tickers/tickers_handler.py.tickers_handler.download_data.59]:                                    TICKER HANDLER Data is older than threshold: 1 days 01:46:44.966625
2025-05-03 21:46:44 [33mWARNING[0m -> [app/dataset/dataset_creator.py.dataset_creator.create_dataset.185]:                                  Ticker EGY has no data or not enough data for window size 1000.
2025-05-03 21:46:44 [31mERROR[0m -> [app/analysis/analysis.py.analysis.analyze.88]:                                                         ANALYZE => (monitor) Dataset is None for ticker: EGY
2025-05-03 21:46:44 [92mINFO[0m -> [app/trader/trader.py.trader.monitor_positions.153]:                                                     TRADER => HROW drawdown = -0.40% (vs high 25.94)
2025-05-03 21:46:48 [33mWARNING[0m -> [app/tickers/tickers_handler.py.tickers_handler.download_data.59]:                                    TICKER HANDLER Data is older than threshold: 1 days 01:46:48.727148
2025-05-03 21:46:48 [33mWARNING[0m -> [app/dataset/dataset_creator.py.dataset_creator.create_dataset.185]:                                  Ticker AGRO has no data or not enough data for window size 1000.
2025-05-03 21:46:48 [31mERROR[0m -> [app/analysis/analysis.py.analysis.analyze.88]:                                                         ANALYZE => (scan) Dataset is None for ticker: AGRO
2025-05-03 21:46:48 [33mWARNING[0m -> [app/tickers/tickers_handler.py.tickers_handler.download_data.59]:                                    TICKER HANDLER Data is older than threshold: 1 days 00:46:48.823337
2025-05-03 21:46:48 [33mWARNING[0m -> [app/dataset/dataset_creator.py.dataset_creator.create_dataset.185]:                                  Ticker HROW has no data or not enough data for window size 1000.
2025-05-03 21:46:48 [31mERROR[0m -> [app/analysis/analysis.py.analysis.analyze.88]:                                                         ANALYZE => (monitor) Dataset is None for ticker: HROW
2025-05-03 21:46:53 [33mWARNING[0m -> [app/tickers/tickers_handler.py.tickers_handler.download_data.59]:                                    TICKER HANDLER Data is older than threshold: 0 days 22:46:53.195276
2025-05-03 21:46:53 [33mWARNING[0m -> [app/dataset/dataset_creator.py.dataset_creator.create_dataset.185]:                                  Ticker ZM has no data or not enough data for window size 1000.
2025-05-03 21:46:53 [31mERROR[0m -> [app/analysis/analysis.py.analysis.analyze.88]:                                                         ANALYZE => (scan) Dataset is None for ticker: ZM
2025-05-03 21:46:53 [33mWARNING[0m -> [app/tickers/tickers_handler.py.tickers_handler.download_data.59]:                                    TICKER HANDLER Data is older than threshold: 1 days 01:46:53.485330
2025-05-03 21:46:53 [33mWARNING[0m -> [app/dataset/dataset_creator.py.dataset_creator.create_dataset.185]:                                  Ticker FCNCA has no data or not enough data for window size 1000.
2025-05-03 21:46:53 [31mERROR[0m -> [app/analysis/analysis.py.analysis.analyze.88]:                                                         ANALYZE => (scan) Dataset is None for ticker: FCNCA
2025-05-03 21:46:53 [33mWARNING[0m -> [app/tickers/tickers_handler.py.tickers_handler.download_data.59]:                                    TICKER HANDLER Data is older than threshold: 1 days 04:46:53.572303
2025-05-03 21:46:53 [33mWARNING[0m -> [app/dataset/dataset_creator.py.dataset_creator.create_dataset.185]:                                  Ticker GTN.A has no data or not enough data for window size 1000.
2025-05-03 21:46:53 [31mERROR[0m -> [app/analysis/analysis.py.analysis.analyze.88]:                                                         ANALYZE => (scan) Dataset is None for ticker: GTN.A
2025-05-03 21:46:56 [33mWARNING[0m -> [app/tickers/tickers_handler.py.tickers_handler.download_data.59]:                                    TICKER HANDLER Data is older than threshold: 1 days 01:46:56.825358
2025-05-03 21:46:56 [33mWARNING[0m -> [app/dataset/dataset_creator.py.dataset_creator.create_dataset.185]:                                  Ticker GFR has no data or not enough data for window size 1000.
2025-05-03 21:46:56 [31mERROR[0m -> [app/analysis/analysis.py.analysis.analyze.88]:                                                         ANALYZE => (scan) Dataset is None for ticker: GFR
2025-05-03 21:46:57 [33mWARNING[0m -> [app/tickers/tickers_handler.py.tickers_handler.download_data.59]:                                    TICKER HANDLER Data is older than threshold: 1 days 01:46:57.504818
2025-05-03 21:46:57 [33mWARNING[0m -> [app/dataset/dataset_creator.py.dataset_creator.create_dataset.185]:                                  Ticker MSGE has no data or not enough data for window size 1000.
2025-05-03 21:46:57 [31mERROR[0m -> [app/analysis/analysis.py.analysis.analyze.88]:                                                         ANALYZE => (scan) Dataset is None for ticker: MSGE
2025-05-03 21:47:01 [33mWARNING[0m -> [app/tickers/tickers_handler.py.tickers_handler.download_data.59]:                                    TICKER HANDLER Data is older than threshold: 1 days 01:47:01.321590
2025-05-03 21:47:01 [33mWARNING[0m -> [app/dataset/dataset_creator.py.dataset_creator.create_dataset.185]:                                  Ticker SITE has no data or not enough data for window size 1000.
2025-05-03 21:47:01 [31mERROR[0m -> [app/analysis/analysis.py.analysis.analyze.88]:                                                         ANALYZE => (scan) Dataset is None for ticker: SITE
2025-05-03 21:47:02 [33mWARNING[0m -> [app/tickers/tickers_handler.py.tickers_handler.download_data.59]:                                    TICKER HANDLER Data is older than threshold: 1 days 01:47:02.326555
2025-05-03 21:47:02 [33mWARNING[0m -> [app/dataset/dataset_creator.py.dataset_creator.create_dataset.185]:                                  Ticker KLAC has no data or not enough data for window size 1000.
2025-05-03 21:47:02 [31mERROR[0m -> [app/analysis/analysis.py.analysis.analyze.88]:                                                         ANALYZE => (scan) Dataset is None for ticker: KLAC
2025-05-03 21:47:06 [33mWARNING[0m -> [app/tickers/tickers_handler.py.tickers_handler.download_data.59]:                                    TICKER HANDLER Data is older than threshold: 1 days 01:47:06.540530
2025-05-03 21:47:06 [33mWARNING[0m -> [app/dataset/dataset_creator.py.dataset_creator.create_dataset.185]:                                  Ticker NWG has no data or not enough data for window size 1000.
2025-05-03 21:47:06 [31mERROR[0m -> [app/analysis/analysis.py.analysis.analyze.88]:                                                         ANALYZE => (scan) Dataset is None for ticker: NWG
2025-05-03 21:47:10 [33mWARNING[0m -> [app/tickers/tickers_handler.py.tickers_handler.download_data.59]:                                    TICKER HANDLER Data is older than threshold: 1 days 01:47:10.653526
2025-05-03 21:47:10 [33mWARNING[0m -> [app/dataset/dataset_creator.py.dataset_creator.create_dataset.185]:                                  Ticker FE has no data or not enough data for window size 1000.
2025-05-03 21:47:10 [31mERROR[0m -> [app/analysis/analysis.py.analysis.analyze.88]:                                                         ANALYZE => (scan) Dataset is None for ticker: FE
2025-05-03 21:47:14 [33mWARNING[0m -> [app/tickers/tickers_handler.py.tickers_handler.download_data.59]:                                    TICKER HANDLER Data is older than threshold: 1 days 01:47:14.399988
2025-05-03 21:47:14 [33mWARNING[0m -> [app/dataset/dataset_creator.py.dataset_creator.create_dataset.185]:                                  Ticker GIB has no data or not enough data for window size 1000.
2025-05-03 21:47:14 [31mERROR[0m -> [app/analysis/analysis.py.analysis.analyze.88]:                                                         ANALYZE => (scan) Dataset is None for ticker: GIB
2025-05-03 21:47:18 [33mWARNING[0m -> [app/tickers/tickers_handler.py.tickers_handler.download_data.59]:                                    TICKER HANDLER Data is older than threshold: 1 days 01:47:18.192825
2025-05-03 21:47:18 [33mWARNING[0m -> [app/dataset/dataset_creator.py.dataset_creator.create_dataset.185]:                                  Ticker MXCT has no data or not enough data for window size 1000.
2025-05-03 21:47:18 [31mERROR[0m -> [app/analysis/analysis.py.analysis.analyze.88]:                                                         ANALYZE => (scan) Dataset is None for ticker: MXCT
2025-05-03 21:47:18 [33mWARNING[0m -> [app/tickers/tickers_handler.py.tickers_handler.download_data.59]:                                    TICKER HANDLER Data is older than threshold: 1 days 01:47:18.386401
2025-05-03 21:47:18 [33mWARNING[0m -> [app/dataset/dataset_creator.py.dataset_creator.create_dataset.185]:                                  Ticker BSRR has no data or not enough data for window size 1000.
2025-05-03 21:47:18 [31mERROR[0m -> [app/analysis/analysis.py.analysis.analyze.88]:                                                         ANALYZE => (scan) Dataset is None for ticker: BSRR
2025-05-03 21:47:19 [33mWARNING[0m -> [app/tickers/tickers_handler.py.tickers_handler.download_data.59]:                                    TICKER HANDLER Data is older than threshold: 1 days 01:47:19.480413
2025-05-03 21:47:19 [33mWARNING[0m -> [app/dataset/dataset_creator.py.dataset_creator.create_dataset.185]:                                  Ticker LAZ has no data or not enough data for window size 1000.
2025-05-03 21:47:19 [31mERROR[0m -> [app/analysis/analysis.py.analysis.analyze.88]:                                                         ANALYZE => (scan) Dataset is None for ticker: LAZ
2025-05-03 21:47:23 [33mWARNING[0m -> [app/tickers/tickers_handler.py.tickers_handler.download_data.59]:                                    TICKER HANDLER Data is older than threshold: 1 days 01:47:23.443659
2025-05-03 21:47:23 [33mWARNING[0m -> [app/dataset/dataset_creator.py.dataset_creator.create_dataset.185]:                                  Ticker SLG has no data or not enough data for window size 1000.
2025-05-03 21:47:23 [31mERROR[0m -> [app/analysis/analysis.py.analysis.analyze.88]:                                                         ANALYZE => (scan) Dataset is None for ticker: SLG
2025-05-03 21:47:27 [33mWARNING[0m -> [app/tickers/tickers_handler.py.tickers_handler.download_data.59]:                                    TICKER HANDLER Data is older than threshold: 1 days 01:47:27.724272
2025-05-03 21:47:27 [33mWARNING[0m -> [app/dataset/dataset_creator.py.dataset_creator.create_dataset.185]:                                  Ticker D has no data or not enough data for window size 1000.
2025-05-03 21:47:27 [31mERROR[0m -> [app/analysis/analysis.py.analysis.analyze.88]:                                                         ANALYZE => (scan) Dataset is None for ticker: D
2025-05-03 21:47:31 [33mWARNING[0m -> [app/tickers/tickers_handler.py.tickers_handler.download_data.59]:                                    TICKER HANDLER Data is older than threshold: 1 days 01:47:31.615786
2025-05-03 21:47:31 [33mWARNING[0m -> [app/dataset/dataset_creator.py.dataset_creator.create_dataset.185]:                                  Ticker ATO has no data or not enough data for window size 1000.
2025-05-03 21:47:31 [31mERROR[0m -> [app/analysis/analysis.py.analysis.analyze.88]:                                                         ANALYZE => (scan) Dataset is None for ticker: ATO
2025-05-03 21:47:32 [33mWARNING[0m -> [app/tickers/tickers_handler.py.tickers_handler.download_data.59]:                                    TICKER HANDLER Data is older than threshold: 1 days 01:47:32.124903
2025-05-03 21:47:32 [33mWARNING[0m -> [app/dataset/dataset_creator.py.dataset_creator.create_dataset.185]:                                  Ticker ANDE has no data or not enough data for window size 1000.
2025-05-03 21:47:32 [31mERROR[0m -> [app/analysis/analysis.py.analysis.analyze.88]:                                                         ANALYZE => (scan) Dataset is None for ticker: ANDE
2025-05-03 21:47:40 [33mWARNING[0m -> [app/tickers/tickers_handler.py.tickers_handler.download_data.59]:                                    TICKER HANDLER Data is older than threshold: 0 days 22:47:40.043403
2025-05-03 21:47:40 [33mWARNING[0m -> [app/dataset/dataset_creator.py.dataset_creator.create_dataset.185]:                                  Ticker GOOG has no data or not enough data for window size 1000.
2025-05-03 21:47:40 [31mERROR[0m -> [app/analysis/analysis.py.analysis.analyze.88]:                                                         ANALYZE => (scan) Dataset is None for ticker: GOOG
2025-05-03 21:47:43 [33mWARNING[0m -> [app/tickers/tickers_handler.py.tickers_handler.download_data.59]:                                    TICKER HANDLER Data is older than threshold: 1 days 01:47:43.918549
2025-05-03 21:47:43 [33mWARNING[0m -> [app/dataset/dataset_creator.py.dataset_creator.create_dataset.185]:                                  Ticker PLAB has no data or not enough data for window size 1000.
2025-05-03 21:47:43 [31mERROR[0m -> [app/analysis/analysis.py.analysis.analyze.88]:                                                         ANALYZE => (scan) Dataset is None for ticker: PLAB
2025-05-03 21:47:48 [33mWARNING[0m -> [app/tickers/tickers_handler.py.tickers_handler.download_data.59]:                                    TICKER HANDLER Data is older than threshold: 1 days 01:47:48.192347
2025-05-03 21:47:48 [33mWARNING[0m -> [app/dataset/dataset_creator.py.dataset_creator.create_dataset.185]:                                  Ticker CROX has no data or not enough data for window size 1000.
2025-05-03 21:47:48 [31mERROR[0m -> [app/analysis/analysis.py.analysis.analyze.88]:                                                         ANALYZE => (scan) Dataset is None for ticker: CROX
2025-05-03 21:47:48 [92mINFO[0m -> [app/alpaca/alpaca_handler.py.alpaca_handler.get_positions.263]:                                         ALPACA =>Fetching positions.
2025-05-03 21:47:48 [92mINFO[0m -> [app/trader/trader.py.trader.monitor_positions.153]:                                                     TRADER => BLDP drawdown = -1.57% (vs high 1.27)
2025-05-03 21:47:48 [33mWARNING[0m -> [app/tickers/tickers_handler.py.tickers_handler.download_data.59]:                                    TICKER HANDLER Data is older than threshold: 1 days 01:47:48.949032
2025-05-03 21:47:48 [33mWARNING[0m -> [app/dataset/dataset_creator.py.dataset_creator.create_dataset.185]:                                  Ticker KNF has no data or not enough data for window size 1000.
2025-05-03 21:47:48 [31mERROR[0m -> [app/analysis/analysis.py.analysis.analyze.88]:                                                         ANALYZE => (scan) Dataset is None for ticker: KNF
2025-05-03 21:47:56 [33mWARNING[0m -> [app/tickers/tickers_handler.py.tickers_handler.download_data.59]:                                    TICKER HANDLER Data is older than threshold: 0 days 22:47:56.269447
2025-05-03 21:47:56 [33mWARNING[0m -> [app/dataset/dataset_creator.py.dataset_creator.create_dataset.185]:                                  Ticker CMPS has no data or not enough data for window size 1000.
2025-05-03 21:47:56 [31mERROR[0m -> [app/analysis/analysis.py.analysis.analyze.88]:                                                         ANALYZE => (scan) Dataset is None for ticker: CMPS
2025-05-03 21:47:56 [33mWARNING[0m -> [app/tickers/tickers_handler.py.tickers_handler.download_data.59]:                                    TICKER HANDLER Data is older than threshold: 0 days 22:47:56.446314
2025-05-03 21:47:56 [33mWARNING[0m -> [app/dataset/dataset_creator.py.dataset_creator.create_dataset.185]:                                  Ticker BLDP has no data or not enough data for window size 1000.
2025-05-03 21:47:56 [31mERROR[0m -> [app/analysis/analysis.py.analysis.analyze.88]:                                                         ANALYZE => (monitor) Dataset is None for ticker: BLDP
2025-05-03 21:47:56 [92mINFO[0m -> [app/trader/trader.py.trader.monitor_positions.153]:                                                     TRADER => CTOS drawdown = 0.00% (vs high 4.10)
2025-05-03 21:48:03 [33mWARNING[0m -> [app/tickers/tickers_handler.py.tickers_handler.download_data.59]:                                    TICKER HANDLER Data is older than threshold: 1 days 01:48:03.285422
2025-05-03 21:48:03 [33mWARNING[0m -> [app/dataset/dataset_creator.py.dataset_creator.create_dataset.185]:                                  Ticker CTOS has no data or not enough data for window size 1000.
2025-05-03 21:48:03 [31mERROR[0m -> [app/analysis/analysis.py.analysis.analyze.88]:                                                         ANALYZE => (monitor) Dataset is None for ticker: CTOS
2025-05-03 21:48:03 [92mINFO[0m -> [app/trader/trader.py.trader.monitor_positions.153]:                                                     TRADER => EGY drawdown = -0.29% (vs high 3.39)
2025-05-03 21:48:06 [33mWARNING[0m -> [app/tickers/tickers_handler.py.tickers_handler.download_data.59]:                                    TICKER HANDLER Data is older than threshold: 0 days 22:48:06.701854
2025-05-03 21:48:06 [33mWARNING[0m -> [app/dataset/dataset_creator.py.dataset_creator.create_dataset.185]:                                  Ticker BMY has no data or not enough data for window size 1000.
2025-05-03 21:48:06 [31mERROR[0m -> [app/analysis/analysis.py.analysis.analyze.88]:                                                         ANALYZE => (scan) Dataset is None for ticker: BMY
2025-05-03 21:48:10 [33mWARNING[0m -> [app/tickers/tickers_handler.py.tickers_handler.download_data.59]:                                    TICKER HANDLER Data is older than threshold: 1 days 01:48:10.522199
2025-05-03 21:48:10 [33mWARNING[0m -> [app/dataset/dataset_creator.py.dataset_creator.create_dataset.185]:                                  Ticker EGY has no data or not enough data for window size 1000.
2025-05-03 21:48:10 [31mERROR[0m -> [app/analysis/analysis.py.analysis.analyze.88]:                                                         ANALYZE => (monitor) Dataset is None for ticker: EGY
2025-05-03 21:48:10 [92mINFO[0m -> [app/trader/trader.py.trader.monitor_positions.153]:                                                     TRADER => HROW drawdown = -0.40% (vs high 25.94)
2025-05-03 21:48:14 [33mWARNING[0m -> [app/tickers/tickers_handler.py.tickers_handler.download_data.59]:                                    TICKER HANDLER Data is older than threshold: 1 days 01:48:14.015928
2025-05-03 21:48:14 [33mWARNING[0m -> [app/dataset/dataset_creator.py.dataset_creator.create_dataset.185]:                                  Ticker FBIN has no data or not enough data for window size 1000.
2025-05-03 21:48:14 [31mERROR[0m -> [app/analysis/analysis.py.analysis.analyze.88]:                                                         ANALYZE => (scan) Dataset is None for ticker: FBIN
2025-05-03 21:48:14 [33mWARNING[0m -> [app/tickers/tickers_handler.py.tickers_handler.download_data.59]:                                    TICKER HANDLER Data is older than threshold: 1 days 00:48:14.250340
2025-05-03 21:48:14 [33mWARNING[0m -> [app/dataset/dataset_creator.py.dataset_creator.create_dataset.185]:                                  Ticker HROW has no data or not enough data for window size 1000.
2025-05-03 21:48:14 [31mERROR[0m -> [app/analysis/analysis.py.analysis.analyze.88]:                                                         ANALYZE => (monitor) Dataset is None for ticker: HROW
2025-05-03 21:48:18 [33mWARNING[0m -> [app/tickers/tickers_handler.py.tickers_handler.download_data.59]:                                    TICKER HANDLER Data is older than threshold: 1 days 01:48:18.136719
2025-05-03 21:48:18 [33mWARNING[0m -> [app/dataset/dataset_creator.py.dataset_creator.create_dataset.185]:                                  Ticker TRV has no data or not enough data for window size 1000.
2025-05-03 21:48:18 [31mERROR[0m -> [app/analysis/analysis.py.analysis.analyze.88]:                                                         ANALYZE => (scan) Dataset is None for ticker: TRV
2025-05-03 21:48:18 [33mWARNING[0m -> [app/tickers/tickers_handler.py.tickers_handler.download_data.59]:                                    TICKER HANDLER Data is older than threshold: 1 days 01:48:18.410315
2025-05-03 21:48:18 [33mWARNING[0m -> [app/dataset/dataset_creator.py.dataset_creator.create_dataset.185]:                                  Ticker KEN has no data or not enough data for window size 1000.
2025-05-03 21:48:18 [31mERROR[0m -> [app/analysis/analysis.py.analysis.analyze.88]:                                                         ANALYZE => (scan) Dataset is None for ticker: KEN
2025-05-03 21:48:22 [33mWARNING[0m -> [app/tickers/tickers_handler.py.tickers_handler.download_data.59]:                                    TICKER HANDLER Data is older than threshold: 1 days 01:48:22.399692
2025-05-03 21:48:22 [33mWARNING[0m -> [app/dataset/dataset_creator.py.dataset_creator.create_dataset.185]:                                  Ticker KN has no data or not enough data for window size 1000.
2025-05-03 21:48:22 [31mERROR[0m -> [app/analysis/analysis.py.analysis.analyze.88]:                                                         ANALYZE => (scan) Dataset is None for ticker: KN
2025-05-03 21:48:26 [33mWARNING[0m -> [app/tickers/tickers_handler.py.tickers_handler.download_data.59]:                                    TICKER HANDLER Data is older than threshold: 1 days 01:48:26.579642
2025-05-03 21:48:26 [33mWARNING[0m -> [app/dataset/dataset_creator.py.dataset_creator.create_dataset.185]:                                  Ticker DK has no data or not enough data for window size 1000.
2025-05-03 21:48:26 [31mERROR[0m -> [app/analysis/analysis.py.analysis.analyze.88]:                                                         ANALYZE => (scan) Dataset is None for ticker: DK
2025-05-03 21:48:30 [33mWARNING[0m -> [app/tickers/tickers_handler.py.tickers_handler.download_data.59]:                                    TICKER HANDLER Data is older than threshold: 1 days 01:48:30.785406
2025-05-03 21:48:30 [33mWARNING[0m -> [app/dataset/dataset_creator.py.dataset_creator.create_dataset.185]:                                  Ticker ASX has no data or not enough data for window size 1000.
2025-05-03 21:48:30 [31mERROR[0m -> [app/analysis/analysis.py.analysis.analyze.88]:                                                         ANALYZE => (scan) Dataset is None for ticker: ASX
2025-05-03 21:48:31 [33mWARNING[0m -> [app/tickers/tickers_handler.py.tickers_handler.download_data.59]:                                    TICKER HANDLER Data is older than threshold: 1 days 01:48:31.680828
2025-05-03 21:48:31 [33mWARNING[0m -> [app/dataset/dataset_creator.py.dataset_creator.create_dataset.185]:                                  Ticker PB has no data or not enough data for window size 1000.
2025-05-03 21:48:31 [31mERROR[0m -> [app/analysis/analysis.py.analysis.analyze.88]:                                                         ANALYZE => (scan) Dataset is None for ticker: PB
2025-05-03 21:48:35 [33mWARNING[0m -> [app/tickers/tickers_handler.py.tickers_handler.download_data.59]:                                    TICKER HANDLER Data is older than threshold: 1 days 01:48:35.634064
2025-05-03 21:48:35 [33mWARNING[0m -> [app/dataset/dataset_creator.py.dataset_creator.create_dataset.185]:                                  Ticker GKOS has no data or not enough data for window size 1000.
2025-05-03 21:48:35 [31mERROR[0m -> [app/analysis/analysis.py.analysis.analyze.88]:                                                         ANALYZE => (scan) Dataset is None for ticker: GKOS
2025-05-03 21:48:39 [33mWARNING[0m -> [app/tickers/tickers_handler.py.tickers_handler.download_data.59]:                                    TICKER HANDLER Data is older than threshold: 1 days 01:48:39.939021
2025-05-03 21:48:39 [33mWARNING[0m -> [app/dataset/dataset_creator.py.dataset_creator.create_dataset.185]:                                  Ticker WMB has no data or not enough data for window size 1000.
2025-05-03 21:48:39 [31mERROR[0m -> [app/analysis/analysis.py.analysis.analyze.88]:                                                         ANALYZE => (scan) Dataset is None for ticker: WMB
2025-05-03 21:48:40 [33mWARNING[0m -> [app/tickers/tickers_handler.py.tickers_handler.download_data.59]:                                    TICKER HANDLER Data is older than threshold: 1 days 01:48:40.331848
2025-05-03 21:48:40 [33mWARNING[0m -> [app/dataset/dataset_creator.py.dataset_creator.create_dataset.185]:                                  Ticker BIOX has no data or not enough data for window size 1000.
2025-05-03 21:48:40 [31mERROR[0m -> [app/analysis/analysis.py.analysis.analyze.88]:                                                         ANALYZE => (scan) Dataset is None for ticker: BIOX
2025-05-03 21:48:43 [33mWARNING[0m -> [app/tickers/tickers_handler.py.tickers_handler.download_data.59]:                                    TICKER HANDLER Data is older than threshold: 1 days 01:48:43.953394
2025-05-03 21:48:43 [33mWARNING[0m -> [app/dataset/dataset_creator.py.dataset_creator.create_dataset.185]:                                  Ticker FDP has no data or not enough data for window size 1000.
2025-05-03 21:48:43 [31mERROR[0m -> [app/analysis/analysis.py.analysis.analyze.88]:                                                         ANALYZE => (scan) Dataset is None for ticker: FDP
2025-05-03 21:48:48 [33mWARNING[0m -> [app/tickers/tickers_handler.py.tickers_handler.download_data.59]:                                    TICKER HANDLER Data is older than threshold: 1 days 01:48:48.144139
2025-05-03 21:48:48 [33mWARNING[0m -> [app/dataset/dataset_creator.py.dataset_creator.create_dataset.185]:                                  Ticker K has no data or not enough data for window size 1000.
2025-05-03 21:48:48 [31mERROR[0m -> [app/analysis/analysis.py.analysis.analyze.88]:                                                         ANALYZE => (scan) Dataset is None for ticker: K
2025-05-03 21:48:49 [33mWARNING[0m -> [app/tickers/tickers_handler.py.tickers_handler.download_data.59]:                                    TICKER HANDLER Data is older than threshold: 1 days 01:48:49.085618
2025-05-03 21:48:49 [33mWARNING[0m -> [app/dataset/dataset_creator.py.dataset_creator.create_dataset.185]:                                  Ticker CMPO has no data or not enough data for window size 1000.
2025-05-03 21:48:49 [31mERROR[0m -> [app/analysis/analysis.py.analysis.analyze.88]:                                                         ANALYZE => (scan) Dataset is None for ticker: CMPO
2025-05-03 21:48:53 [33mWARNING[0m -> [app/tickers/tickers_handler.py.tickers_handler.download_data.59]:                                    TICKER HANDLER Data is older than threshold: 1 days 01:48:53.336146
2025-05-03 21:48:53 [33mWARNING[0m -> [app/dataset/dataset_creator.py.dataset_creator.create_dataset.185]:                                  Ticker IMAX has no data or not enough data for window size 1000.
2025-05-03 21:48:53 [31mERROR[0m -> [app/analysis/analysis.py.analysis.analyze.88]:                                                         ANALYZE => (scan) Dataset is None for ticker: IMAX
2025-05-03 21:48:53 [33mWARNING[0m -> [app/tickers/tickers_handler.py.tickers_handler.download_data.59]:                                    TICKER HANDLER Data is older than threshold: 1 days 01:48:53.587445
2025-05-03 21:48:53 [33mWARNING[0m -> [app/dataset/dataset_creator.py.dataset_creator.create_dataset.185]:                                  Ticker NWPX has no data or not enough data for window size 1000.
2025-05-03 21:48:53 [31mERROR[0m -> [app/analysis/analysis.py.analysis.analyze.88]:                                                         ANALYZE => (scan) Dataset is None for ticker: NWPX
2025-05-03 21:48:58 [33mWARNING[0m -> [app/tickers/tickers_handler.py.tickers_handler.download_data.59]:                                    TICKER HANDLER Data is older than threshold: 1 days 00:48:58.142882
2025-05-03 21:48:58 [33mWARNING[0m -> [app/dataset/dataset_creator.py.dataset_creator.create_dataset.185]:                                  Ticker ASML has no data or not enough data for window size 1000.
2025-05-03 21:48:58 [31mERROR[0m -> [app/analysis/analysis.py.analysis.analyze.88]:                                                         ANALYZE => (scan) Dataset is None for ticker: ASML
2025-05-03 21:49:02 [33mWARNING[0m -> [app/tickers/tickers_handler.py.tickers_handler.download_data.59]:                                    TICKER HANDLER Data is older than threshold: 0 days 22:49:02.721118
2025-05-03 21:49:02 [33mWARNING[0m -> [app/dataset/dataset_creator.py.dataset_creator.create_dataset.185]:                                  Ticker NOK has no data or not enough data for window size 1000.
2025-05-03 21:49:02 [31mERROR[0m -> [app/analysis/analysis.py.analysis.analyze.88]:                                                         ANALYZE => (scan) Dataset is None for ticker: NOK
2025-05-03 21:49:06 [33mWARNING[0m -> [app/tickers/tickers_handler.py.tickers_handler.download_data.59]:                                    TICKER HANDLER Data is older than threshold: 1 days 01:49:06.936013
2025-05-03 21:49:06 [33mWARNING[0m -> [app/dataset/dataset_creator.py.dataset_creator.create_dataset.185]:                                  Ticker HAIN has no data or not enough data for window size 1000.
2025-05-03 21:49:06 [31mERROR[0m -> [app/analysis/analysis.py.analysis.analyze.88]:                                                         ANALYZE => (scan) Dataset is None for ticker: HAIN
2025-05-03 21:49:11 [33mWARNING[0m -> [app/tickers/tickers_handler.py.tickers_handler.download_data.59]:                                    TICKER HANDLER Data is older than threshold: 0 days 22:49:11.579557
2025-05-03 21:49:11 [33mWARNING[0m -> [app/dataset/dataset_creator.py.dataset_creator.create_dataset.185]:                                  Ticker WBD has no data or not enough data for window size 1000.
2025-05-03 21:49:11 [31mERROR[0m -> [app/analysis/analysis.py.analysis.analyze.88]:                                                         ANALYZE => (scan) Dataset is None for ticker: WBD
2025-05-03 21:49:14 [92mINFO[0m -> [app/alpaca/alpaca_handler.py.alpaca_handler.get_positions.263]:                                         ALPACA =>Fetching positions.
2025-05-03 21:49:14 [92mINFO[0m -> [app/trader/trader.py.trader.monitor_positions.153]:                                                     TRADER => BLDP drawdown = -1.57% (vs high 1.27)
2025-05-03 21:49:15 [33mWARNING[0m -> [app/tickers/tickers_handler.py.tickers_handler.download_data.59]:                                    TICKER HANDLER Data is older than threshold: 1 days 01:49:15.200218
2025-05-03 21:49:15 [33mWARNING[0m -> [app/dataset/dataset_creator.py.dataset_creator.create_dataset.185]:                                  Ticker CWST has no data or not enough data for window size 1000.
2025-05-03 21:49:15 [31mERROR[0m -> [app/analysis/analysis.py.analysis.analyze.88]:                                                         ANALYZE => (scan) Dataset is None for ticker: CWST
2025-05-03 21:49:15 [33mWARNING[0m -> [app/tickers/tickers_handler.py.tickers_handler.download_data.59]:                                    TICKER HANDLER Data is older than threshold: 490 days 21:49:15.255384
2025-05-03 21:49:15 [33mWARNING[0m -> [app/dataset/dataset_creator.py.dataset_creator.create_dataset.185]:                                  Ticker DISH has no data or not enough data for window size 1000.
2025-05-03 21:49:15 [31mERROR[0m -> [app/analysis/analysis.py.analysis.analyze.88]:                                                         ANALYZE => (scan) Dataset is None for ticker: DISH
2025-05-03 21:49:18 [33mWARNING[0m -> [app/tickers/tickers_handler.py.tickers_handler.download_data.59]:                                    TICKER HANDLER Data is older than threshold: 0 days 22:49:18.814538
2025-05-03 21:49:18 [33mWARNING[0m -> [app/dataset/dataset_creator.py.dataset_creator.create_dataset.185]:                                  Ticker BLDP has no data or not enough data for window size 1000.
2025-05-03 21:49:18 [31mERROR[0m -> [app/analysis/analysis.py.analysis.analyze.88]:                                                         ANALYZE => (monitor) Dataset is None for ticker: BLDP
2025-05-03 21:49:18 [92mINFO[0m -> [app/trader/trader.py.trader.monitor_positions.153]:                                                     TRADER => CTOS drawdown = 0.00% (vs high 4.10)
2025-05-03 21:49:25 [33mWARNING[0m -> [app/tickers/tickers_handler.py.tickers_handler.download_data.59]:                                    TICKER HANDLER Data is older than threshold: 1 days 01:49:25.802788
2025-05-03 21:49:25 [33mWARNING[0m -> [app/dataset/dataset_creator.py.dataset_creator.create_dataset.185]:                                  Ticker COP has no data or not enough data for window size 1000.
2025-05-03 21:49:25 [31mERROR[0m -> [app/analysis/analysis.py.analysis.analyze.88]:                                                         ANALYZE => (scan) Dataset is None for ticker: COP
2025-05-03 21:49:25 [33mWARNING[0m -> [app/tickers/tickers_handler.py.tickers_handler.download_data.59]:                                    TICKER HANDLER Data is older than threshold: 1 days 01:49:25.880168
2025-05-03 21:49:25 [33mWARNING[0m -> [app/dataset/dataset_creator.py.dataset_creator.create_dataset.185]:                                  Ticker CTOS has no data or not enough data for window size 1000.
2025-05-03 21:49:25 [31mERROR[0m -> [app/analysis/analysis.py.analysis.analyze.88]:                                                         ANALYZE => (monitor) Dataset is None for ticker: CTOS
2025-05-03 21:49:25 [92mINFO[0m -> [app/trader/trader.py.trader.monitor_positions.153]:                                                     TRADER => EGY drawdown = -0.29% (vs high 3.39)
2025-05-03 21:49:29 [33mWARNING[0m -> [app/tickers/tickers_handler.py.tickers_handler.download_data.59]:                                    TICKER HANDLER Data is older than threshold: 1 days 01:49:29.645687
2025-05-03 21:49:29 [33mWARNING[0m -> [app/dataset/dataset_creator.py.dataset_creator.create_dataset.185]:                                  Ticker CVLT has no data or not enough data for window size 1000.
2025-05-03 21:49:29 [31mERROR[0m -> [app/analysis/analysis.py.analysis.analyze.88]:                                                         ANALYZE => (scan) Dataset is None for ticker: CVLT
2025-05-03 21:49:33 [33mWARNING[0m -> [app/tickers/tickers_handler.py.tickers_handler.download_data.59]:                                    TICKER HANDLER Data is older than threshold: 1 days 01:49:33.071926
2025-05-03 21:49:33 [33mWARNING[0m -> [app/dataset/dataset_creator.py.dataset_creator.create_dataset.185]:                                  Ticker EGY has no data or not enough data for window size 1000.
2025-05-03 21:49:33 [31mERROR[0m -> [app/analysis/analysis.py.analysis.analyze.88]:                                                         ANALYZE => (monitor) Dataset is None for ticker: EGY
2025-05-03 21:49:33 [92mINFO[0m -> [app/trader/trader.py.trader.monitor_positions.153]:                                                     TRADER => HROW drawdown = -0.40% (vs high 25.94)
2025-05-03 21:49:33 [33mWARNING[0m -> [app/tickers/tickers_handler.py.tickers_handler.download_data.59]:                                    TICKER HANDLER Data is older than threshold: 15 days 23:49:33.435140
2025-05-03 21:49:33 [33mWARNING[0m -> [app/dataset/dataset_creator.py.dataset_creator.create_dataset.185]:                                  Ticker CMRX has no data or not enough data for window size 1000.
2025-05-03 21:49:33 [31mERROR[0m -> [app/analysis/analysis.py.analysis.analyze.88]:                                                         ANALYZE => (scan) Dataset is None for ticker: CMRX
2025-05-03 21:49:36 [33mWARNING[0m -> [app/tickers/tickers_handler.py.tickers_handler.download_data.59]:                                    TICKER HANDLER Data is older than threshold: 1 days 00:49:36.892863
2025-05-03 21:49:36 [33mWARNING[0m -> [app/dataset/dataset_creator.py.dataset_creator.create_dataset.185]:                                  Ticker HROW has no data or not enough data for window size 1000.
2025-05-03 21:49:36 [31mERROR[0m -> [app/analysis/analysis.py.analysis.analyze.88]:                                                         ANALYZE => (monitor) Dataset is None for ticker: HROW
2025-05-03 21:49:40 [33mWARNING[0m -> [app/tickers/tickers_handler.py.tickers_handler.download_data.59]:                                    TICKER HANDLER Data is older than threshold: 1 days 01:49:40.781774
2025-05-03 21:49:40 [33mWARNING[0m -> [app/dataset/dataset_creator.py.dataset_creator.create_dataset.185]:                                  Ticker PPL has no data or not enough data for window size 1000.
2025-05-03 21:49:40 [31mERROR[0m -> [app/analysis/analysis.py.analysis.analyze.88]:                                                         ANALYZE => (scan) Dataset is None for ticker: PPL
2025-05-03 21:49:41 [33mWARNING[0m -> [app/tickers/tickers_handler.py.tickers_handler.download_data.59]:                                    TICKER HANDLER Data is older than threshold: 1 days 01:49:41.113320
2025-05-03 21:49:41 [33mWARNING[0m -> [app/dataset/dataset_creator.py.dataset_creator.create_dataset.185]:                                  Ticker USPH has no data or not enough data for window size 1000.
2025-05-03 21:49:41 [31mERROR[0m -> [app/analysis/analysis.py.analysis.analyze.88]:                                                         ANALYZE => (scan) Dataset is None for ticker: USPH
2025-05-03 21:49:49 [33mWARNING[0m -> [app/tickers/tickers_handler.py.tickers_handler.download_data.59]:                                    TICKER HANDLER Data is older than threshold: 0 days 22:49:49.448901
2025-05-03 21:49:49 [33mWARNING[0m -> [app/dataset/dataset_creator.py.dataset_creator.create_dataset.185]:                                  Ticker GOOGL has no data or not enough data for window size 1000.
2025-05-03 21:49:49 [31mERROR[0m -> [app/analysis/analysis.py.analysis.analyze.88]:                                                         ANALYZE => (scan) Dataset is None for ticker: GOOGL
2025-05-03 21:49:53 [33mWARNING[0m -> [app/tickers/tickers_handler.py.tickers_handler.download_data.59]:                                    TICKER HANDLER Data is older than threshold: 1 days 01:49:53.619729
2025-05-03 21:49:53 [33mWARNING[0m -> [app/dataset/dataset_creator.py.dataset_creator.create_dataset.185]:                                  Ticker DAR has no data or not enough data for window size 1000.
2025-05-03 21:49:53 [31mERROR[0m -> [app/analysis/analysis.py.analysis.analyze.88]:                                                         ANALYZE => (scan) Dataset is None for ticker: DAR
2025-05-03 21:49:57 [33mWARNING[0m -> [app/tickers/tickers_handler.py.tickers_handler.download_data.59]:                                    TICKER HANDLER Data is older than threshold: 1 days 01:49:57.755313
2025-05-03 21:49:57 [33mWARNING[0m -> [app/dataset/dataset_creator.py.dataset_creator.create_dataset.185]:                                  Ticker BF.B has no data or not enough data for window size 1000.
2025-05-03 21:49:57 [31mERROR[0m -> [app/analysis/analysis.py.analysis.analyze.88]:                                                         ANALYZE => (scan) Dataset is None for ticker: BF.B
2025-05-03 21:49:58 [33mWARNING[0m -> [app/tickers/tickers_handler.py.tickers_handler.download_data.59]:                                    TICKER HANDLER Data is older than threshold: 1 days 01:49:58.149188
2025-05-03 21:49:58 [33mWARNING[0m -> [app/dataset/dataset_creator.py.dataset_creator.create_dataset.185]:                                  Ticker DXPE has no data or not enough data for window size 1000.
2025-05-03 21:49:58 [31mERROR[0m -> [app/analysis/analysis.py.analysis.analyze.88]:                                                         ANALYZE => (scan) Dataset is None for ticker: DXPE
2025-05-03 21:50:02 [33mWARNING[0m -> [app/tickers/tickers_handler.py.tickers_handler.download_data.59]:                                    TICKER HANDLER Data is older than threshold: 0 days 22:50:02.523275
2025-05-03 21:50:02 [33mWARNING[0m -> [app/dataset/dataset_creator.py.dataset_creator.create_dataset.185]:                                  Ticker AKBA has no data or not enough data for window size 1000.
2025-05-03 21:50:02 [31mERROR[0m -> [app/analysis/analysis.py.analysis.analyze.88]:                                                         ANALYZE => (scan) Dataset is None for ticker: AKBA
2025-05-03 21:50:03 [33mWARNING[0m -> [app/tickers/tickers_handler.py.tickers_handler.download_data.59]:                                    TICKER HANDLER Data is older than threshold: 1 days 01:50:03.068797
2025-05-03 21:50:03 [33mWARNING[0m -> [app/dataset/dataset_creator.py.dataset_creator.create_dataset.185]:                                  Ticker SPXC has no data or not enough data for window size 1000.
2025-05-03 21:50:03 [31mERROR[0m -> [app/analysis/analysis.py.analysis.analyze.88]:                                                         ANALYZE => (scan) Dataset is None for ticker: SPXC
2025-05-03 21:50:06 [33mWARNING[0m -> [app/tickers/tickers_handler.py.tickers_handler.download_data.59]:                                    TICKER HANDLER Data is older than threshold: 1 days 01:50:06.860586
2025-05-03 21:50:06 [33mWARNING[0m -> [app/dataset/dataset_creator.py.dataset_creator.create_dataset.185]:                                  Ticker NTCT has no data or not enough data for window size 1000.
2025-05-03 21:50:06 [31mERROR[0m -> [app/analysis/analysis.py.analysis.analyze.88]:                                                         ANALYZE => (scan) Dataset is None for ticker: NTCT
2025-05-03 21:50:10 [33mWARNING[0m -> [app/tickers/tickers_handler.py.tickers_handler.download_data.59]:                                    TICKER HANDLER Data is older than threshold: 1 days 01:50:10.695728
2025-05-03 21:50:10 [33mWARNING[0m -> [app/dataset/dataset_creator.py.dataset_creator.create_dataset.185]:                                  Ticker FOXF has no data or not enough data for window size 1000.
2025-05-03 21:50:10 [31mERROR[0m -> [app/analysis/analysis.py.analysis.analyze.88]:                                                         ANALYZE => (scan) Dataset is None for ticker: FOXF
2025-05-03 21:50:11 [33mWARNING[0m -> [app/tickers/tickers_handler.py.tickers_handler.download_data.59]:                                    TICKER HANDLER Data is older than threshold: 1 days 01:50:11.997368
2025-05-03 21:50:11 [33mWARNING[0m -> [app/dataset/dataset_creator.py.dataset_creator.create_dataset.185]:                                  Ticker LYV has no data or not enough data for window size 1000.
2025-05-03 21:50:11 [31mERROR[0m -> [app/analysis/analysis.py.analysis.analyze.88]:                                                         ANALYZE => (scan) Dataset is None for ticker: LYV
2025-05-03 21:50:16 [33mWARNING[0m -> [app/tickers/tickers_handler.py.tickers_handler.download_data.59]:                                    TICKER HANDLER Data is older than threshold: 1 days 01:50:16.324527
2025-05-03 21:50:16 [33mWARNING[0m -> [app/dataset/dataset_creator.py.dataset_creator.create_dataset.185]:                                  Ticker KEY has no data or not enough data for window size 1000.
2025-05-03 21:50:16 [31mERROR[0m -> [app/analysis/analysis.py.analysis.analyze.88]:                                                         ANALYZE => (scan) Dataset is None for ticker: KEY
2025-05-03 21:50:20 [33mWARNING[0m -> [app/tickers/tickers_handler.py.tickers_handler.download_data.59]:                                    TICKER HANDLER Data is older than threshold: 1 days 01:50:20.366272
2025-05-03 21:50:20 [33mWARNING[0m -> [app/dataset/dataset_creator.py.dataset_creator.create_dataset.185]:                                  Ticker TW has no data or not enough data for window size 1000.
2025-05-03 21:50:20 [31mERROR[0m -> [app/analysis/analysis.py.analysis.analyze.88]:                                                         ANALYZE => (scan) Dataset is None for ticker: TW
2025-05-03 21:50:20 [33mWARNING[0m -> [app/tickers/tickers_handler.py.tickers_handler.download_data.59]:                                    TICKER HANDLER Data is older than threshold: 1 days 01:50:20.483393
2025-05-03 21:50:20 [33mWARNING[0m -> [app/dataset/dataset_creator.py.dataset_creator.create_dataset.185]:                                  Ticker GHC has no data or not enough data for window size 1000.
2025-05-03 21:50:20 [31mERROR[0m -> [app/analysis/analysis.py.analysis.analyze.88]:                                                         ANALYZE => (scan) Dataset is None for ticker: GHC
2025-05-03 21:50:24 [33mWARNING[0m -> [app/tickers/tickers_handler.py.tickers_handler.download_data.59]:                                    TICKER HANDLER Data is older than threshold: 0 days 22:50:24.987188
2025-05-03 21:50:24 [33mWARNING[0m -> [app/dataset/dataset_creator.py.dataset_creator.create_dataset.185]:                                  Ticker DDOG has no data or not enough data for window size 1000.
2025-05-03 21:50:24 [31mERROR[0m -> [app/analysis/analysis.py.analysis.analyze.88]:                                                         ANALYZE => (scan) Dataset is None for ticker: DDOG
2025-05-03 21:50:28 [33mWARNING[0m -> [app/tickers/tickers_handler.py.tickers_handler.download_data.59]:                                    TICKER HANDLER Data is older than threshold: 1 days 01:50:28.310781
2025-05-03 21:50:28 [33mWARNING[0m -> [app/dataset/dataset_creator.py.dataset_creator.create_dataset.185]:                                  Ticker GHM has no data or not enough data for window size 1000.
2025-05-03 21:50:28 [31mERROR[0m -> [app/analysis/analysis.py.analysis.analyze.88]:                                                         ANALYZE => (scan) Dataset is None for ticker: GHM
2025-05-03 21:50:29 [33mWARNING[0m -> [app/tickers/tickers_handler.py.tickers_handler.download_data.59]:                                    TICKER HANDLER Data is older than threshold: 1 days 01:50:29.561527
2025-05-03 21:50:29 [33mWARNING[0m -> [app/dataset/dataset_creator.py.dataset_creator.create_dataset.185]:                                  Ticker ABT has no data or not enough data for window size 1000.
2025-05-03 21:50:29 [31mERROR[0m -> [app/analysis/analysis.py.analysis.analyze.88]:                                                         ANALYZE => (scan) Dataset is None for ticker: ABT
2025-05-03 21:50:30 [33mWARNING[0m -> [app/tickers/tickers_handler.py.tickers_handler.download_data.59]:                                    TICKER HANDLER Data is older than threshold: 1 days 01:50:30.069967
2025-05-03 21:50:30 [33mWARNING[0m -> [app/dataset/dataset_creator.py.dataset_creator.create_dataset.185]:                                  Ticker OFLX has no data or not enough data for window size 1000.
2025-05-03 21:50:30 [31mERROR[0m -> [app/analysis/analysis.py.analysis.analyze.88]:                                                         ANALYZE => (scan) Dataset is None for ticker: OFLX
2025-05-03 21:50:34 [33mWARNING[0m -> [app/tickers/tickers_handler.py.tickers_handler.download_data.59]:                                    TICKER HANDLER Data is older than threshold: 1 days 01:50:34.003834
2025-05-03 21:50:34 [33mWARNING[0m -> [app/dataset/dataset_creator.py.dataset_creator.create_dataset.185]:                                  Ticker BARK has no data or not enough data for window size 1000.
2025-05-03 21:50:34 [31mERROR[0m -> [app/analysis/analysis.py.analysis.analyze.88]:                                                         ANALYZE => (scan) Dataset is None for ticker: BARK
2025-05-03 21:50:36 [92mINFO[0m -> [app/alpaca/alpaca_handler.py.alpaca_handler.get_positions.263]:                                         ALPACA =>Fetching positions.
2025-05-03 21:50:36 [92mINFO[0m -> [app/trader/trader.py.trader.monitor_positions.153]:                                                     TRADER => BLDP drawdown = -1.57% (vs high 1.27)
2025-05-03 21:50:41 [33mWARNING[0m -> [app/tickers/tickers_handler.py.tickers_handler.download_data.59]:                                    TICKER HANDLER Data is older than threshold: 0 days 22:50:41.118425
2025-05-03 21:50:41 [33mWARNING[0m -> [app/dataset/dataset_creator.py.dataset_creator.create_dataset.185]:                                  Ticker BLDP has no data or not enough data for window size 1000.
2025-05-03 21:50:41 [31mERROR[0m -> [app/analysis/analysis.py.analysis.analyze.88]:                                                         ANALYZE => (monitor) Dataset is None for ticker: BLDP
2025-05-03 21:50:41 [92mINFO[0m -> [app/trader/trader.py.trader.monitor_positions.153]:                                                     TRADER => CTOS drawdown = 0.00% (vs high 4.10)
2025-05-03 21:50:44 [33mWARNING[0m -> [app/tickers/tickers_handler.py.tickers_handler.download_data.59]:                                    TICKER HANDLER Data is older than threshold: 0 days 22:50:44.611588
2025-05-03 21:50:44 [33mWARNING[0m -> [app/dataset/dataset_creator.py.dataset_creator.create_dataset.185]:                                  Ticker LLY has no data or not enough data for window size 1000.
2025-05-03 21:50:44 [31mERROR[0m -> [app/analysis/analysis.py.analysis.analyze.88]:                                                         ANALYZE => (scan) Dataset is None for ticker: LLY
2025-05-03 21:50:48 [33mWARNING[0m -> [app/tickers/tickers_handler.py.tickers_handler.download_data.59]:                                    TICKER HANDLER Data is older than threshold: 1 days 01:50:48.042046
2025-05-03 21:50:48 [33mWARNING[0m -> [app/dataset/dataset_creator.py.dataset_creator.create_dataset.185]:                                  Ticker CTOS has no data or not enough data for window size 1000.
2025-05-03 21:50:48 [31mERROR[0m -> [app/analysis/analysis.py.analysis.analyze.88]:                                                         ANALYZE => (monitor) Dataset is None for ticker: CTOS
2025-05-03 21:50:48 [92mINFO[0m -> [app/trader/trader.py.trader.monitor_positions.153]:                                                     TRADER => EGY drawdown = -0.29% (vs high 3.39)
2025-05-03 21:50:48 [33mWARNING[0m -> [app/tickers/tickers_handler.py.tickers_handler.download_data.59]:                                    TICKER HANDLER Data is older than threshold: 0 days 23:50:48.516201
2025-05-03 21:50:48 [33mWARNING[0m -> [app/dataset/dataset_creator.py.dataset_creator.create_dataset.185]:                                  Ticker HEPS has no data or not enough data for window size 1000.
2025-05-03 21:50:48 [31mERROR[0m -> [app/analysis/analysis.py.analysis.analyze.88]:                                                         ANALYZE => (scan) Dataset is None for ticker: HEPS
2025-05-03 21:50:51 [33mWARNING[0m -> [app/tickers/tickers_handler.py.tickers_handler.download_data.59]:                                    TICKER HANDLER Data is older than threshold: 1 days 01:50:51.792244
2025-05-03 21:50:51 [33mWARNING[0m -> [app/dataset/dataset_creator.py.dataset_creator.create_dataset.185]:                                  Ticker MSB has no data or not enough data for window size 1000.
2025-05-03 21:50:51 [31mERROR[0m -> [app/analysis/analysis.py.analysis.analyze.88]:                                                         ANALYZE => (scan) Dataset is None for ticker: MSB
2025-05-03 21:50:52 [33mWARNING[0m -> [app/tickers/tickers_handler.py.tickers_handler.download_data.59]:                                    TICKER HANDLER Data is older than threshold: 0 days 22:50:52.000625
2025-05-03 21:50:52 [33mWARNING[0m -> [app/dataset/dataset_creator.py.dataset_creator.create_dataset.185]:                                  Ticker NYXH has no data or not enough data for window size 1000.
2025-05-03 21:50:52 [31mERROR[0m -> [app/analysis/analysis.py.analysis.analyze.88]:                                                         ANALYZE => (scan) Dataset is None for ticker: NYXH
2025-05-03 21:50:52 [33mWARNING[0m -> [app/tickers/tickers_handler.py.tickers_handler.download_data.59]:                                    TICKER HANDLER Data is older than threshold: 1 days 01:50:52.251856
2025-05-03 21:50:52 [33mWARNING[0m -> [app/dataset/dataset_creator.py.dataset_creator.create_dataset.185]:                                  Ticker EGY has no data or not enough data for window size 1000.
2025-05-03 21:50:52 [31mERROR[0m -> [app/analysis/analysis.py.analysis.analyze.88]:                                                         ANALYZE => (monitor) Dataset is None for ticker: EGY
2025-05-03 21:50:52 [92mINFO[0m -> [app/trader/trader.py.trader.monitor_positions.153]:                                                     TRADER => HROW drawdown = -0.40% (vs high 25.94)
2025-05-03 21:50:59 [33mWARNING[0m -> [app/tickers/tickers_handler.py.tickers_handler.download_data.59]:                                    TICKER HANDLER Data is older than threshold: 1 days 01:50:59.089447
2025-05-03 21:50:59 [33mWARNING[0m -> [app/dataset/dataset_creator.py.dataset_creator.create_dataset.185]:                                  Ticker AON has no data or not enough data for window size 1000.
2025-05-03 21:50:59 [31mERROR[0m -> [app/analysis/analysis.py.analysis.analyze.88]:                                                         ANALYZE => (scan) Dataset is None for ticker: AON
2025-05-03 21:50:59 [33mWARNING[0m -> [app/tickers/tickers_handler.py.tickers_handler.download_data.59]:                                    TICKER HANDLER Data is older than threshold: 1 days 00:50:59.099357
2025-05-03 21:50:59 [33mWARNING[0m -> [app/dataset/dataset_creator.py.dataset_creator.create_dataset.185]:                                  Ticker HROW has no data or not enough data for window size 1000.
2025-05-03 21:50:59 [31mERROR[0m -> [app/analysis/analysis.py.analysis.analyze.88]:                                                         ANALYZE => (monitor) Dataset is None for ticker: HROW
2025-05-03 21:51:03 [33mWARNING[0m -> [app/tickers/tickers_handler.py.tickers_handler.download_data.59]:                                    TICKER HANDLER Data is older than threshold: 0 days 23:51:03.200551
2025-05-03 21:51:03 [33mWARNING[0m -> [app/dataset/dataset_creator.py.dataset_creator.create_dataset.185]:                                  Ticker HYLN has no data or not enough data for window size 1000.
2025-05-03 21:51:03 [31mERROR[0m -> [app/analysis/analysis.py.analysis.analyze.88]:                                                         ANALYZE => (scan) Dataset is None for ticker: HYLN
2025-05-03 21:51:04 [33mWARNING[0m -> [app/tickers/tickers_handler.py.tickers_handler.download_data.59]:                                    TICKER HANDLER Data is older than threshold: 1 days 01:51:04.202069
2025-05-03 21:51:04 [33mWARNING[0m -> [app/dataset/dataset_creator.py.dataset_creator.create_dataset.185]:                                  Ticker TTC has no data or not enough data for window size 1000.
2025-05-03 21:51:04 [31mERROR[0m -> [app/analysis/analysis.py.analysis.analyze.88]:                                                         ANALYZE => (scan) Dataset is None for ticker: TTC
2025-05-03 21:51:08 [33mWARNING[0m -> [app/tickers/tickers_handler.py.tickers_handler.download_data.59]:                                    TICKER HANDLER Data is older than threshold: 1 days 01:51:08.396796
2025-05-03 21:51:08 [33mWARNING[0m -> [app/dataset/dataset_creator.py.dataset_creator.create_dataset.185]:                                  Ticker TRGP has no data or not enough data for window size 1000.
2025-05-03 21:51:08 [31mERROR[0m -> [app/analysis/analysis.py.analysis.analyze.88]:                                                         ANALYZE => (scan) Dataset is None for ticker: TRGP
2025-05-03 21:51:12 [33mWARNING[0m -> [app/tickers/tickers_handler.py.tickers_handler.download_data.59]:                                    TICKER HANDLER Data is older than threshold: 1 days 01:51:12.506985
2025-05-03 21:51:12 [33mWARNING[0m -> [app/dataset/dataset_creator.py.dataset_creator.create_dataset.185]:                                  Ticker SWTX has no data or not enough data for window size 1000.
2025-05-03 21:51:12 [31mERROR[0m -> [app/analysis/analysis.py.analysis.analyze.88]:                                                         ANALYZE => (scan) Dataset is None for ticker: SWTX
